dates,tcc,uas,vas,tas,tdps,rsds,rlds,tp
1993-05-01,0.142040090054251,-1.43228919586287,1.19173277486001,15.3094370158328,5.83708708310978,190.250420839635,326.754954034738,10.4547537408489
1993-05-02,0.715105966095678,-1.65274317618355,1.57402806284697,14.4801747465124,11.4877047883782,112.543903886618,349.45554238689,8.88244595360821
1993-05-03,0.893005888494404,-0.11395697110079,0.822408324782913,11.989948071829,9.95613209473598,201.215077382349,290.562263203015,0
1993-05-04,0.44186442024089,-0.0871168442091359,-3.77468713310208,8.46821030349919,-1.45874790208269,155.453868387282,283.944580006749,0
1993-05-05,0.808715177953699,-1.72906920408452,-3.15707462739091,5.7127509454365,-0.579464261912633,78.1306077015431,333.727948156348,10.5757401505193
1993-05-06,0.924519763190793,-1.55297275268566,-3.08358119867994,8.67718668077522,5.88796750276431,98.3498776422263,354.089075903133,11.8518780274753
1993-05-07,0.769724509417962,-2.1755571350904,-0.140344038511859,13.1234989675066,11.1497732553859,231.827591524298,318.632327295081,1.87518630884416
1993-05-08,0.419271707638636,-2.35714859294532,-0.693115196233479,15.6430122531399,12.2071167963507,267.846215606508,301.811384172419,0
1993-05-09,0.166753537953629,-1.91228186039235,-0.208466827700371,15.747882534722,9.48238217477479,288.284979842655,291.481167855769,0
1993-05-10,0,-0.364074012350336,0.214745096559516,16.5248395537049,10.8294219908849,286.275323083525,296.895237204034,0
1993-05-11,0.00563828409823365,0.177279763090241,0.0141408083148235,16.8746012493624,10.4663759506718,281.902626581662,297.441631442633,0
1993-05-12,0.0425418814838211,0.475016431062111,1.19665991669344,16.1572888130964,9.44587222965696,288.147686019535,287.160792315533,0
1993-05-13,0.573083422963298,0.779233994996337,2.56002688774191,14.9915044779552,8.29019531197671,270.102489063821,288.014979116562,0
1993-05-14,0.460034533960142,1.15893553759085,3.19005817986557,13.9513230221615,6.54108590583048,273.733734451511,289.781600913388,0
1993-05-15,0.96920576796977,0.351043293484302,1.57746238423524,14.2770647415149,7.00507503562486,264.199957825258,312.84400337772,0
1993-05-16,0.408580117132476,-0.430477582138375,0.723235999386078,16.8751354238881,10.4326273396908,301.854235274215,297.346363711851,0
1993-05-17,0.0819448976152524,-2.30235068264428,-0.0289915584210572,17.7857226383725,7.46334968455717,171.420042982526,356.922202587241,16.5491492637027
1993-05-18,0.917131664059993,-2.55456143787532,-2.21999089214578,16.4641176794876,13.4075551998874,49.4252016049402,371.059829793205,1.85828047730946
1993-05-19,0.977328604309347,-2.48682717042908,-3.33245423905167,13.1225722899018,10.2714267918011,104.137644188786,363.937136317019,0
1993-05-20,0.92945621763255,-2.67856686198031,-2.02804815422434,14.8452115050677,9.96239105364155,50.188703365838,334.726840367686,4.39682449969347
1993-05-21,0.765585175040118,-2.63609014275118,-3.84638331611858,6.88202108783549,1.66780877383426,248.256894136573,278.559425423034,0
1993-05-22,0.659750542037027,-3.07916171740441,-2.11391254549551,9.19635598892413,-1.9547890463196,69.5997006716296,316.381267539754,12.8128692096532
1993-05-23,0.990909606722764,-4.44208509331461,-3.48025539121291,4.64473725416649,-0.168020966362305,64.8140438606012,317.943735725026,13.5110095436546
1993-05-24,0.991321559755069,-0.803033104492188,-4.48199334911536,2.60092765867906,0.609848788485507,233.816578730774,287.860681871728,0
1993-05-25,0.493498445740985,0.928320880016873,0.876068360179812,8.54732318856626,2.2302547326142,147.832567909112,316.37663245116,8.40660221933387
1993-05-26,0.898297682786793,-3.24424836174298,1.58293017158792,9.31585303579404,4.48054616682891,50.188703365838,352.578983447076,9.86895502252791
1993-05-27,0.996019710770774,-2.31698977938938,-1.34001894697362,9.08879450252944,7.60056798920467,47.1819135382263,356.577892315339,1.87916155551592
1993-05-28,0.99427357730197,-1.35520055813239,-2.46470886282391,9.58745685464913,7.57730240054614,133.317149834512,336.672332890042,1.7682035512361
1993-05-29,0.990807894236029,-0.94544047035016,-2.04601804152547,12.3671633110035,7.42861482403399,230.01142431751,318.635386170541,0
1993-05-30,0.772688933150913,0.180378180317597,1.11757085106774,14.0722176118996,8.39452457272443,240.215222126631,335.93559117716,1.51170414755661
1993-05-31,0.870638132351897,0.991681997185076,1.92580591971614,15.5154980524736,10.9862750317525,265.049376779981,309.434814628198,0
1993-06-01,0.373482052205562,2.89061905704634,-1.64154263941948,15.0978976700173,5.09375713640026,306.799447123477,259.626560905972,0
1993-06-02,0.108845895531468,2.3966890413171,-2.89871094544965,10.0627221885336,-2.2935055910716,235.118932327938,281.426761269188,0
1993-06-03,0.701290676138977,1.47076064701726,-2.23057296701168,10.1173238092456,-0.62487145231827,309.992019322785,276.667222404515,0
1993-06-04,0.404033460818727,1.51986510098751,0.988050686120593,11.616023042391,1.53056693122241,304.202913041989,274.506391958348,0
1993-06-05,0.142709735298879,2.79141269589551,-2.12001737348817,12.794351083563,0.863485710570003,284.702051079262,280.485628939665,0
1993-06-06,0.424945827394095,0.417062761242056,0.341657879943447,12.2989677321255,3.20879759467453,270.710947165893,311.950791074833,0
1993-06-07,0.508912404561202,1.0747730115789,3.56414833667082,13.8945153824411,9.26036311374914,288.345616027164,313.164918711804,2.9920720092365
1993-06-08,0.375959088147437,0.840056118264531,-0.391538427586198,15.3480954394944,9.08914956893356,250.377600898409,312.365529605173,0
1993-06-09,0.730819225536372,-0.354915151944797,0.115157443456767,13.4155934351407,4.81891947305651,123.411204646003,342.078708823698,4.01740730717387
1993-06-10,0.959079444585362,-0.232612484963899,2.70060768874789,13.5084316668301,10.5398626053797,220.161757768574,330.480192592137,1.6199659480952
1993-06-11,0.325043755642324,2.79141269589551,3.04390300682762,13.9939359279663,7.68680682637073,317.066435965011,275.866840887806,0
1993-06-12,0.335343954958012,0.862609870143079,-2.09974464551477,13.0318220198967,1.66780877383426,286.371114636066,295.764640153588,0
1993-06-13,0.844725654480101,-0.225359263253441,1.39678913509376,13.1755259863572,3.55425163276767,147.173476830186,332.381348402953,1.21011805340154
1993-06-14,0.78939579210471,-0.371434836022463,0.913621753333297,12.769703369074,7.80807325493511,88.3889526263904,349.690956598051,11.2169980725505
1993-06-15,0.992359067549341,-2.06638680805993,0.431960956134182,13.4635077559816,11.3663013971605,48.3281305850964,361.194412827617,6.43774348794025
1993-06-16,0.954328993454851,-2.07723333076842,-3.32728525194721,10.8858809011579,8.81695641078572,77.5266691838862,355.723825726633,3.21646202740695
1993-06-17,0.989037510934452,-2.53424486182639,-3.31396669565765,12.468144386528,8.132869898648,39.9725221587272,352.578983447076,17.446716612456
1993-06-18,0.979857230279887,-1.10423202897234,-2.20530931509241,10.4928808879238,9.14927855512295,169.281065547034,327.016234560859,0
1993-06-19,0.761716162486674,0.543642738673763,0.194229802170833,12.1762366162221,8.49542040227144,240.622418273261,311.402086909835,0
1993-06-20,0.786711856928718,-2.16864007526775,0.428687369388639,14.392737452394,7.20588659178888,285.018283796301,308.981506481734,6.97269608791995
1993-06-21,0.769210630866399,-1.09100785811938,1.18552014803729,14.3447198257606,7.23367291326632,49.6586576497315,355.259512576508,16.5317847926751
1993-06-22,0.93474863833819,-0.882127639514605,-2.70645252742361,11.1440651955271,9.96360295357784,280.298501603737,310.029043247265,0
1993-06-23,0.40368467939015,0.421622601365299,-0.32305500844195,15.5342727185437,9.19572285887749,290.057703539879,325.269654433804,0
1993-06-24,0.784274507304026,0.85116170873485,2.61855209830997,18.0743284534762,12.3436888163241,239.399509824635,352.136027021551,0
1993-06-25,0.8698467910204,2.96552616604596,-0.0449332184405375,20.6792251219329,13.7129938417158,324.492640575509,313.756643151867,0
1993-06-26,0.358209103833882,1.06943010418145,-0.762801553660216,20.2173827092032,11.3119343576412,266.816282525763,338.885299061726,0
1993-06-27,0.318615021874924,-1.91228186039235,-0.96712183397988,18.0172874974347,11.4440401633136,228.123031812246,337.470744524458,0
1993-06-28,0.372981716817166,0.365956717911725,0.328144254216977,18.0040228623328,11.769911748892,319.136037000935,321.843057872255,0
1993-06-29,0.611080761814246,1.02029485099513,3.58642252350248,19.7019355394788,12.4093953282595,323.583233257207,316.608351214054,0
1993-06-30,0.245400367489343,0.891411573981078,3.68777679921396,19.6579041317479,12.0898809252403,304.980050671356,323.540991560824,0
1993-07-01,0.350178146288919,1.09708578389921,3.22517826432737,20.3876552362747,13.1938845526478,302.187567304352,308.471120425374,0
1993-07-02,0.493451692153327,2.80071741819029,-0.239467190599197,18.0315415399209,6.12115268995675,237.855635281748,352.43974310409,0
1993-07-03,0.708823427698027,2.84932542573335,3.83239293095333,20.717637208517,14.1053298080897,286.080821570695,317.618701307871,0
1993-07-04,0.367541373252231,0.394710100167057,-2.16171139056071,19.0369409466864,7.0824651986053,325.106652012796,285.247864564803,0
1993-07-05,0.00563828409823365,-0.515670714254625,0.323191134141722,15.894007039363,5.06236504815193,288.725314846665,316.022327172085,0
1993-07-06,0.438982015571249,-0.905139332204619,1.4636526697436,19.3694907994655,10.2319683240663,116.290355113874,361.972766299561,4.87890729411376
1993-07-07,0.997669669271203,-1.79750426719733,-0.990213864044358,17.4074701132364,12.3945027489844,192.774174542015,361.428226164036,0
1993-07-08,0.686200074039407,0.274431361852304,-0.419360520894299,20.7162431820967,14.5226729866043,234.574212896418,348.365613327614,0
1993-07-09,0.312677687820114,0.417542020974669,-1.96533238099975,20.795492343181,12.3631419503674,226.292955960761,316.0279957084,0
1993-07-10,0.454389222129452,0.791065897248048,-2.54299573842456,16.0351649019638,4.82638591461128,267.673235796817,304.029705261356,0
1993-07-11,0.364123434935096,1.12188927005475,-1.65410046115563,16.1519913608297,3.36157509787169,281.359300531623,302.352938139017,0
1993-07-12,0.540735673385357,0.573650824692678,1.54947787147427,16.4052013151795,6.86130953096995,173.581952938787,346.667144945111,2.20818798605521
1993-07-13,0.369261421215502,2.96638871924453,3.06175267570776,17.8695090354844,10.4689043452297,323.613345386826,293.806650601421,0
1993-07-14,0.255134206872573,1.06857820004547,1.50137286855546,18.2993739424579,7.51361662932332,288.309029281966,324.127345691886,0
1993-07-15,0.400114972825989,0.71909201390466,1.64103282509694,18.4546659556503,10.9165103189197,288.244904015107,322.720565169042,0
1993-07-16,0.296228211849305,1.5396166160241,3.02790332006936,18.4499011314053,10.4808867769285,200.096139306371,335.867556164448,2.28113339641094
1993-07-17,0.403081015221003,1.36916104872315,4.42572086386823,16.846836432016,11.2266955792912,281.011432771155,304.267950113431,0
1993-07-18,0.262493174655786,2.42348070557083,2.95582187129097,16.6594905600287,7.94687917928765,294.938077895789,296.803605812835,0
1993-07-19,0.309600623669997,1.49757055287576,1.47728973548236,16.8012610112097,5.42786359078049,272.997932519467,309.461721140596,0
1993-07-20,0.681917086221561,1.40767287015808,2.93363405816935,16.9074782438037,6.77648956682286,81.393007839542,359.793570579398,14.8700462179825
1993-07-21,0.819684268979249,0.23506485702496,1.0035528053723,14.0094126890426,12.0189346079394,237.142348463867,313.439084547499,0
1993-07-22,0.589440607286782,0.103330794054977,-0.364180863080909,15.532867610497,8.55516464457435,187.726703679158,331.333585612217,3.01362092577921
1993-07-23,0.727584468966001,-0.747860100230494,-2.38307862920622,14.3698648683239,6.5395252232578,240.068604347632,312.367926271859,0
1993-07-24,0.686649578740328,-0.105906992304287,-0.00588910969944181,13.5681682626644,4.14896293964187,112.523014049977,334.489750965791,12.2558839104964
1993-07-25,0.707740099286951,0.403936432495617,2.14337278614469,12.4697689012086,10.3157318352445,143.821284340443,337.522809869934,1.99911688087162
1993-07-26,0.739345944239216,0.0057548045655087,-0.158235353965631,14.1743863394106,10.5005711875882,211.166381294026,317.745028816682,4.00092680611139
1993-07-27,0.615157005874656,0.155456037142397,-0.957833754941031,14.9049889480244,9.82669976997657,255.43351599398,303.477052123253,0
1993-07-28,0.314268222559815,0.604219935707638,-0.0046867726951201,16.0772694540539,8.18858274313084,224.030998746395,320.976547056059,0
1993-07-29,0.602229323676409,1.29709435822871,3.13479974823191,16.1910467972623,10.4478145704799,253.264599542365,311.960367712293,5.70891514039769
1993-07-30,0.459242660143242,2.92868134801339,1.92372287150346,16.5814982568996,8.73246437790004,235.349763046552,314.229864790758,0
1993-07-31,0.577152903285413,-0.256910984362041,1.50491253372578,16.2203303623694,9.86874121170853,241.636830394716,333.479926082478,0
1993-08-01,0.320324486114897,-0.890247987881656,1.15596038897114,19.1133355821469,12.2912526237379,224.035034045606,357.056928440597,6.65532257547313
1993-08-02,0.686649578740328,-1.31874148142758,1.8878475129449,20.4897933342307,14.9356798324023,202.441922575918,355.348953546611,1.26203852489245
1993-08-03,0.598307375608544,1.47385673079125,3.7530799234641,17.8236167467523,12.7742663037667,263.410936239701,300.226606382185,0
1993-08-04,0.0684914424701039,1.79839947701275,0.296394938216506,17.3582435918946,8.873558425537,250.53663391678,299.648862805406,0
1993-08-05,0.141929039164842,1.02166784439035,-0.0702153109436213,17.4794639656559,8.5201296990385,260.585409661753,306.916866702233,0
1993-08-06,0.168214335438948,-0.1080035441659,1.50174400378824,17.4214485594438,10.4515605977276,236.105582581593,318.48301170292,0
1993-08-07,0.597061121437097,-0.146587441335302,2.05749360142049,17.0523272208828,11.0586792811845,135.238579514448,354.270272555498,3.95706753833602
1993-08-08,0.913067095415488,-1.66557225747159,1.03929369749864,19.373325577473,12.5093681755851,58.5107532535607,384.003962972027,18.9782607984687
1993-08-09,0.981350244803813,-2.01150539190352,1.21136988737237,17.3367193643131,16.050205556991,44.9731280106432,386.422482253214,11.0957161659938
1993-08-10,0.907292850377153,-0.0178245458348516,1.38731581275106,17.0491822840624,15.7431820213216,199.037745584857,347.840158041743,0
1993-08-11,0.360666223536179,0.986832114866956,3.13479974823191,17.3395530570085,13.4675153676605,104.672304072424,349.790794318815,15.8851737855116
1993-08-12,0.755559472006824,-0.645856857751497,2.31957200644292,15.0090761523737,13.0935313827799,96.8685165796447,337.451468263638,3.74929350734084
1993-08-13,0.738806725328297,2.53130410617574,0.561907935344725,12.1627382382747,7.23815029697502,177.393150747885,324.976968807559,0
1993-08-14,0.720566225742581,0.0155737055490699,2.05749360142049,14.8552508616657,10.0210530949456,89.3519924750485,355.567957583572,10.2868818414892
1993-08-15,0.961265969120838,-2.27721741942581,1.18552014803729,15.1524002933882,13.0908387099438,82.9571833111301,361.305765297317,17.6863949670559
1993-08-16,0.951263382807344,-3.40810484462261,-1.76067196230866,14.4801747465124,12.5115208447392,98.3498776422263,356.508347323653,7.81216821328772
1993-08-17,0.941907177676932,-2.25946899302876,-1.92079831984942,13.6332377779702,11.8636997061546,130.613838740214,340.528398883331,0
1993-08-18,0.86536041675599,-0.62777059196617,-1.2503078844983,14.8664256535541,10.6154315305621,132.522409782175,345.113693077205,0
1993-08-19,0.667050220475427,-0.651754949072132,-1.33447412102884,15.7407307093842,9.91528839359422,156.62959253139,336.594096578336,7.26091888767643
1993-08-20,0.777289003847405,0.282078820258784,0.330530446946919,15.5475205929724,11.980744336572,206.973837046027,333.551481402094,0
1993-08-21,0.225599611493986,0.687087204191917,0.113543756204159,17.7046441816528,13.6618998189748,219.773760298287,335.984382514284,0
1993-08-22,0.527289397222171,0.319844155299242,1.38731581275106,19.1730751492926,15.0468076965444,224.035034045606,327.321986468793,0
1993-08-23,0.145313067135136,0.454333699548121,2.39734226548106,19.1318590273957,14.9429135702919,152.198983002008,349.700869331916,4.25853084289237
1993-08-24,0.869902678587221,0.279931829105693,1.95548001431277,16.7660110355229,13.4999070372493,71.8122387776539,361.945748495993,10.4547537408489
1993-08-25,0.955077474453311,0.159967923704332,-2.19414420863218,13.51312097056,11.7188041505554,82.7155054722749,360.232446758013,2.46563690514889
1993-08-26,0.931473358240778,0.0777471449220231,-0.446841852749648,15.2761005948003,11.9086790132989,107.795619339282,364.099891047403,0
1993-08-27,0.856855398067887,0.933905009163101,3.90859192673164,16.4906404170009,13.3611713001345,128.801569638907,348.97528538456,5.08745496469899
1993-08-28,0.826306266711726,2.02359644027643,4.19069731441777,16.0636323137868,12.8558195458205,159.372657290562,332.107699765883,0
1993-08-29,0.635337160745003,0.0306431678083917,1.58274128639006,16.8491245174526,12.606221601,155.886152083847,359.777462907119,2.4761269323691
1993-08-30,0.758439945878777,-2.4176064791576,1.22980436355343,19.2574061642719,15.093109863781,95.2527811196745,375.852503882636,9.27956024640162
1993-08-31,0.961441490674465,-2.38697759922527,1.83160671387577,19.5592458655434,16.6941389840379,23.4087085173382,380.786052733016,21.0482631661269
1994-05-01,0.195575700186319,0.785423055850523,-0.428290362398801,6.43360437765844,-1.19582488795764,274.675682270981,256.155047748866,0
1994-05-02,0.427204674694583,-0.443960234154631,1.00419629123146,7.92625747976179,1.57831834426473,248.401864771317,275.74484999657,0
1994-05-03,0.441107391637915,0.0670758613603464,1.8165027956306,8.17708190399253,3.14694918205284,153.360200825098,300.669774431917,0
1994-05-04,0.703741048779761,-2.46179910262038,0.25884762020934,9.18295530132194,2.96952563607526,260.585409661753,269.190579225204,0
1994-05-05,0.35486896410078,-2.43439648448651,0.310258905006648,9.0786844209981,0.54479668907303,282.651033494322,262.230598055844,0
1994-05-06,0.0544936283836973,0.429381493861654,0.506275431187037,9.2636693803971,2.35120179053754,266.549411966426,278.099384276118,0
1994-05-07,0.289279247520239,-1.52114782560033,0.0424259108961564,11.1408367449942,2.74615360116017,220.420783357821,295.855977234103,0
1994-05-08,0.449067096209377,0.365591135282419,-0.990183634764197,12.0846556945357,4.03073776587849,210.145943850392,296.733130669571,0
1994-05-09,0.758562098997126,-2.71442696261059,-1.81754932341868,10.2929380531098,1.56288371839273,230.768683655744,288.55009966631,0
1994-05-10,0.66681977216522,-1.78415976531092,-1.92576649415173,9.16054404932269,-0.670781631156028,230.615410973157,289.97732147455,0
1994-05-11,0.470257184403517,-1.43228919586287,-0.714542767987331,9.7372405913416,3.1233598145932,223.205027839567,296.966076007839,3.7057861849863
1994-05-12,0.53622534528008,-0.251775818856936,-0.44936594223808,10.0627221885336,5.50065619666504,230.188848836965,300.961461471292,1.7687169178317
1994-05-13,0.53152879314067,0.0330694082328814,0.540929950275957,9.64221350384533,6.29641726325368,249.212434586962,284.917150501952,0
1994-05-14,0.790026408339622,-0.0726704975862757,2.89223266006166,9.03533504624924,4.03073776587849,222.952517212492,304.66509438511,1.2071548243388
1994-05-15,0.809871735525874,-2.08761907274605,0.809466970984989,10.9729456214521,2.61093221238528,37.0855257261696,340.887947008296,22.0139731281407
1994-05-16,0.993318709836695,-1.22977385998829,-3.3120238262211,7.48367785485076,5.47773639458166,172.152475542512,314.012911647792,0
1994-05-17,0.862714038698009,-0.412962646107886,2.77383401645396,9.87046310941452,5.54707508934354,218.984194210526,312.822285696829,8.0266873375968
1994-05-18,0.669009600477056,-0.703998306602729,2.33394882765429,10.8718520383447,7.79192650056749,226.353339677539,292.520700997464,2.93336960598963
1994-05-19,0.466286042262933,1.50367636938711,3.70650457540459,8.56857285546928,3.05753912405529,270.538914022775,267.709048144563,0
1994-05-20,0.650544995353247,2.61183566589812,2.86333337425923,9.31304786715284,1.24969458036897,128.083999693495,335.644761713273,1.41737959997815
1994-05-21,0.916991427126232,1.21268976735328,4.19069731441777,10.3460690284345,7.22474048171289,119.749205458786,329.731270130372,2.75867692701905
1994-05-22,0.610820104975456,1.84987338894128,4.42572086386823,10.0627221885336,6.95360972419472,293.850774779786,275.455811485482,0
1994-05-23,0.0725404029773895,4.25456055853213,2.48982537384115,12.0397339347735,3.50368260919304,288.345616027164,268.54488360475,0
1994-05-24,0.0964661892405329,3.83377836556173,-0.292288209580618,11.0052591658582,0.201619785078439,311.034063592936,264.792037403036,0
1994-05-25,0.545960188711043,0.824446323364946,-0.737474372752785,10.3257689718316,0.54479668907303,268.541282031639,287.884120503922,0
1994-05-26,0.429681948985016,-0.0306829764088951,1.02673399379979,10.2506232909878,2.02676620258229,233.298018669116,277.334029771591,4.56164335792986
1994-05-27,0.273499552624701,0.6357303740973,-2.81081128699869,9.11088914111341,2.02013818853357,237.116694828724,298.164974614337,2.65155266033247
1994-05-28,0.989511965907593,0.725859577553327,4.92878051702842,11.4889500192844,4.13973137727518,230.615410973157,340.526040648832,5.31689933694935
1994-05-29,0.606565697126031,2.90348759196524,3.92800146811937,12.8478987314042,8.85320764016514,281.111989104245,269.753480856819,1.36320237249972
1994-05-30,0.124615174977633,3.23391319835763,-2.91761415050492,9.62673385415604,-2.13616935721171,333.453211378904,252.773372484083,0
1994-05-31,0.53526596235661,0.457636775576064,0.359261088476406,9.13565006838601,-2.2934644191199,118.058037032456,326.262295601715,13.5513619992679
1994-06-01,0.958357836758198,-1.52902330949324,1.04199915652747,8.54732318856626,4.9261250436604,152.998331467865,318.840171906861,8.33861948361457
1994-06-02,0.982462851009931,0.0259282063132163,-3.46805069629271,9.09808214514333,0.608846086817507,290.809763678122,276.005621570964,0
1994-06-03,0.503412598893143,1.50882205064944,-1.51083668366956,9.80131314485829,-1.25173138542323,267.259843926714,272.036221648242,1.84462264180135
1994-06-04,0.307220682827553,0.691089008410975,-2.27356361273542,9.2760245754214,-0.131290251030105,217.378093432777,310.596698169358,0
1994-06-05,0.995632916729793,0.862609870143079,3.83662514505971,11.2892186251067,5.67219377846205,33.3986883159556,354.418086884221,15.5910218024523
1994-06-06,0.983017172113436,-1.0156794395383,2.68642634199276,9.6088192677983,8.93938941201243,231.758211097362,321.754283219744,1.49895147883785
1994-06-07,0.555198549502783,0.982519565902009,1.0474746672567,11.6473862651255,7.14419599056474,171.457379213136,318.592686620712,3.03552319721154
1994-06-08,0.907292850377153,1.20660726448119,-3.59279430197384,9.94456611465791,4.98621014172591,172.286457557654,326.717775928821,0
1994-06-09,0.863976452574465,0.598127078688633,-3.04170299237903,12.0555730276523,5.48689052273718,323.832652347013,285.177723321956,0
1994-06-10,0.0985806396152098,0.87752550745567,-0.0339113365620083,13.9089209717279,6.64515356848865,314.52121241737,292.145254863842,0
1994-06-11,0.325309218278818,0.0943624724294632,1.66092958843373,14.8452115050677,7.85181442197195,249.547080950809,322.673675310844,4.73962068992853
1994-06-12,0.665645671305741,-0.122979187530872,1.77672835437722,13.2935130691894,8.90489144781361,236.20639032334,326.717775928821,0
1994-06-13,0.545960188711043,0.478031524448538,2.04738063098089,13.5681682626644,9.46058210932186,233.829490786382,319.611851548031,5.92595581553325
1994-06-14,0.790833665485527,-0.905139332204619,1.99645883591315,12.5828804646561,8.43532761563812,233.487221169969,307.884202536053,7.71628700557923
1994-06-15,0.313925094616858,-0.336519070366719,2.27558732495946,11.1725094967258,6.87888700590848,235.802039947237,306.23876557832,0
1994-06-16,0.780525467608556,-0.544112211626326,-2.04728982889537,14.1547589900769,5.51333024217601,72.5998840883025,351.192437837872,8.62915657269406
1994-06-17,0.889127293478255,-0.374886349422021,-4.96091476719256,11.8479137734837,8.78257048978809,130.207780294352,335.04361762203,4.03823513220206
1994-06-18,0.781233889484529,-3.21566566947397,-2.25581164933809,11.8947610752924,8.19156812647617,112.883291960007,339.742658396362,8.40660221933387
1994-06-19,0.836789154500084,-2.94109579876479,-1.11763760172415,11.65836905289,9.08914956893356,145.938823790073,343.812978144759,1.40659264816346
1994-06-20,0.93428648746273,-0.120741391659182,-2.57402303225799,13.8110863495689,9.56581905252096,270.710139799609,324.715623186803,1.00148920900929
1994-06-21,0.576502117482235,-0.472437869860451,-3.44082196919157,18.1286024522336,10.2782306738573,284.864701774957,319.235793340674,0
1994-06-22,0.371760112273146,0.474903718152463,-0.236207765643781,18.5984651485934,11.7138167724516,272.047063203541,327.440568559064,0
1994-06-23,0.666481549690968,-0.586423356756991,1.89075249615415,16.7240921837934,12.6078283993793,227.310137567225,342.687211249547,0
1994-06-24,0.730686048091957,-0.315624144539317,1.59778879503228,15.2332203265672,11.4211988469145,210.627897572671,342.095144674935,0
1994-06-25,0.508264729245239,-0.0178245458348516,-1.03246575584528,16.1020089787737,10.4773182541629,242.289480418579,334.794384469948,0
1994-06-26,0.361973602150356,0.0335316973586374,1.33705667377524,17.7013133651994,11.6194389644659,270.906819749779,339.014490303044,4.6392196460125
1994-06-27,0.812253962423967,0.101833860493469,2.17889324875632,16.7042006878053,11.8537114634691,138.07740649888,351.963206721306,0
1994-06-28,0.892646560335121,0.284154279176091,2.52398187020153,15.0372318384575,11.9495493000896,252.831774202357,315.054863586402,0
1994-06-29,0.623703664065797,0.304331506058266,3.0776472487178,14.1714412472169,9.05157098337062,150.480711558689,335.098315068389,8.15846364671216
1994-06-30,0.814083692135825,0.512990582970979,1.82302816710714,12.9330472479074,10.4357166906442,250.066429687655,327.218865560701,4.6855755345073
1994-07-01,0.597061121437097,0.815809143181781,1.58452591384135,14.7687928224731,11.3652664923496,204.325144284299,340.829594115449,0
1994-07-02,0.890135083204015,-1.66477064845854,-1.0079951784919,16.8477108409899,11.5575682577357,71.2232731559,361.277649588212,24.7615539398858
1994-07-03,0.999957180417325,-3.09474745563671,-4.0682059032247,14.7390567128398,11.980744336572,56.4026034536127,370.65882450726,8.11306258684926
1994-07-04,0.890135083204015,-0.468439406748858,-3.46197015626637,15.6637071041814,13.2963782281836,233.58927196085,350.30520810101,0
1994-07-05,0.355304071452869,-0.855940653400318,-0.391538427586198,20.0458784029164,14.120439335813,242.802752501303,357.445546080534,0
1994-07-06,0.459033531163049,-0.875257619479383,0.853126459508279,20.4217561640385,15.4679959426326,196.821520235494,352.849249363279,3.59747706804785
1994-07-07,0.699910130672302,-1.04583333391707,2.35117481549703,17.8364891013255,13.7082683975018,246.817117663434,352.521866497559,3.22483153713503
1994-07-08,0.769707189634494,0.203691789787578,3.35819006067826,16.8751354238881,13.1249081427012,87.9119737086765,367.534473527239,22.6257618795693
1994-07-09,0.999957180417325,0.528900381889151,-2.69193235306598,15.4775285037205,12.9388623543499,60.3149372271581,368.545731101455,13.7603733907445
1994-07-10,0.975682920013542,0.673262610069075,-1.19969623303535,14.7540907382069,13.3099291417115,262.465426039754,331.942505124243,0
1994-07-11,0.468297412061252,0.273097788182114,0.881911066972534,16.6742109546984,12.2059854705571,269.96497864212,330.707998689508,0
1994-07-12,0.825367052269737,-0.104352210760313,2.440716065582,16.9799719826065,12.815906311053,238.322638045953,328.175519767988,0
1994-07-13,0.331441613046277,2.73510435343432,1.64004301440107,16.6596326506168,9.76283013566337,292.589739169694,291.162714914513,0
1994-07-14,0.248541808711459,2.2760623449712,2.05749360142049,14.8481866306694,6.56986582497954,268.161204341565,294.650166982517,0
1994-07-15,0.427204674694583,3.45646230128122,1.73877295077443,14.9057479531329,5.34887360516383,234.362435714911,316.071644971213,0
1994-07-16,0.755039014426925,1.51218552733792,3.20709448048192,14.7295681449558,10.0181345914303,210.184340156945,330.171623591955,3.69325910480673
1994-07-17,0.594297112645272,0.905609593044137,2.19238664160767,15.2056197549164,11.731137538653,279.542138727884,308.213762596957,1.00148920900929
1994-07-18,0.323329529820654,2.04090047346625,0.282605853497644,15.2743570893384,9.6997642725217,230.68005880837,311.65315723396,1.29026268189746
1994-07-19,0.550006401053599,1.02334868943236,0.220374180435047,14.5577503575377,8.67700360023519,235.746560034594,304.475314881145,0
1994-07-20,0.595350009925698,0.916543086704618,3.29913974606983,14.4609257377196,8.65119974253039,173.605170115532,333.359588472367,6.38830216146159
1994-07-21,0.818902133556193,0.335305130232374,3.87816323197539,13.7583072148155,11.0476004075112,256.025393715411,311.668767184483,1.34715572773195
1994-07-22,0.433565132027633,0.833101406953838,1.4280192974364,13.0578222885672,8.25566149646991,136.39644173628,335.458206229191,4.79181471879639
1994-07-23,0.875567188807009,0.300412836131799,-4.39247029148601,14.2195755126874,10.131344671297,152.940670241922,349.700869331916,1.28388230339862
1994-07-24,0.736893600323928,-0.669633062007283,-2.88297569947585,15.7828861245099,11.4460400907601,217.148349233031,337.966167164532,0
1994-07-25,0.725196341955848,0.651719788726287,-1.88580601790045,18.1021863557823,11.8772316627039,262.170825210021,329.432787519864,0
1994-07-26,0.86167925625756,0.234182064083322,-1.83531970395263,20.03267962905,11.6791071575391,296.24105994688,301.794468441024,0
1994-07-27,0.605242847868872,-0.439899786141799,-0.240430770126739,17.288818535362,9.29668477293937,258.391254822304,338.119657053738,0
1994-07-28,0.433565132027633,0.0371419655721134,1.72401790438507,18.4063774880539,12.6570978082829,250.066429687655,346.269447578332,0
1994-07-29,0.617617748591362,-0.432152228639107,1.46360856448092,19.273028345883,13.9477048797902,198.484461957077,348.46955496478,0
1994-07-30,0.870797363770158,0.0288829008656198,3.12761347240558,16.9376596031016,13.069912591781,196.466444626153,341.976102038583,3.27263097620794
1994-07-31,0.979857230279887,0.539701223919636,0.507689304770957,17.0125590568808,13.4352736179148,164.973154463573,343.567554159945,0
1994-08-01,0.727655150449311,0.365591135282419,-0.936866135806818,17.5676741214892,12.24265125156,247.414881570167,338.074186961216,0
1994-08-02,0.208955432342522,0.753876888181401,1.87095512569661,19.8409579136216,13.4761896538642,282.687788878693,309.837753085165,0
1994-08-03,0.0369925559321028,-1.44406483087856,-1.82670921194995,18.5717102391721,9.10458192356068,282.312099625121,283.606483138697,0
1994-08-04,0.0170126567622717,-0.630697783823331,-3.0128105021824,15.4587765792236,5.02810197591431,282.312099625121,289.885315258097,0
1994-08-05,0.00400279113092528,0.125645029225885,-0.0766224298705503,15.9654124963027,8.31130259443881,228.286247064871,310.926017016945,0
1994-08-06,0.723698500793302,0.468083881463917,3.53276152837249,16.1092034168922,11.0645879870588,167.413665178389,338.816953582373,0
1994-08-07,0.745696085791309,2.02359644027643,3.10653455971947,16.8645445241744,11.1341205843047,254.426285681287,294.089391430399,0
1994-08-08,0.185102258916606,4.38086948635309,0.662468095689362,16.1553578377735,4.84546834226295,223.205027839567,301.788376952301,0
1994-08-09,0.355335379528491,1.2213885476982,-2.47104490783871,16.5087271847939,5.00364888363613,222.571327032858,309.363153969629,0
1994-08-10,0.604302851198851,0.0747718444819662,-1.49661137795888,16.9416574612725,7.45877909809863,173.913951822695,333.334746061264,0
1994-08-11,0.567726876673099,-0.508528347039602,1.2274173643389,15.7456530408044,10.1149532138514,84.7355491129861,351.648060280542,3.77917019070297
1994-08-12,0.812253962423967,-1.44406483087856,-3.02203684922731,14.3620649634535,9.19572285887749,119.945453036775,350.51409590755,0
1994-08-13,0.859155777801027,-0.957590780497627,-1.94056320302176,15.2514378567299,7.57730240054614,114.755222165103,351.483267551663,6.08947624529397
1994-08-14,0.92546364513557,-2.5223277738112,-1.78636399259954,14.5061166911958,10.9493082419986,173.218539066151,319.199297973363,0
1994-08-15,0.694983631498467,-0.870916515278884,-2.34170453929898,14.9886535101088,8.6823212108027,189.2711838377,323.630051146433,0
1994-08-16,0.501711695636224,-0.682699714118405,-0.0145634073178499,16.0528604795925,10.740311917731,218.84619093036,327.050095268174,0
1994-08-17,0.903159198200673,0.446366210227305,4.17688736598596,16.6141969622631,11.7364239803217,39.9449883492713,375.86003304398,17.4067693898045
1994-08-18,0.999957180417325,0.00453339988372525,-1.69297990331147,14.3576034347488,13.2171042641449,14.3091818620838,360.62641854507,30.2509906089324
1994-08-19,0.998280899897309,-0.517931449659394,-5.17555181992851,10.2506232909878,9.40012054240717,133.708791894429,340.203043484201,1.27688456359923
1994-08-20,0.894233982766543,0.781725859867391,1.1737951568247,13.1476546815748,9.11479726977062,83.3596008208676,342.851120087661,6.98893315241609
1994-08-21,0.973981700224205,-1.16231276694719,-0.950445367780302,12.0461923205716,10.1674889880684,167.838751196858,330.803941505546,1.64724558084495
1994-08-22,0.741207614647039,-0.687506475835782,-3.59418765034696,14.4609257377196,10.2297145725986,132.227260016714,339.257632994426,0
1994-08-23,0.907292850377153,-0.423608341720839,-0.629129307645231,14.933580516954,10.3339919665468,76.5939876079157,354.690122467663,0
1994-08-24,0.767296113464689,-0.78633912080647,0.458666713907333,14.1100223782063,11.1046008949144,148.15999682581,330.558612461298,0
1994-08-25,0.608938922519179,0.147732484468241,-0.603871977443478,15.5264428824637,11.7799054044729,144.386340062039,338.193801003203,0
1994-08-26,0.783980596180497,-1.14820260720421,0.966671971208673,15.9566493376272,11.9148340768791,94.3434032874067,354.963968180188,0
1994-08-27,0.973120010634198,-1.0156794395383,1.38485607936547,15.448637974206,11.4092402573146,88.0104118693125,348.445394544047,0
1994-08-28,0.977653262268719,-1.34260382329616,2.31981292784041,15.0349565852247,10.8774404242867,104.147289519605,328.073364108898,11.8713317387974
1994-08-29,0.629452755068715,0.679559139579108,1.87559406644078,13.9330116070505,11.0983656837292,140.276041914124,332.634059525308,2.27422767300269
1994-08-30,0.975947105535783,-0.663808992166362,2.8697169163565,14.0033246596116,9.4620675209748,62.4554848958382,347.892438464112,5.36855747236907
1994-08-31,0.646152358824901,-0.538119052868816,2.75732156621283,13.3086915816309,11.6609052816944,167.024952488087,317.496806347994,0
1995-05-01,0.814083692135825,0.53821920595953,2.34535340756769,6.43360437765844,-0.168020966362305,260.585409661753,278.310563618279,0
1995-05-02,0.585922225967303,1.05905601209471,2.86333337425923,8.30858608709372,2.62899750314119,240.215222126631,284.017246590906,0
1995-05-03,0.438866110241188,2.10374217624911,1.22674635526269,10.3567899256842,4.40584127803393,233.828511678795,292.925936707858,0
1995-05-04,0.412220822794698,-0.38241791140965,-2.41501525453555,11.4862140759814,3.81437499624985,258.391254822304,289.614046788215,0
1995-05-05,0.631840485202728,-0.0891877661249588,1.91563917078354,10.7546258944492,5.6027028860319,272.049468307604,282.705605964061,0
1995-05-06,0.250900016077929,0.680259491060084,-0.434622455897417,11.5279745955851,5.23401599914039,219.51204021154,289.089870709738,0
1995-05-07,0.451551662849279,-1.20817232838173,-3.00210354974005,10.2506232909878,2.57146503686875,200.089043073662,291.31732873518,0
1995-05-08,0.686656053506327,-1.60694650567279,-2.11391254549551,10.1042792477006,2.34254962853439,214.79136853402,295.619022701168,0
1995-05-09,0.759745848142194,0.0924167964528438,-0.458990831111512,10.9367447322113,3.91160664554283,247.601811413,283.285069048222,0
1995-05-10,0.626012118546821,-0.0640909808245067,-0.290429796342084,10.9603358442005,4.01730471831923,244.318345916462,299.260354470612,0
1995-05-11,0.617015853966675,0.635385570795382,1.98612227137806,11.527716553764,5.72213164952749,243.090990214994,283.032318855483,0
1995-05-12,0.319929479463197,-0.870696412714389,-3.491018525341,9.77147143853727,-0.931930796926281,230.471960685992,261.594677118305,0
1995-05-13,0.323384222232771,-0.982269724429845,-2.95975555665715,7.23836749086206,-2.63096316418884,255.528678460209,263.808286609513,0
1995-05-14,0.292364735320425,-0.499055452991256,-0.127629640873589,7.71765331971132,-1.44051920083308,266.470798539628,270.282346409565,0
1995-05-15,0.566408960056161,0.985715901129237,2.07914185188102,9.80033355916797,2.0557078754091,282.992758490426,279.313807815129,0
1995-05-16,0.485702955414165,0.424652147994266,0.608259807607011,10.9129965232479,2.18845977575362,289.233308135933,270.167414153766,0
1995-05-17,0.0935386745643621,0.707621614212183,2.16500727063404,11.1999521521159,1.76094394209068,283.195014940693,275.903038195592,0
1995-05-18,0.532668187802838,-0.109139129098722,1.77867885807826,11.0298312499704,2.21513065196396,174.883656675867,313.246411504659,3.32340746400923
1995-05-19,0.870557697827547,-1.99845981488696,1.58293017158792,11.8750646759798,4.9639002100706,35.2533172084753,341.394335182002,18.2153486915873
1995-05-20,0.917274383904878,-1.36749048493122,1.122249460572,8.7662565608826,7.72597289683133,123.948145340649,339.050992777155,0
1995-05-21,0.961820044697055,-0.658148374517447,1.98964424460828,11.806600149241,7.74793420746791,102.937167522727,351.648060280542,6.23625962444031
1995-05-22,0.948871579531665,-0.665810186436532,3.02451745054264,12.8103519358453,10.3389867308962,239.760711621234,328.987994196208,1.60296439219598
1995-05-23,0.884391131588062,-0.221648250791295,3.00070365804163,14.4945511728126,9.46058210932186,203.001673625935,343.79268202894,1.49454743420906
1995-05-24,0.719315673581929,0.831861798155048,2.65729249920531,15.1480293013591,11.8394180069455,292.909188266693,304.05682689242,0
1995-05-25,0.310013957544701,1.94858510881025,1.59797198683692,15.1266817344011,8.48012467739021,281.899416511854,281.112027784444,0
1995-05-26,0.361973602150356,2.18555965361891,-0.969982827643779,11.6685064264897,1.26770802427282,307.594395534185,247.155838317216,0
1995-05-27,0.131228756960517,2.86931341672387,-3.33403124388557,7.9950667434814,-5.62632464405688,306.257863079319,248.080105963177,0
1995-05-28,0.164794089756547,2.26144310171481,-3.84638331611858,8.69489836621741,-5.14197033758173,337.597692489511,241.45375099385,0
1995-05-29,2.64179203737836e-05,0.925713145905979,-4.78338808198383,8.72447648850345,-4.94362200818073,335.087478210548,259.561645881276,0
1995-05-30,0.486615487004778,0.234182064083322,-0.573373143395158,9.42031208797991,-0.902301357291984,54.8253485337034,341.230819923379,8.02345316235028
1995-05-31,0.819684268979249,-0.0358311502368295,-0.990183634764197,8.46797730084894,5.96491582212214,277.145544822701,288.210646604237,0
1995-06-01,0.622889040744759,-0.138816782237348,-1.64154263941948,10.9653186977558,4.29951911891185,260.57001286988,294.089391430399,0
1995-06-02,0.370007701738281,-0.0132902360544739,0.434182463904483,12.3833474659243,3.99400330751187,260.233668528896,306.566510366782,0
1995-06-03,0.721172617790822,0.719681227743431,2.32567565647958,14.2990513366483,6.59020962897186,260.918130436713,308.919625681415,3.75264716027525
1995-06-04,0.458955583837561,0.637342181970359,0.309298692202434,14.2383584312063,8.18858274313084,243.493813520675,285.231121288574,2.93336960598963
1995-06-05,0.347818428268089,0.835453207968685,-2.99950010435939,11.1038747298774,1.71450668668719,290.209461795858,276.005621570964,0
1995-06-06,0.257173645781452,-0.371434836022463,-4.11494137556116,12.1762366162221,0.00324240712943468,337.209677700357,271.333755925689,0
1995-06-07,0.0669284234254275,0.231034200496031,-0.906187130285631,13.530211423279,3.81437499624985,329.994871347393,287.051228915718,0
1995-06-08,0.388942824159841,0.388660337587127,2.81114225235437,14.9843440421408,7.75552653304804,235.609253226893,335.479816133762,0
1995-06-09,0.836548004095824,1.02816619975285,2.69613756441868,15.9654124963027,9.32199128464958,287.607452650385,311.176968188224,0
1995-06-10,0.655300513983846,0.908215746116132,3.87816323197539,15.6609932945242,8.69095772919754,291.122161978392,295.719241193017,0
1995-06-11,0.365182345620247,2.56083513964148,3.17137175302057,14.5278361494566,4.58198654439807,290.049001626192,296.766888416967,0
1995-06-12,0.437100398882064,0.615442479005789,2.02731000711815,14.9086037532381,5.2248105104245,252.15934054619,320.272380850348,4.82231380839658
1995-06-13,0.775957798599594,-0.286788873099408,2.94789762624209,14.790609193574,9.64755352889773,213.984806694947,328.557367987402,0
1995-06-14,0.8614821057521,1.66683523491413,2.06534334413533,13.3752014336612,6.69399868618413,217.701230910825,302.652732655653,1.71027876584023
1995-06-15,0.485036755405866,2.15843631208294,0.299396847087218,12.80877232462,4.05869717413376,277.921736861699,285.177723321956,0
1995-06-16,0.695079135986138,2.61513345929284,1.8575297426263,12.6926028646662,1.17286173207521,265.414993612343,300.669028684226,7.89686520275787
1995-06-17,0.666803339360336,1.14320343994157,2.92297630684867,12.582652303389,6.8153133204938,242.558599277074,315.858364329295,3.88277572397695
1995-06-18,0.416520065549837,1.38604683086797,2.27658915450717,12.5002474665471,8.02844131233191,275.424463059193,300.226606382185,0
1995-06-19,0.369261421215502,1.59214509193525,2.81104544436165,13.6568062566122,6.95441223670715,198.038689806034,320.523994810546,0
1995-06-20,0.876876626189915,1.11072418834472,3.21743489201447,13.1446015587437,8.85320764016514,163.973813491499,325.786332536192,9.14005788360932
1995-06-21,0.734900209288181,1.04802065110465,0.645029302518286,12.1013132664941,9.10470008959854,273.733734451511,294.637088869718,0
1995-06-22,0.610203244043252,1.84106054431707,1.92557465555434,13.233535657437,5.07725225783332,315.25445477006,274.506391958348,0
1995-06-23,0.558306311600254,3.10120104610315,2.83949264927085,10.7504281302964,-0.2957069759185,274.294350537434,286.731029577762,1.76813708606464
1995-06-24,0.576964174504403,1.50367636938711,3.80957318804597,10.8971682847944,4.25954518466681,272.047063203541,284.246630911379,2.28108007938466
1995-06-25,0.271013984821074,1.7236701928794,1.17552502856244,11.3760900842228,3.39093977121759,308.893089116462,279.054526509219,0
1995-06-26,0.199643631713254,2.08145315898592,0.48387588409468,13.3815257752653,2.02338438466805,343.72355769991,264.750686843557,0
1995-06-27,0.390332267823348,0.707726683934152,1.89385801328972,12.2044778271819,1.78398970012246,218.644658117901,313.720523926664,0
1995-06-28,0.662349131735561,0.433234776921848,2.05855668033779,13.205081164387,6.37250035539997,253.236837374027,310.464002979867,3.94731460649868
1995-06-29,0.654900949889802,0.333537588131805,0.874650452494919,13.7696432067055,8.10192195404968,278.286298632847,301.618990616391,0
1995-06-30,0.721236176054457,0.50900733144908,1.10049569272967,13.0696030229115,5.54707508934354,66.0122534379882,345.652607899943,17.5968763851292
1995-07-01,0.999957180417325,-0.879795387549186,-3.84638331611858,10.5270205638462,8.45135260897664,46.8593007891971,348.249018753717,15.1163329926505
1995-07-02,0.910633414411555,1.84536871912082,-3.85807731812533,10.5700905978111,6.37250035539997,308.971521825,299.262313886003,0
1995-07-03,0.140519684210353,0.513282822451222,-1.83639403158182,15.4434948816256,5.98045275570193,236.531184519842,321.120174887086,5.96271336146511
1995-07-04,0.904096973511104,-0.0648653362798744,1.18300464706531,14.7014545095335,10.4638004866013,157.162321661111,348.542724102206,6.53026122399165
1995-07-05,0.847957489308666,0.599372461920765,-2.52543382669218,13.9669629443153,11.3294840523106,256.566701173639,326.452569806013,2.29483322310555
1995-07-06,0.591423063065702,0.632823763317004,-1.23335625558915,15.5952845685125,11.5613180712937,276.931845229888,331.79908936178,2.71813812421396
1995-07-07,0.469578058590345,-0.400112475041995,-0.427139104915101,17.0491822840624,13.0757389877814,162.844509482646,351.080628282259,0
1995-07-08,0.940749644580509,0.411994869259337,1.77512472980383,15.1408159087102,11.5084029195882,226.607181040738,339.439039005783,0
1995-07-09,0.551100444650012,0.711213875560242,0.650827593915056,17.2224284918527,11.7253662899487,281.076271783008,327.818006325365,0
1995-07-10,0.473925934961613,-0.194582507128911,1.29185644361725,18.4434322875337,13.1249081427012,151.793800573827,352.578983447076,11.3578467663099
1995-07-11,0.891118119925832,0.666593854665937,-1.71818940856469,15.747882534722,13.1938845526478,116.466610240437,343.892004128465,3.99513567697912
1995-07-12,0.782181633096467,0.785255814799296,-1.64732876259248,13.534010699539,9.96021674014952,237.782681873909,314.349221464682,0
1995-07-13,0.385373748379263,0.249856391601589,0.653271924782993,14.7869388284957,9.76283013566337,259.429076273279,307.137833218662,0
1995-07-14,0.42853270824725,0.0259037275410214,1.92372287150346,14.5858509060922,10.1561992303353,243.493813520675,328.171686833061,1.82373024236759
1995-07-15,0.571289330352486,-0.172583264052758,1.18300464706531,15.0445884372741,11.3204434767992,283.402322246828,314.009283690786,0
1995-07-16,0.642225657077194,0.899144354598953,3.56894025847507,16.2304525377526,10.9156013324996,116.466610240437,361.277649588212,5.312499688087
1995-07-17,0.904121218905783,1.30570270729743,5.63726391916041,15.4031089297268,12.2127092794845,180.04054708553,338.625132403277,1.29462477334527
1995-07-18,0.639400163792859,0.921275384240687,2.1778349355726,14.6674783257553,10.1749951869636,229.480111713275,324.158288555315,1.58659300443527
1995-07-19,0.605547968537228,-0.940832643152793,-0.220445976531677,14.6715250406412,9.37164751864383,233.194561491412,328.376565319771,1.34715572773195
1995-07-20,0.840650618447176,1.12343045537665,2.5511092604187,14.8880697426939,10.6503033053087,210.184340156945,317.878402005897,0
1995-07-21,0.514899696883928,2.74427305123438,1.96973776267891,16.440763586114,9.02953888061032,257.933108006588,304.720330524767,0
1995-07-22,0.482925100009049,1.44837161318928,-1.21930820545596,16.1020089787737,5.90993760425734,254.936178129858,307.084867624603,0
1995-07-23,0.324508737922378,3.83643725803464,0.872454684592534,16.3957187746346,6.77648956682286,257.951308266697,303.567556099075,0
1995-07-24,0.477740338993572,1.32228149740786,-1.08497785908971,16.1452139723996,7.2905003104189,169.018327842542,328.770007380714,0
1995-07-25,0.837051659691759,0.00453339988372525,0.75018842087228,14.2239563072635,6.92237639826651,174.058312326744,334.066918732181,2.45408097402301
1995-07-26,0.671640078959683,-0.756669848615725,-1.38560987355474,14.7687928224731,9.02098698086131,257.555328139962,314.91726343149,0
1995-07-27,0.265042582873383,0.925713145905979,-1.01068290859901,17.1950905767188,8.52743990980003,223.439359783977,317.618701307871,0
1995-07-28,0.384913661672896,0.301012465579226,-0.208466827700371,17.0271648157166,8.70861970726015,289.913651019326,288.513409215463,0
1995-07-29,0.0182575924694606,-1.21491433515233,-1.01068290859901,15.8063455595283,5.12290379184757,287.480390335872,299.807177181835,0
1995-07-30,0.401121291316249,0.380800876412325,2.89444544771138,17.0109730293369,9.15714359946469,235.746560034594,331.883421729728,0
1995-07-31,0.47487056146526,-0.0946140709479324,2.98780627407477,16.7367174597364,12.1722213033407,263.880126054206,315.434061035481,0
1995-08-01,0.419500457644658,1.00043430668887,4.00989042672364,16.6141969622631,10.1220406847489,122.019482238781,355.446885621438,0
1995-08-02,0.871035395011355,1.40119934679398,3.31851110363042,16.7326069686321,13.0627530081054,232.230986210149,319.654534438696,0
1995-08-03,0.807100431813727,-0.328322986892136,1.28120700200758,16.8746012493624,10.9221264166831,279.869372045685,318.811236980681,0
1995-08-04,0.0936372365487169,-0.0263375984768911,1.99515145151667,19.9278900363456,12.3945027489844,269.289441407839,331.433961580418,0
1995-08-05,0.0540209459713533,0.078141336495914,2.60709876890369,21.8314617288705,12.5780548043853,223.577692215481,353.451185081815,0
1995-08-06,0.788015065312169,0.0970884546075729,2.84364560321037,21.8314617288705,13.6779680877316,109.633497717602,373.874418709715,0
1995-08-07,0.951920224384801,0.0328146906422437,1.65366245025213,19.7437754323345,13.7267059173749,230.615410973157,359.586754581882,1.47140916992997
1995-08-08,0.86923617806764,0.210314702608679,1.43878290748899,22.0623422073503,14.1016909066605,123.260217803308,374.557010311067,5.08745496469899
1995-08-09,0.684382944453988,-0.432152228639107,0.804142805886719,19.6208419757539,16.6364322220016,193.719969072362,366.677575999796,0
1995-08-10,0.590175683242953,0.366898459879251,1.35962861397219,20.6308997082891,15.9019603681773,244.700652264735,348.49947214141,0
1995-08-11,0.174320492351079,0.473524109747856,2.97867236023087,21.0561136115516,14.942298649599,238.672300173765,341.976102038583,0
1995-08-12,0.44387737529786,0.636677740851225,3.09517039119579,20.8179825348865,14.4324765059227,203.844482461462,359.90308975458,0
1995-08-13,0.593934380590637,0.0769552701469155,2.34662698781699,20.3856522365749,15.0713487389563,249.136476397434,328.995383468982,0
1995-08-14,0.461626587924103,0.205343868760842,0.754307979700006,21.1000100019098,15.0642592933885,250.082358046653,323.870429286616,0
1995-08-15,0.215203100647525,0.288006502654378,2.88299107754337,20.5681398739117,12.8122489745805,252.298476110721,320.523994810546,0
1995-08-16,0.247325706371445,-0.252805511224808,1.46360856448092,20.9292590569208,13.0844097060095,235.761326686384,338.004542710789,3.56847786192743
1995-08-17,0.367268844732109,-1.82970117716036,0.691321406298563,21.6061666583254,14.9356798324023,92.7814985801321,378.997646968738,5.06953425329309
1995-08-18,0.975682920013542,-0.198187444856497,3.3516692498544,19.6973879688333,16.4005254153157,147.446328138937,338.189926581673,1.48585116598321
1995-08-19,0.614982624887159,1.54160986864625,3.22735154063523,15.8362276121347,9.83944120609017,190.888598981728,305.021656000074,3.65046838379294
1995-08-20,0.578976562078859,3.4645055010819,1.30486023714557,14.4169429437389,5.75614785054682,208.931782039743,296.766888416967,0
1995-08-21,0.585945026788351,1.91964725220219,2.707069804039,14.2938187046844,6.29446162240583,172.983226172649,308.101866317446,4.22145953864882
1995-08-22,0.566355710902438,1.29649401285017,3.59716095495004,13.7618575468576,9.24871987268275,167.041892858494,309.13728767368,1.58163016356235
1995-08-23,0.617617748591362,2.48631963534397,2.95062326366109,12.1505180802702,6.7614114263986,177.607672439936,308.883268931234,0
1995-08-24,0.398650645414079,0.553047277320507,-2.82682706337078,14.1740925490188,6.76044859584135,142.834504006725,321.15775347271,12.4162696778104
1995-08-25,0.701210625349503,0.906558832750844,2.88746721593845,12.7292171213992,8.48216240719822,189.593520916571,291.282195622955,0
1995-08-26,0.626668133518855,2.96987142186343,0.688146105228063,12.4201068526872,4.81891947305651,185.140895376137,289.546262831545,0
1995-08-27,0.355811754975097,0.914748248304954,-1.17766231697169,12.8010768252801,4.62307761970375,166.586720005657,286.738518728805,0
1995-08-28,0.485204524420575,0.990178252415175,-1.07815388643805,11.0298312499704,2.02013818853357,194.793742549536,276.012450828295,0
1995-08-29,0.355239291392415,0.887199345344915,-1.81729398577103,11.4842602939065,0.496925176113881,189.382462596108,275.790590092654,0
1995-08-30,0.297596397775108,-0.146566748031022,-2.47353451470249,10.9653186977558,-0.208986642493424,216.671863147468,262.096125478107,0
1995-08-31,0.102727846059015,0.164074733834247,0.397765239619862,10.8498698764272,2.34489454996168,207.263568610478,278.237632180908,0
1996-05-01,0.708692247221686,-0.120195255972187,1.49211797932837,5.64542800722407,2.53347280624533,196.003327661927,288.55009966631,0
1996-05-02,0.792133136007496,-2.02612577083933,-1.26840186854338,8.97562424423689,1.87476890437334,147.126748840299,311.950791074833,0
1996-05-03,0.920002273224842,-3.14092712971601,-3.25291744359666,8.8212810262447,0.859583793471863,29.0850097263691,333.139849146541,17.8225665837303
1996-05-04,0.999706029727298,-0.792483842445833,-4.19537550632787,3.61568489383355,2.76615714051337,84.0595094595104,329.518945400023,7.70835201267142
1996-05-05,0.974348995048092,-0.0877874621831046,0.0314304789639621,6.34960794409866,3.50368260919304,156.238726830755,293.347597978174,9.74392037030388
1996-05-06,0.62384873428809,1.29467583233378,2.53511261320079,4.04484991771149,0.897622221401635,237.116694828724,272.085495612518,1.28248670782914
1996-05-07,0.525890824937548,0.434779811994461,0.194014014330497,4.96652898937962,-0.189432320734869,214.558619736587,288.32899969431,0
1996-05-08,0.923621622739429,-1.84045932694832,-0.951053862907558,7.99018683579274,0.340461366899136,39.7248946962934,333.459421099388,17.6241823485727
1996-05-09,0.999257659032069,-2.62998456896026,-4.07004676824246,3.88758117622616,3.1233598145932,36.3589248326039,350.61960811721,2.97095625059421
1996-05-10,0.999957180417325,-0.92753355079134,-1.81909639393404,7.43985706028951,6.06506448406881,85.7956372348281,329.729891015078,6.43774348794025
1996-05-11,0.732355355661206,0.551673647151176,1.79225540081848,6.80961256204969,5.02096856620319,244.888751838471,297.078695336152,0
1996-05-12,0.946117453958302,-0.851190830403605,-1.81909639393404,10.7546258944492,4.64140684525392,86.9503072162183,331.528006838486,10.1396608163996
1996-05-13,0.987756210173376,-2.17886741376047,-4.0240233131948,8.34924412521313,3.4524866788683,109.56870946348,312.903912265663,2.44193781025619
1996-05-14,0.907292850377153,-1.52114782560033,-1.92576373610145,6.93225128055901,0.892851396431779,266.845092255973,271.428770765247,0
1996-05-15,0.383525321196917,0.273668745895604,-1.56632434323886,9.4571522605414,0.649863017747678,257.071157837252,263.958385035364,0
1996-05-16,0.492140052352392,-1.78959023704747,-3.01426009836406,6.61405071389309,-2.2935055910716,258.684225384429,267.805900368264,2.14121899039295
1996-05-17,0.365182345620247,-0.608265030150811,-0.945644746659668,6.17254090293064,-0.189432320734869,256.315449578536,261.553748185539,0
1996-05-18,0.227289756266189,0.259204793305261,0.760689235221902,7.06244014701315,-0.2957069759185,291.725404782013,263.735986645547,0
1996-05-19,0.218781579858764,0.831182507003302,1.27550956159853,8.85277403875581,1.20481941319457,289.761425613338,265.567711370689,0
1996-05-20,0.378442300540542,0.483015859293667,2.50027853926956,9.35539051951524,2.03961085807374,269.56491807071,280.46578082075,1.29462477334527
1996-05-21,0.745467795188253,-0.15934792981748,1.22980436355343,9.04821622799759,3.13180146975732,203.524291279066,293.973592875825,6.57750689682462
1996-05-22,0.654307417992655,-0.170984829963617,1.52089475624486,7.87141756832827,3.50443747888306,232.703139686537,283.473859989666,3.45726348743439
1996-05-23,0.84574203548666,0.468285322252018,4.14294313248774,6.50445629876836,1.82358565536994,199.31749235508,289.143340848195,8.11306258684926
1996-05-24,0.461626587924103,-0.107990097115351,3.12265440606376,6.93225128055901,3.09701696261622,74.6283416687535,332.835560044589,14.5353613349105
1996-05-25,0.996578940733437,-2.9373515489001,0.755047126585141,9.6088192677983,8.09708697250143,158.670231655277,356.130413309078,4.52539730543246
1996-05-26,0.938159583545327,-1.43026891354265,1.2750948614683,13.2815844513077,11.0736819570074,96.2662463703047,342.15124951864,1.98171208058871
1996-05-27,0.669635855477517,1.53317195843356,3.91486681900172,10.1893872701973,6.77657416038224,282.042410540531,297.035881703473,3.12753712663663
1996-05-28,0.799018272936235,0.961526966810494,2.91612256664448,11.4842602939065,5.8778762577046,77.7185737792668,362.713423856787,4.33428532958447
1996-05-29,0.999957180417325,0.310537316982668,4.64061465120503,11.2672302027232,9.58493188474833,223.341855206111,328.225360747682,0
1996-05-30,0.930735921394246,1.71704198749102,3.68314382498516,12.2452950544832,7.00507503562486,283.195014940693,285.455208527212,0
1996-05-31,0.186834871236982,2.86931341672387,1.5462841750133,12.2296573431363,2.83100860328317,325.106652012796,276.81822743889,0
1996-06-01,0.588834285099854,0.510600824171969,-0.13009527264356,13.0765587458704,5.12703359359424,267.846215606508,317.58732646416,0
1996-06-02,0.724311624332973,-1.02775578827058,1.83522572836723,15.1833637001917,8.85620559143639,91.1892864234679,345.498768160327,2.04937010434252
1996-06-03,0.999257659032069,-0.536092412848129,2.88299107754337,12.2206176467887,8.96987668656722,122.727740368843,354.5157655418,17.0966719983559
1996-06-04,0.975094018347293,-1.19753859772073,3.85870994873091,13.8990354085327,11.9021973205857,157.851459633013,332.578623548716,0
1996-06-05,0.500097012537313,0.955874655668989,4.13377276532779,11.2702603362948,8.88716161833194,196.336211877651,317.03312787764,2.71027536678577
1996-06-06,0.725196341955848,1.89860963999856,4.57719691340069,11.243145029112,8.07573930584508,226.976638588309,311.847442365835,2.47686566477736
1996-06-07,0.439618693119945,1.6073011139746,4.22231296501174,11.683396347489,8.29574729775324,291.805732280555,287.222065716985,0
1996-06-08,0.362913885735188,1.11224657182579,2.75790242010695,12.544510555192,7.12827949316221,230.125593482632,331.650080788346,11.0915359455435
1996-06-09,0.979857230279887,-2.9221714378821,-0.231656925939479,13.6293432416034,7.65835486515354,74.7219526693303,356.047908869155,22.282406571778
1996-06-10,0.905631354307319,-2.31698977938938,-0.0559923315474224,11.4842602939065,10.111586672564,155.231003262993,332.747150834132,8.20136275662266
1996-06-11,0.730686048091957,-0.0533285835722464,0.105637382629859,11.0251032420163,9.50733008989974,151.650866860591,336.859476893405,2.46703260262175
1996-06-12,0.923579446717786,0.664296060080594,-2.80810275680194,11.6723804112291,5.81026287113537,285.023723189136,285.968562127046,0
1996-06-13,0.457966740545061,0.256376241242927,-1.60434664149968,10.8718520383447,2.06002402842628,260.818370742013,294.720228524661,1.80658794737649
1996-06-14,0.712722155720921,0.342421068048322,-2.54043673786374,10.7278531853587,3.74544710411793,282.687788878693,298.683038099999,0
1996-06-15,0.434237955121029,0.313558607579146,-1.51083668366956,12.8156121046843,5.22403092662426,307.212752265074,293.12174338196,0
1996-06-16,0.17330266317881,0.0306431678083917,0.131217777058516,13.1807386401981,6.24677491730918,289.761425613338,295.280472955303,1.18340926281704
1996-06-17,0.218781579858764,0.414130342239603,2.33341531291697,14.1202086295489,8.43879277736466,295.491527488253,284.491417158479,0
1996-06-18,0.423290886268899,0.438261207721151,3.4302606619743,12.2055190737605,6.93645993594351,260.07807304405,303.615690706779,0
1996-06-19,0.359530363858601,0.176231611536532,2.61607719369367,12.2679863926294,7.39337302664825,273.872446982366,304.168853920466,0
1996-06-20,0.859205105643166,0.497907332912779,3.75012386851854,13.1476546815748,8.44448264615854,123.875397152415,334.292589555047,2.46563690514889
1996-06-21,0.540735673385357,2.08186923803231,2.58900694558828,12.7292171213992,8.11080428552997,312.777143179808,289.588835485057,0
1996-06-22,0.622037970020938,0.607246160830691,0.395318927377899,14.1740925490188,4.53178244793646,180.561112140037,321.843057872255,0
1996-06-23,0.630982767054716,0.0933929029149538,0.52116803627204,12.5103572659358,7.30923804408251,258.391254822304,299.844277581045,0
1996-06-24,0.595714853587158,-0.00852239236581977,0.605195297248189,13.7313827079699,5.95186847208866,249.852045919122,325.12952394811,0
1996-06-25,0.801639248623862,-0.158613192404429,2.29400553533503,15.0398776715031,10.3068920158772,215.619746348794,331.646141561042,1.34639713657499
1996-06-26,0.726195882478311,1.87356174188206,0.953407340769642,15.0157911188135,9.07751455256561,228.689831641663,322.332356188241,0
1996-06-27,0.974210922905641,1.40378222370853,3.39837540274971,14.3118467789616,7.29706177154052,162.64945925408,348.350909399372,1.2611513375486
1996-06-28,0.891764459094529,1.08429246057633,4.29559300162724,14.31522865882,11.0051729198768,101.001885862607,334.071696456491,15.5910218024523
1996-06-29,0.485251355022592,2.80028335483831,1.24409800143773,12.4610846561755,7.99647132367239,335.144381151022,283.243053886049,0
1996-06-30,0.400114972825989,3.25173357606869,1.62058692893608,14.7197075719423,5.18290993613787,141.074639101952,324.287972797593,7.89686520275787
1996-07-01,0.477326331502463,2.61756297265744,3.12265440606376,12.7284147971722,8.41681343781108,285.435730886208,287.013058655887,0
1996-07-02,0.32966704773892,1.10363322970707,-3.11700508979824,14.0613235924841,3.30858071837673,277.471488660977,297.528926099036,2.01449305116793
1996-07-03,0.559477007475659,1.72726122709028,3.98383605230077,13.7583072148155,8.20960324962229,297.529069632546,295.262192486416,0
1996-07-04,0.636086087544596,3.25173357606869,1.46986008462293,15.5496846129801,5.90185814927572,328.70760824148,292.902445794439,0
1996-07-05,0.275736471531594,0.601421692583868,3.34767329512687,15.756103748548,8.61860065219853,129.491427958178,327.398597484821,5.06091724097678
1996-07-06,0.529612267128213,1.50941879804895,2.95675927810967,14.5636454556497,9.01341009211174,313.360564040193,287.619648625704,1.87174878047088
1996-07-07,0.590175683242953,2.64119238222527,2.2599128332947,14.3083101225588,5.99247930666474,262.000408764224,318.556470307962,2.81154321666761
1996-07-08,0.209685368563863,3.29369263227107,4.42732849692206,14.9119703264792,7.99647132367239,320.782969963573,280.861392393067,0
1996-07-09,0.161481577727018,2.86931341672387,0.87879203999446,14.9736397831889,5.24970801888301,213.973357089566,306.333809555191,0
1996-07-10,0.515232992292995,2.62050518800217,1.77512472980383,14.7189739022236,8.63106287425248,201.766089462408,312.367926271859,3.03513748193256
1996-07-11,0.684290722777447,2.06316009683297,0.180200808798815,13.709280097193,7.13378027354215,242.037132699758,315.519594011928,3.404697092797
1996-07-12,0.528619635630776,0.568777709966601,-3.76496424855096,13.3248035350517,4.22338793618657,260.627269933086,296.442743783655,0
1996-07-13,0.581192045769722,0.0599843809262486,-3.31246335229692,13.0410959648265,1.92697490992014,301.207484148908,280.256266340221,0
1996-07-14,0.169770326058334,0.0995058213125637,-0.754223788072398,12.5883184947994,2.03430599484019,293.475356619329,294.247426116115,0
1996-07-15,0.691578426656563,0.291354275323891,3.49553295491423,13.8119409175482,7.86503642406715,187.996296569019,353.733292810831,0
1996-07-16,0.92184177494332,0.193511500977945,2.51348854021817,15.9731958655015,12.2801201221547,213.399891304119,348.962012131583,0
1996-07-17,0.808074056385352,-0.0942129631095141,0.180200808798815,18.1975996295308,12.7262141065165,153.435421383932,359.011212800979,5.96271336146511
1996-07-18,0.827679441990042,-0.405320443688619,1.13299040365204,17.0808127157279,14.2603139711409,177.883028111889,358.472622055355,11.4297315233178
1996-07-19,0.974268008036485,0.0945143546782984,1.93985388680906,16.3362735713791,14.2561781151656,91.1892864234679,365.968106253856,4.45492333400042
1996-07-20,0.882726869906947,0.226599458425651,0.316547223286815,14.5922665776677,12.3399317579096,226.587628599078,338.557874325664,0
1996-07-21,0.634199321522453,0.259204793305261,1.67617353111957,15.2371046113749,10.9550267320214,145.800427169898,355.704637461879,0
1996-07-22,0.927830780788997,-1.76322652276023,-0.918206655764126,16.440763586114,10.7012377025834,155.120545659066,366.262833076297,4.0805875068533
1996-07-23,0.809775433336959,0.705377484689025,0.72313305128247,17.8974487325906,13.2790519632529,151.251146358565,353.505996935157,3.45726348743439
1996-07-24,0.859280679857591,2.86488011108326,5.21669762695098,13.7794199908663,9.53549855939036,157.793799137172,339.696352093775,0
1996-07-25,0.942449065361384,2.37384133855228,1.89595198514368,15.116430338198,8.71872221103441,57.9820427912572,355.976952113519,5.28908462161236
1996-07-26,0.999115265841835,0.961256315847673,-1.28467257617286,13.233535657437,9.93222853768953,135.2024460322,348.070102131716,1.56636281984436
1996-07-27,0.926909864001338,0.123471703048858,-2.08087337047486,13.9734986479961,8.49958310685994,178.796549783499,328.634719260683,0
1996-07-28,0.817622868325878,-0.0871168442091359,-0.438486904449676,13.534010699539,5.70721994384102,147.126748840299,341.690064482903,0
1996-07-29,0.92150149476942,0.502084499676942,2.49260806091032,13.747367946403,9.73942389089527,56.6422007336745,370.725181312566,13.8055785420888
1996-07-30,0.999689831147508,-1.75454244370091,1.70154457279212,14.6881520245023,13.159099707809,44.0455852346559,384.092322313379,17.8249119044099
1996-07-31,0.999689831147508,-1.52872357717403,-1.0823289285969,15.3968364181278,14.2076533096558,70.3533695678388,380.516689821213,14.2957617955663
1996-08-01,0.944825490590887,0.0978785088065967,1.68880245267528,15.3290398111332,14.5115857042496,87.4653651902238,364.638102659924,3.47013301131547
1996-08-02,0.876334413579599,0.796100724168457,1.09773402762228,15.0152871877332,12.6538101460897,241.136807684991,333.129608453364,2.27422401008558
1996-08-03,0.76988350618282,2.04293554037914,3.50691603610886,15.5022105968282,11.0051729198768,162.942726674121,352.880196740618,3.03513748193256
1996-08-04,0.569606091098521,1.85456386674672,4.77625194060863,15.0367774218455,12.2665145905838,192.698773714105,315.858364329295,0
1996-08-05,0.598399926188276,1.45763104650499,3.27507875045067,14.4042266684293,10.3335828921284,219.51204021154,319.298662853912,0
1996-08-06,0.361038105248561,2.19435955973717,2.37557433896844,14.8194521699884,9.82609458665527,220.981252045398,310.256612018739,2.36642113975394
1996-08-07,0.761879990049465,1.70575958913814,2.81021647029883,13.8829601800036,10.0751858922591,210.276143144367,313.432480043777,1.7642288620844
1996-08-08,0.421289342569698,0.985715901129237,0.809572600310031,14.0091121917195,10.4902076448547,184.377761228693,315.524581480102,1.89035534679312
1996-08-09,0.366945916982803,0.304331506058266,-0.906187130285631,13.1234989675066,9.38609050657848,208.642308621731,318.101284321174,0
1996-08-10,0.894427761869565,0.628069640816469,3.85527249663133,14.2651682351523,9.41235501772232,59.9739426183988,367.803060571475,2.92028367765986
1996-08-11,0.886668074523347,0.831182507003302,5.97157951808729,15.7770777950055,13.0844097060095,115.564603825712,363.382690122306,5.7326748877689
1996-08-12,0.913753396024431,0.460456287256611,1.15596038897114,16.2605775593516,13.4920335755945,218.004558740727,326.030728995759,1.00489075835576
1996-08-13,0.503491478177944,1.39995485817107,1.98016956539782,15.9917437090936,11.1451786907022,50.1890541037171,359.37252828972,3.73431802185938
1996-08-14,0.926400150412168,0.176231611536532,4.56858126545088,14.8522689132074,12.8972762451076,191.648163973777,329.734581194416,8.11306258684926
1996-08-15,0.333973401731671,3.29369263227107,2.77721616189716,14.5751936196007,8.60684022003152,224.035034045606,287.546093667505,0
1996-08-16,0.285770467462449,4.2198515197841,3.36197438207413,13.7313827079699,6.73472745680652,243.380822960524,284.28884390025,0
1996-08-17,0.054732899886116,2.8619085928437,0.194229802170833,13.8352916743422,5.14732669366353,205.084532006779,308.731678950432,3.78836760983337
1996-08-18,0.732115104346383,0.6357303740973,3.0776472487178,13.5702731925259,8.24303511981881,50.7889080872849,367.9445895085,11.5760455938023
1996-08-19,0.910633414411555,0.413671506784817,5.01432835556515,13.5583295284482,12.3310928641952,160.378358980632,333.543348268844,10.8776278275829
1996-08-20,0.728186089550126,0.636677740851225,4.50301918457622,11.0564144871274,7.85262346255206,127.947514975704,334.294268913455,5.26538927567489
1996-08-21,0.663841173999236,0.521493864500217,0.0508987012533845,12.2771097552728,9.79618723407323,188.661491301229,302.122419694484,0
1996-08-22,0.415998658978315,-0.223681591811834,-1.26217957289995,12.7820188928366,9.38402037284222,204.823640152121,308.573025828763,0
1996-08-23,0.377748698396025,-0.669633062007283,-2.16171139056071,13.5878804596504,9.25037069228912,119.945453036775,312.657181271852,0
1996-08-24,0.855827899836864,-0.905139332204619,-1.32759328834916,11.9166184609559,5.53356306627819,216.755312328915,289.588835485057,0
1996-08-25,0.267407498873105,0.103495239140868,0.293210117531642,13.2060867530221,8.12950417444606,220.78029016322,295.262192486416,0
1996-08-26,0.217396504832773,-0.198187444856497,-1.11539040433123,14.3892973187733,10.8312113808702,185.489615280858,305.331969069149,0
1996-08-27,0.682121064104135,-0.252720808139742,0.835778679697842,14.8078454052654,11.1737372877743,189.598462482015,325.320323735186,0
1996-08-28,0.651682490537963,0.374712560074959,1.42803633242418,14.744086577914,12.2665145905838,143.821284340443,344.754281355316,0
1996-08-29,0.700478637156165,-0.665493509346373,-0.808249577446992,16.1459204364217,13.3626286267946,179.749664619832,334.486482125469,0
1996-08-30,0.494662930738337,-0.244844450403952,1.11254974092552,16.5333775868627,13.4282684875382,85.1018817246158,363.438183965469,0
1996-08-31,0.99970494694316,0.497907332912779,2.50027853926956,14.2657035307633,12.0236966695276,90.1890776835578,357.097077996258,0
1997-05-01,0.999957180417325,2.23294969933667,1.91677255870159,12.4145502320375,7.82491868761135,196.238945555349,290.234983065735,0
1997-05-02,0.335656301119244,4.08128796247981,-0.0950300560201289,10.7278531853587,0.834348771432417,267.539576362651,239.799963359391,0
1997-05-03,0.0894392912816325,2.9464735891628,-2.35507399200171,6.50095181897345,-6.31429038234424,276.711755773388,239.799963359391,0
1997-05-04,0.432892907994788,0.9012599315831,-1.7158119559797,4.93449903606291,-4.94744067236492,139.485862456143,293.307195869792,3.5926779577326
1997-05-05,0.934800120776982,-2.58305721532192,-1.48568130331257,3.61568489383355,-2.13616935721171,117.084500890212,325.496612352622,7.56975862896433
1997-05-06,0.940422764632606,-1.92950599807786,1.00020347145682,7.16180408606395,3.42769128308082,101.964506693836,331.490428965897,5.29559390615325
1997-05-07,0.854965570702245,-0.0173533360830795,4.95950746917221,8.27926432223346,5.75337776382985,84.7355491129861,340.47106693311,9.78921834586014
1997-05-08,0.999957180417325,-1.1273362596098,-0.291117717297107,9.05011919039697,6.30885787611597,245.733482733725,280.256293588576,0
1997-05-09,0.650734632993301,3.42630933004329,4.71237135415007,8.18053973171315,0.892851396431779,247.966407411064,266.715918477641,0
1997-05-10,0.430637580048257,3.69822174300855,4.12288953941907,8.25678979954352,-0.208986642493424,231.035543840774,292.309773934584,1.22885982322789
1997-05-11,0.865376602142674,0.611682936646744,4.71304019590365,9.62673385415604,5.00843386076475,84.4736369336612,341.95061044593,11.5955141516716
1997-05-12,0.956355767857004,-2.5223277738112,2.64932494580341,9.35560587671609,8.35120664827781,28.9945896337754,347.174248428543,17.446716612456
1997-05-13,0.945447432934222,-3.08772958305619,-1.28016689004381,8.69489836621741,7.75552653304804,115.554428925113,328.225360747682,5.772703479688
1997-05-14,0.749778609328779,-0.174706117076843,3.75012386851854,8.45019599491669,6.19457711743672,188.661491301229,304.534454723681,2.56692743946314
1997-05-15,0.633897061597607,-0.373471601721644,1.63574737816111,8.06426275332909,3.65920374376823,199.247154620737,305.610049021835,2.98958995046383
1997-05-16,0.735417857092923,-1.48676151321566,1.63485475586687,9.19254397844119,5.75614785054682,107.141359680535,333.94677147965,9.74392037030388
1997-05-17,0.916991427126232,-1.39952979863935,1.45499119314671,9.08015691150378,7.74591325873678,110.656240147633,344.68347873071,5.2561284856067
1997-05-18,0.995145923595128,-2.94836482053343,0.681215581575552,12.4662700720493,9.37211965313855,113.101901528997,350.270274112074,8.15846364671216
1997-05-19,0.994647684332062,-1.64170046243447,-1.14557345974044,12.8214025237844,10.4876059031785,131.674891517195,352.439588215586,4.56164335792986
1997-05-20,0.891848126261221,0.298547078638338,-0.206128643781435,11.9014187551642,9.25998308661721,220.059558805482,319.317421529462,0
1997-05-21,0.764592890949222,-1.23776051204058,-3.44082196919157,12.2055190737605,4.48418580605844,109.153721450111,336.592039464816,6.34762294193642
1997-05-22,0.911260625691137,-3.65010289047988,-3.27694155534375,9.79949098404264,3.60060254457187,109.132826744164,343.50511928063,5.46000377278627
1997-05-23,0.900421242156604,-3.73116574157062,-1.70722722934388,10.6577857531656,6.30688106812706,187.287877608025,336.105038249235,12.0667440977249
1997-05-24,0.996942500332821,-4.51185103318677,-1.74692211244037,13.999267481619,8.98272370256168,71.2251195237593,361.530840444689,7.34483507044543
1997-05-25,0.937848705648893,-0.738455634324775,0.876068360179812,11.8864180813302,10.7873162771817,293.765909890257,305.799465287819,0
1997-05-26,0.475047625522753,0.891103568973218,1.75251178384374,13.199048956907,8.6017186664245,218.819481588879,317.148472644182,0
1997-05-27,0.55493546091893,0.902953226701656,1.95548001431277,14.2631442385418,10.3840213799658,253.162551431002,316.486573457842,0
1997-05-28,0.426303480614247,0.301566241159045,0.657162223872392,15.619748532593,10.9208852600369,200.338645653568,333.670049346906,2.06750144032758
1997-05-29,0.79392159610836,-2.0104880193448,0.859667291414964,13.6398957252473,9.56272734766332,258.226618550484,319.33423447642,0
1997-05-30,0.255134206872573,0.488139815429923,0.399408410317216,15.0177379879264,9.91494972904318,270.710139799609,317.005169836595,1.00148920900929
1997-05-31,0.229371841498152,-0.304207292991521,-0.0874494663979421,16.2929656874701,11.1485369571246,282.306704067239,315.194929771647,0
1997-06-01,0.573083422963298,0.23506485702496,1.7011474354176,16.8494890176606,10.4944200984078,224.419533382292,320.641684134313,0
1997-06-02,0.897233886402765,0.165142395546325,0.786779562473824,15.5086760607878,9.69330601444561,189.861102388411,338.074186961216,1.17359884479768
1997-06-03,0.7012349779753,-2.06638680805993,0.291671968211846,14.5411866669,9.6643040018045,126.942441676941,355.76017116679,6.95092788618679
1997-06-04,0.908896091333521,-0.595896503755033,2.71952968380804,13.631590675169,11.1770015875396,138.07740649888,361.457078729352,9.25793914759535
1997-06-05,0.997687224278873,0.513282822451222,1.47501985335728,14.068355854981,11.3294840523106,203.637343710722,338.910872032732,7.6312626422288
1997-06-06,0.712894686905361,2.08186923803231,-0.324916814801873,14.5268718229332,10.1465010497426,121.712585837386,324.837501310126,6.00268478461291
1997-06-07,0.645910447240063,2.0628497332762,3.84310353966039,12.6926028646662,9.83414332471782,260.918130436713,298.845841326276,1.8477069072909
1997-06-08,0.468071756596402,2.02043251587575,2.81365972082569,13.4570937738982,8.99969688370044,248.684177742338,313.884930702338,0
1997-06-09,0.536004032186706,0.928052918001769,1.4873122232141,14.7019393953432,9.21971355150237,118.930550187311,351.932431796811,12.436716289466
1997-06-10,0.974210922905641,-2.77874504294805,0.765776455469366,12.304571429171,9.89407739905529,83.9971234440177,345.43452440333,8.19027673549975
1997-06-11,0.909478899533851,-2.15946255700958,-2.21971943621289,10.8688957992009,7.82491868761135,264.322561111795,312.903912265663,1.33774455372575
1997-06-12,0.638276091958742,-0.515670714254625,0.943406369998435,13.9439911474009,8.16384491740233,151.677097271775,331.516937644194,4.01740730717387
1997-06-13,0.948516925532916,-0.81868964394772,0.997316806791213,11.806600149241,8.43692482121508,185.065662977592,331.516051580318,4.7812505105603
1997-06-14,0.912918138613345,-0.988102856275431,0.864112519108558,13.0192036262718,10.1150797757932,179.31317408796,328.256209915247,3.53787005114384
1997-06-15,0.99974280991246,-0.0359592116182992,2.96138636247936,12.6874586787933,8.84440225662262,191.253940148138,324.777748242178,6.5092409145881
1997-06-16,0.675615638427741,0.144603232742645,2.58768557319585,12.1191380275292,9.90632110351537,140.818403578425,344.12990331358,13.5513619992679
1997-06-17,0.977328604309347,-2.71686318144454,1.64103282509694,12.7140522322084,9.34068347615482,96.8685165796447,355.910302456713,18.7553155687575
1997-06-18,0.951920224384801,-0.661159769082946,0.153292726709393,12.560422873431,11.1046008949144,207.765335115557,332.899657966231,9.98239914808599
1997-06-19,0.815272034710849,0.487211917762385,-1.78801433356544,13.0806558675739,10.3717076289884,231.630563481497,307.116536256419,0
1997-06-20,0.756502234019456,0.680385169651269,-2.1592606883067,12.8811239631816,4.91952301509808,342.714229765744,275.634356901562,0
1997-06-21,0.0434093285886314,0.343805307967847,0.0221254552027123,13.7541595480341,4.61442543249953,301.27479307203,291.257331088098,0
1997-06-22,0.329191854991325,-0.292427218656321,1.10306567540403,13.9326637382336,6.88480276483133,273.544236922912,308.731678950432,0
1997-06-23,0.508264729245239,-0.713712053184822,-0.720626779397884,15.2761005948003,8.61860065219853,185.168552776556,335.765612892989,3.03637966006548
1997-06-24,0.666223474412765,-0.506868778002384,0.282206641860224,13.8147430472451,10.0051213627439,219.781473210545,331.800009865282,0
1997-06-25,0.850440696233362,-1.38310499872822,0.145762974546279,14.8157586060694,10.1972143700818,216.8744971767,339.257632994426,2.00588666851592
1997-06-26,0.659666827020438,-1.38656243699618,-0.794442314231089,16.1519913608297,11.9571565341745,260.994059350456,331.516870745933,1.47751699999065
1997-06-27,0.589440607286782,0.433234776921848,1.22674635526269,17.222596945763,12.6293821624889,273.735139154288,322.591824159608,0
1997-06-28,0.782830972943993,-0.0483425457384291,1.72879566183202,17.1252305152148,12.5811491728748,284.930353456641,328.995383468982,0
1997-06-29,0.459639682351566,1.28582261283915,0.075230830707637,17.7860243518474,10.5162346162377,320.850340424798,306.509864442153,0
1997-06-30,0.327738709445721,0.92055900145453,1.50216808203187,17.5734459796552,10.2888187139743,251.93189669061,325.272226947184,0
1997-07-01,0.585153837981678,2.13508991319471,-0.377914286739297,18.3305168190957,9.76283013566337,284.701503704952,310.358793759046,0
1997-07-02,0.889953638842756,0.988485496638763,0.632929956630378,17.2032732483713,8.90635733914901,310.751148393975,331.438298572649,0
1997-07-03,0.708639739162747,0.831948666530256,1.15882632565483,20.1623875127633,13.1384054108492,253.99725968364,337.939656510968,1.58175192263222
1997-07-04,0.287994439343332,1.45539054070872,0.188892467412019,19.4929994319599,12.9110567676882,278.05771385836,323.147980734153,0
1997-07-05,0.220740109313982,-0.236211057353771,-2.25751746884044,18.2618756842105,10.6046623591784,320.628595250402,327.835760255312,0
1997-07-06,0.158525032284265,0.72208623886935,2.74125926846164,20.834978063519,13.2790519632529,320.522788195392,328.761515810547,0
1997-07-07,0.0407912700962774,0.29742522645623,2.69445586038769,21.2624990453001,13.9477048797902,321.78223152403,328.753448597799,0
1997-07-08,0.0133307639212906,-0.199547370901734,1.91956284484506,22.4919054506068,14.4243993529929,304.120638078168,348.445394544047,0
1997-07-09,0.258366760803688,0.306166696121038,0.964546404486451,23.6747549139136,15.5951167036263,280.094891717033,366.425833088995,0
1997-07-10,0.108845895531468,-0.364573558211771,-0.158209852393977,24.7414579611144,17.5412422909106,294.735173216095,364.098571520144,0
1997-07-11,0.430381287402065,-2.08761907274605,0.215641882828294,24.7721625301831,16.7063360691039,133.077165846359,383.140573728961,17.419498428221
1997-07-12,0.904902316615918,-1.61213540969614,1.28120700200758,21.449295012428,17.6903296830286,168.95174072256,376.450371854842,11.7338776132553
1997-07-13,0.779782307867262,-1.0600892774184,1.76848014186038,20.0547073167014,16.6886121243632,157.851459633013,370.65882450726,4.81236083565832
1997-07-14,0.826306266711726,0.146141042879385,2.39402475877649,18.2320311094849,15.4074305690041,164.973154463573,361.772031159654,9.32857288082964
1997-07-15,0.981670078468443,-2.77293002234203,-1.61354886321362,18.2668533022461,13.6025259538465,81.3823851237144,369.299333510249,28.732268753974
1997-07-16,0.935575611421821,-3.79206781195692,-3.55090829054046,14.1376198077399,12.1455596653619,71.5826977653616,362.752657992088,5.19541434275925
1997-07-17,0.954100193205603,-3.55742305263053,-3.8143160162738,13.1005737100668,10.0672133365224,123.841963372142,350.255320928192,2.56263564145932
1997-07-18,0.981350244803813,-0.961963183412398,-2.65129952086828,14.0521227538028,9.62315635900931,213.862593195696,340.203043484201,3.47590088815522
1997-07-19,0.772365793653835,0.45785298583723,0.316547223286815,15.747882534722,12.2732776201185,183.149999810695,351.959017277907,4.32966447219
1997-07-20,0.726992214179738,-1.13458623218325,-1.57676102795849,16.2280789808083,13.6704035544057,228.998805270741,339.257632994426,2.27416170871885
1997-07-21,0.454429814506769,-0.859044437143614,-0.740878499962922,17.6593295675581,13.4353231771964,202.470788272115,347.25992623244,2.4761269323691
1997-07-22,0.483954457693994,-0.905345683767822,-0.129639805271195,17.9359260149627,13.8702932463977,222.913639030637,339.696352093775,3.56983221905556
1997-07-23,0.413009869961679,0.411146709785896,1.42803633242418,18.0943425092665,14.3811871159695,191.143230380126,352.743260888057,0
1997-07-24,0.862714038698009,0.380800876412325,1.44301708627337,16.7491535473883,11.8339720621535,130.972224229046,361.565196816555,10.2868818414892
1997-07-25,0.995632916729793,-1.60694650567279,-1.63552389001152,16.5405070905569,14.0062257529536,51.952764063377,380.136057147654,22.8267414465641
1997-07-26,0.989511965907593,-1.60576471827883,-1.94721654560357,16.5333775868627,15.3871738703544,86.9598315004439,375.083509284351,12.6515294366954
1997-07-27,0.9635446103618,-0.28613735192399,0.687432038319252,16.9369393881354,15.4632132222645,181.90277463837,348.738418358958,1.00148920900929
1997-07-28,0.632904473992878,0.0770414790031406,2.58273802143598,16.3677467363902,12.067936538872,210.727874380005,338.625132403277,1.3711216517082
1997-07-29,0.76988350618282,-0.17876833438592,-0.662391673183639,17.5619879319925,13.7951306774303,207.263568610478,341.41010613856,6.43873708988687
1997-07-30,0.72816583060217,-0.792483842445833,-0.288249981149705,16.9254943820658,13.7485114374193,152.699943208012,349.587082461991,10.8175797550482
1997-07-31,0.705423566630812,0.997085230045241,-0.657330286992575,15.7538844283197,12.2059045955077,128.228324016119,339.36724663541,0
1997-08-01,0.691857519450704,1.35290518372029,-0.471521731922317,13.9439911474009,8.37117243059307,182.484416019811,320.973633990566,1.00148920900929
1997-08-02,0.488289284557726,0.581807106868693,-0.14435596193573,14.7237740262423,9.73958710990642,179.31317408796,325.410846280203,2.34767749072474
1997-08-03,0.575717113440238,0.284049209251604,-0.12409916251303,14.8954225482161,11.6353731224894,151.543913641833,345.681260056428,11.3954094183679
1997-08-04,0.993038989496194,-0.224047485097398,-3.81423010169683,15.4796289489709,11.8809054800004,31.8525711660146,365.741211702145,21.9870329840768
1997-08-05,0.998280899897309,2.44545617531672,1.07089671863879,12.7890682013122,11.3682162232143,100.701657699073,354.967769805725,10.372349403298
1997-08-06,0.97124114362907,2.18525895282464,5.98660031318925,12.9190278345085,10.6436787523043,166.140581894241,334.654432535482,0
1997-08-07,0.404033460818727,2.61513345929284,0.72263087644106,15.0727327469531,8.74744502570707,216.174184222153,307.351893213185,0
1997-08-08,0.643425474775972,1.15844546999918,1.05067608811841,15.1018421371249,8.2743405798918,224.035034045606,314.229864790758,0
1997-08-09,0.427915217005573,0.199263814834998,0.153292726709393,15.1748259947814,9.35773576277454,145.938823790073,326.666878637277,0
1997-08-10,0.667714960060173,1.03564455915334,2.52978575204889,14.8867343723783,11.0680250211414,231.778036476209,303.736350762528,1.12066237496714
1997-08-11,0.73210901488672,1.61117794197131,1.66100013827215,15.6555762090665,9.24871987268275,211.353924843733,332.835560044589,1.63147506957532
1997-08-12,0.659760616655105,0.672077512761338,1.42563918920058,16.735511356353,11.5582946574512,168.577187546015,355.94984158953,0
1997-08-13,0.639538096598294,0.365956717911725,3.11144363013438,17.4330163629795,14.4860694329077,123.841963372142,376.374138409971,6.71891052452747
1997-08-14,0.940505263592749,-1.98578873146673,2.09898890695202,19.2081787229661,15.8412549605979,163.133497531572,357.878283466386,3.69325910480673
1997-08-15,0.917671999140076,1.03574877862229,4.42852785795583,16.8421673756232,13.2963782281836,156.533418827864,322.115411073559,0
1997-08-16,0.456633035710869,3.24677950868918,3.80184654694064,14.7657559986747,9.20129961770071,211.451951197153,304.783521078601,0
1997-08-17,0.53622534528008,3.37412120865055,2.60074224502409,15.2056197549164,8.57562286144103,171.76161089802,323.680762805306,0
1997-08-18,0.996317662421232,0.98511652332075,2.89202421920331,15.1280272292587,10.695469778233,111.670338068654,353.537005199921,0
1997-08-19,0.71214030310329,1.50941879804895,3.34789433487693,15.894007039363,12.6611192331329,191.822924096848,302.765669306147,0
1997-08-20,0.569589017296796,0.839607223556757,0.768825925215636,14.8228912829555,10.1567881557787,200.191804321597,323.663209490661,0
1997-08-21,0.331018834567683,1.16824367658016,1.72720593412887,16.6120141697461,11.8075551772728,235.440678405915,314.781340684531,3.73431802185938
1997-08-22,0.436472318950231,-0.886529482084127,0.79337199491126,17.7639548719806,13.2635675171225,31.8970976471805,380.136057147654,22.3619387932931
1997-08-23,0.941821301706473,-1.02256262062097,0.78548629389205,15.4599233259437,14.6335261362927,52.8154330772182,353.810144615845,9.54461866686718
1997-08-24,0.683626731098016,1.84546507885511,3.0776472487178,14.4168924925274,12.0926672770047,64.2210365714622,317.32600181076,5.20428045743191
1997-08-25,0.586989030346602,3.45152424138328,3.55672718221183,12.9549494437578,8.22344538514168,230.188848836965,276.81822743889,0
1997-08-26,0.234256141010795,1.85701289450068,-0.501762793695098,13.5084316668301,4.63640826093829,140.240770252455,308.899403811424,4.45492333400042
1997-08-27,0.668370710460529,-0.357735282968262,-0.310311760359825,11.1626058652941,6.85932908729765,172.152475542512,297.528926099036,4.53661016156791
1997-08-28,0.348730908324453,1.01539648056387,-1.62455607405331,11.8479137734837,4.99316346266727,197.874591890983,300.533805619289,8.2746965282397
1997-08-29,0.904293233249928,0.316548722464275,2.92289995103936,13.1388176320929,8.10430275333278,87.4513079341508,341.748865820938,8.92070760055542
1997-08-30,0.397893339016208,1.88986576468739,5.25149662970464,14.0804334121086,10.7991279724845,209.697884756233,277.750833543322,0
1997-08-31,0.040442677954233,3.38932145205519,2.40276577710158,12.3702102719891,3.88264380070207,202.694372213982,275.455811485482,0
1998-05-01,0.77164885156777,-0.894525965728295,-2.19294951548592,12.7420008962759,10.0946878981806,121.051655270375,332.20208131857,6.52646243105572
1998-05-02,0.784537444840069,-1.73226727787627,-3.42939867912465,9.9730629074381,6.0704721699014,280.609935110651,248.080105963177,0
1998-05-03,0.0941349547394527,-0.678598755821554,-4.19536831948779,6.63557866135419,-3.78531516852873,279.499298529086,252.763437079226,0
1998-05-04,0.460034533960142,0.815809143181781,0.385610136618763,7.71155437032876,-0.0769314075580515,162.18514133189,295.986385104293,1.93803580247548
1998-05-05,0.75214100571662,1.28220390058994,0.887942567078374,7.48527028165841,2.4184944542938,222.490756289898,271.539874509472,2.66458862212903
1998-05-06,0.662063609916982,0.741794511712262,0.359261088476406,7.51010338078632,2.0557078754091,249.982803286434,276.159531338619,0
1998-05-07,0.397622177132418,0.994483330145917,-2.71942735135791,9.2636693803971,-0.168020966362305,245.180687830666,259.561645881276,0
1998-05-08,0.360713810546188,-0.0686744503087363,-4.78338808198383,7.51010338078632,-3.54085943540525,293.541442870621,247.079419901062,0
1998-05-09,0.0107493041638035,-0.466337036240278,-3.02696369508102,7.5657357633373,-2.38163600766217,286.071766163803,263.809713189606,0
1998-05-10,0.570992546385135,0.0769552701469155,-0.734170237369436,9.55420223527991,1.18092875034604,271.60977968394,283.032318855483,0
1998-05-11,0.434331294843346,-0.283814894528492,-1.56977832979045,11.7650887690896,3.33308039495584,265.133549065265,295.134562779511,0
1998-05-12,0.787656483632545,0.55913736165996,-0.96712183397988,13.4787299975393,6.8031103115587,291.743279136,290.133707563591,0
1998-05-13,0.276097889679745,0.647449207255819,-0.019512501814313,15.3483071910255,8.03736204003424,293.121496358105,287.101678421744,0
1998-05-14,0.311808021179059,-0.251775818856936,-1.26639862618522,15.8821365905272,7.22884316252643,289.22672275881,293.211419924177,0
1998-05-15,0.105820497382868,-0.274867092577492,0.353617770320782,15.448637974206,8.8952669312527,262.170825210021,309.703852679736,0
1998-05-16,0.218909369755511,0.0818264182769294,1.96107539318541,15.0944982125319,9.1632267825432,271.185473508927,303.546131627849,0
1998-05-17,0.652956141062847,0.677467153395169,1.89388899097122,15.1812870809756,9.32199128464958,270.308217089949,311.43201110716,0
1998-05-18,0.970153954759441,-0.0483425457384291,0.233461508063605,15.3572477982024,10.1150797757932,292.375722366064,315.3958666959,0
1998-05-19,0.485251355022592,0.257301421589997,-0.585105202592016,18.2812611250589,10.8670600390355,284.249699280832,328.392723918901,0
1998-05-20,0.324751174664762,-1.58641433827323,0.252609446232274,19.9430292926384,11.5892834338722,298.109917331756,315.240298870251,0
1998-05-21,0.0143211128980143,0.684348964281384,1.24576221782046,18.4793601762929,11.1343179930835,308.941081349755,303.592012331909,0
1998-05-22,0.0371448122181691,0.510055895043598,1.8141629772024,17.8819443031344,9.47921893781616,293.760396984351,313.048559912184,2.57289357115744
1998-05-23,0.31557438346788,0.0769552701469155,2.29625722176884,17.7857226383725,9.58001079009163,236.342391449252,311.192212982473,19.0587986054688
1998-05-24,0.26117822134067,3.62891704308732,2.33394882765429,13.5059422836003,4.81891947305651,322.742298022137,275.013980287124,0
1998-05-25,0.235406271276511,2.14276009207975,-1.3925288843955,14.339528137194,3.17850931231142,274.675682270981,306.138716621529,0
1998-05-26,0.651682490537963,1.88241469052381,-0.0339113365620083,15.6219290370249,6.5395252232578,212.999563700596,302.397506952389,8.80680056239126
1998-05-27,0.445033784153541,-0.645355806735498,-2.72178142144537,12.3008873479553,5.62296106939915,322.157176478284,269.168886015665,0
1998-05-28,0.124913323127058,-0.30340173331327,-2.79448744912968,12.7470838267375,2.73081284946607,325.891103287508,281.853184763922,0
1998-05-29,0.562797484759408,0.0267909836426562,-0.966078338212609,15.5154980524736,6.55454703883842,317.8187775891,303.7925636488,0
1998-05-30,0.0948426590596156,-0.0196969588886373,-0.921792719000907,18.3015020403887,10.6401867351522,314.441793489093,311.859627435969,0
1998-05-31,0.466111233295983,0.422994810715295,1.49211797932837,19.4333662529184,11.5807075790177,325.719724654328,298.669204275906,0
1998-06-01,0.336496686532283,0.708139939201833,2.79784087634044,18.103323650818,8.01061609414764,273.393625739632,307.811385401331,0
1998-06-02,0.402111401390223,-0.336393563913719,-2.61821223213704,17.0719786980747,7.56357859336488,311.651302572105,304.696956277323,0
1998-06-03,0.311405018735764,0.636731268147715,1.63954095899873,18.377561483073,8.5339018896429,307.90988592116,333.747325626756,2.29740523034762
1998-06-04,0.531697441593315,1.97024249392363,1.84815804391792,19.7856491161762,12.1062798525043,270.710139799609,309.303209284485,6.55419664775594
1998-06-05,0.375317165598163,0.443637071301233,0.2674606002882,13.8441758507559,7.14578946364458,147.173476830186,321.145613110927,8.62915657269406
1998-06-06,0.676915714777523,0.867261262054345,1.40471957616445,10.4248126443634,5.81026287113537,285.991794615209,293.848550125901,0
1998-06-07,0.700450542224021,0.26404335348401,2.24476639174453,11.1905592442695,2.45149180914896,137.835728136612,340.173549587423,4.48426966376242
1998-06-08,0.877853451638801,-1.29381861070382,-1.85163771877996,11.728577719226,6.72804800361207,199.247154620737,328.995383468982,0
1998-06-09,0.696201766294887,-0.137849795684011,-0.165773521844542,14.6344364262328,9.12046411955507,215.870902678759,318.764629485569,0
1998-06-10,0.380523313148384,0.869287610696964,0.622724346027363,15.9139996597062,9.00261787715262,337.209677700357,290.463406650147,0
1998-06-11,0.000487532256643299,0.955874655668989,2.01753246107893,17.1261537315604,10.3061392017837,328.851677570337,318.125923799257,0
1998-06-12,0.137449053083829,-0.779512637554802,-0.937894448828659,21.439610236682,13.067679949557,269.67885962703,351.774059168963,2.02019672586182
1998-06-13,0.561475874625679,-2.23939514963556,-1.90698404143267,21.4133103360807,14.6683505214918,305.854625632462,336.120111998101,0
1998-06-14,0.526668679714181,-2.37395644269176,-1.30326259783164,22.0457311294877,11.9088839416887,286.371114636066,333.997720996253,0
1998-06-15,0.651013218104488,-2.77874504294805,0.046264471556247,21.8314617288705,11.6393549700688,296.715800163652,329.432787519864,0
1998-06-16,0.249488317458144,0.207200315279876,0.371135288058026,21.8558554569932,11.7076757399939,259.374937171143,345.019141806921,0
1998-06-17,0.788015065312169,-1.38294742860303,-0.0289915584210572,23.8355046901663,12.1116337388577,218.551046007119,356.396696317498,0
1998-06-18,0.756501820706938,-0.262997166827487,0.639668825370364,21.8314617288705,14.3548591876016,284.52389152264,350.223392591876,0
1998-06-19,0.549410230793014,-1.72252483561228,-0.814262464432603,23.4911349597295,13.7031625619336,234.345307576263,345.442469023628,2.4035063676766
1998-06-20,0.815889937239749,-0.298029217935794,1.38681232191948,20.4105480752698,12.8603296970917,294.465375919387,352.095082757679,0
1998-06-21,0.367195686242922,0.983550727997768,3.19274188012456,21.8370509026112,15.0619073030148,298.616230059284,341.568135376738,0
1998-06-22,0.616553484068979,0.510055895043598,3.05846544607044,21.5244168071195,14.5336114406582,327.458982001135,331.971570250106,0
1998-06-23,0.372972075558113,0.26404335348401,2.98230669711391,22.093552405467,14.2654608072259,327.188735465441,337.159437444436,0
1998-06-24,0.040442677954233,0.34979672786452,1.74382313905524,23.2180087811163,13.6589099533932,327.865501597254,334.930914770461,0
1998-06-25,0.468140712252027,0.0764813738334679,1.11030099912522,24.4952780453894,12.1116337388577,304.437500175211,348.363905832358,0
1998-06-26,0.0941386711682324,-0.920032006995522,1.83991264183447,24.3955220335022,14.1243035238448,293.269639042113,357.521370872805,0
1998-06-27,0.408631245051405,-1.1540052039229,0.925508959402421,24.4667756825048,15.5951167036263,259.758933535074,370.914941803538,0
1998-06-28,0.279685989137428,0.059302756711677,-0.019512501814313,24.7721625301831,16.2075343887935,289.233308135933,362.941206263163,0
1998-06-29,0.27529770106981,-0.17876833438592,-1.07057524191857,25.4313925900864,13.7271519192731,296.29286457387,361.782585761963,0
1998-06-30,0.349424821784125,-0.466337036240278,-0.10261556777249,25.2191579691393,13.3168507445685,296.876451267685,368.545731101455,0
1998-07-01,0.31438408933718,0.411257439081515,1.26887683205768,25.2191579691393,14.6658705730812,311.502847681654,355.259512576508,0
1998-07-02,0.387726989903583,0.568504739692709,2.29337754833736,24.8046295959177,12.9667690908448,217.217324730844,358.948802079926,0
1998-07-03,0.643572446343617,1.19229671878963,3.56336772428947,21.9415150734942,15.0542720267638,213.396753957184,368.014433410634,9.58676958725283
1998-07-04,0.932045510484847,-0.33224570024909,1.59323044650623,22.8134835520062,14.5503971687126,220.420783357821,356.396696317498,10.4234875036214
1998-07-05,0.591727042201577,2.27192011093458,5.006733819558,18.7675286524594,14.2531726956498,206.621974356401,348.555149118563,1.58599010453996
1998-07-06,0.47322647739563,2.80773703274679,3.04959867552844,19.5534747218175,12.5055433425763,284.568185886726,330.304589659872,0
1998-07-07,0.285770467462449,0.269237777059921,2.89253304940072,19.3870981280819,13.4819200004262,237.142348463867,337.072203125362,0
1998-07-08,0.458869516549165,0.693750773806314,2.37483165237532,19.1311502576352,13.4553154189993,280.403380035936,331.366609185719,0
1998-07-09,0.251998758073692,0.69674021401168,2.35041255846794,20.2534006145349,13.6958973815191,264.498111473158,340.812089553894,0
1998-07-10,0.65762589039093,0.380800876412325,2.01753246107893,20.2035797145772,13.2782226266253,220.607641426269,352.204675708164,0
1998-07-11,0.585876545816893,-0.00426830371106283,2.49439420174033,20.4472805583502,14.3800169180879,225.267711261034,359.577491754492,3.74108494542669
1998-07-12,0.616642472086665,1.25820236964519,4.02576292297731,20.1955232700184,15.2981040574353,272.626965484472,346.445987673274,0
1998-07-13,0.506724475930848,2.96239932771923,1.31796570231382,21.2452490624056,10.6515430551931,284.718991359222,340.770175009555,0
1998-07-14,0.585876545816893,1.34130547432111,4.732952864881,21.0957129049854,13.4123654121481,122.952208783377,365.741211702145,8.92070760055542
1998-07-15,0.680160337537161,1.64783926291739,5.08158064552898,18.541240881721,14.857040908042,247.351176342194,325.544474257981,5.70920376657352
1998-07-16,0.531387052080055,2.6514744621254,3.25998689893847,17.9990695371471,11.013766654366,263.906733247383,322.346232285937,1.51391910271173
1998-07-17,0.613768932532769,1.87404562375048,-1.31769208469059,18.0750739789097,8.91078898249007,280.410447431119,297.892417721782,0
1998-07-18,0.394794589407567,1.44070349962044,-2.21971943621289,16.4969932900016,2.75663247019878,247.966407411064,306.916866702233,0
1998-07-19,0.753062622194129,0.946723123166203,-0.254434498487357,16.5041057517355,5.16675634736309,246.697667549318,321.262260258982,0
1998-07-20,0.47322647739563,-0.504751539288729,-2.53296380772497,16.8359456854117,4.93104531742757,210.142910650314,334.489750965791,0
1998-07-21,0.62473043570524,-0.644600016767783,1.19545562581443,17.222596945763,9.1632267825432,146.062897157615,341.568135376738,1.95956034083299
1998-07-22,0.594084766650864,-0.863656016245485,-1.09749881580821,15.6611352506624,10.830057637542,244.242336972356,324.504312756873,0
1998-07-23,0.250218024524086,-0.189520870812578,0.224074822141768,18.5289679154857,10.2876972096337,222.127593612788,342.15124951864,9.3268962061206
1998-07-24,0.758622009456945,-0.987923875254022,3.43664085131658,18.0956881633335,11.5582946574512,50.188703365838,370.425438782387,23.8643674559359
1998-07-25,0.808023786287256,-1.82813028857938,1.96889430965783,15.7481220905253,14.6773683252178,199.977528328864,355.278301402934,0
1998-07-26,0.703741048779761,-0.481179872993818,1.50375167823742,18.6682735864595,14.1495528830525,46.0792358047149,376.552283974713,22.0139731281407
1998-07-27,0.991690616881192,-1.68264042230173,4.08404819417053,16.7353488320991,15.2737455111416,214.231984615186,340.748117281915,0
1998-07-28,0.508912404561202,1.34607364791906,2.50881171651878,17.9658435342622,12.5556518290804,228.123031812246,326.514967606359,4.74755272848419
1998-07-29,0.749656136399664,-0.639777428178954,2.62162351325823,15.6481217631733,10.522008522834,102.117620199608,358.948320358413,13.7110695415638
1998-07-30,0.9635446103618,-2.84940910341527,-0.564317417741773,15.7034006310245,13.2831417473765,118.378296110667,352.290236264049,5.92595581553325
1998-07-31,0.76867964595367,-1.05755179754693,-3.22989685753643,16.2014013010223,13.4920335755945,222.772417661669,334.980479079976,0
1998-08-01,0.555198549502783,-0.541946173320266,-3.44082196919157,18.0085992430285,11.7364239803217,83.4831531010064,359.777350650006,10.2868818414892
1998-08-02,0.693088039958388,-0.558551979543778,-3.85244228128816,17.3940367000512,14.2601245288542,203.001673625935,348.751175293351,2.39241587195341
1998-08-03,0.529918615806827,-1.70851145230704,-3.25291744359666,19.0705383758166,15.0829958837936,181.946289450387,355.30256104427,0
1998-08-04,0.808088478952901,-1.19376331988651,0.506275431187037,18.9435750777789,13.8538921375445,192.726068609775,343.242681909707,0
1998-08-05,0.648110908362011,0.0733678720679645,1.9690541709575,18.4499011314053,14.5841080400431,181.955604726661,347.947813570192,0
1998-08-06,0.673058194396889,-0.503115920054462,1.74198250079745,18.6693521756288,14.569985626827,191.694555195071,358.087217212925,7.92343362169355
1998-08-07,0.815999060734696,-0.256822367376861,2.68784064856877,20.1157584914224,15.8785138486341,195.294568879651,355.348953546611,3.15040913021354
1998-08-08,0.383456982987551,1.1226406435436,1.92783002438738,19.5918988990143,14.475375823177,255.261039673969,319.307794468894,0
1998-08-09,0.721172617790822,-0.91982223105076,-0.27170464586616,19.3505278254831,13.7129938417158,85.4851058970624,362.764589407834,9.22790749811207
1998-08-10,0.663841173999236,0.314683716251252,3.11056120623103,17.6628128919941,15.7118644173567,126.69154936659,351.523214236809,4.88022334984181
1998-08-11,0.722956503876713,0.703474115134153,4.3937298060614,16.7660007140526,14.1844606285969,146.700271261712,360.232446758013,6.33943597292563
1998-08-12,0.936324012891255,0.202104224856892,3.80678802584231,16.6759834797848,13.6786811202661,27.9115649030207,364.74006099997,34.8460765917814
1998-08-13,0.820042144874051,1.91528063029343,1.13552457018488,14.7419032859512,13.0075873519305,206.344764236776,309.217079218017,1.00232182614236
1998-08-14,0.616607733809289,2.37384133855228,3.31955519765901,14.9057479531329,8.82553162469342,151.328415370462,321.334409669869,4.03436595651969
1998-08-15,0.669635855477517,2.27681791754098,2.89924080941386,14.9915044779552,9.95613209473598,167.413665178389,329.734581194416,0
1998-08-16,0.607349560280098,1.97450231954504,3.6000004211755,16.2354188966293,12.3642801734652,184.796141151244,331.883421729728,0
1998-08-17,0.789222771368091,0.244982353582774,1.66676400471549,17.1045792389132,13.0844097060095,82.7429403141529,375.481915517862,14.2061885546039
1998-08-18,0.902780741299676,-0.279625146323501,4.19764052343481,18.1395849477674,15.8131155809781,179.398355657316,343.405644122182,0
1998-08-19,0.527364849929983,2.79704040266584,3.80678802584231,17.2742630432697,11.8962589492668,117.176519933085,332.186272501265,2.23849246108389
1998-08-20,0.609805881937073,2.14247213949609,4.37295892875637,14.7963829202869,10.4144405208886,220.71638238885,299.807177181835,0
1998-08-21,0.463091382383018,0.960914120402146,2.19147936196497,14.5244829705211,10.1149532138514,167.255671058298,332.480421757388,1.64724558084495
1998-08-22,0.468071756596402,-0.243764909015092,-0.731075323211606,15.5403168276961,12.166177556906,151.652940250008,343.27408589017,0
1998-08-23,0.949604500229762,0.76057590377066,0.119446364318451,17.0510801829447,12.5093681755851,155.440080961842,329.776798432631,1.41847714356983
1998-08-24,0.365182345620247,-0.701535236393138,-3.33245423905167,16.2363868767551,9.61834884502579,220.835321473379,296.572113418787,0
1998-08-25,0.0872983828874976,-0.14662268565809,0.441169435818188,14.8004920509702,9.26381440186762,98.2358397140142,344.699603430862,4.7812505105603
1998-08-26,0.808074056385352,0.25609388751834,0.508388045366906,15.448637974206,11.8446247729362,54.1892881901034,354.653528846934,11.7338776132553
1998-08-27,0.865792911111937,-3.0775407414349,-4.02305790039328,13.3815257752653,10.9548509806986,217.382752779098,287.312095923536,0
1998-08-28,0.00926741182382537,-2.13630551632284,-2.42947309055798,13.7409671470765,6.23769866313631,207.833220546355,300.31815462278,0
1998-08-29,0.386545489389156,-1.48128282019175,-0.954517752308786,15.0307751447389,9.41882079875385,138.604344427025,355.259512576508,0
1998-08-30,0.80535863740937,-0.255291555123867,-0.814523368755453,17.9432777391298,13.9729563748489,77.4154410312972,344.635016936313,0
1998-08-31,0.863976452574465,-1.58296776572019,-3.94090704910324,13.73891339168,5.41018890897183,127.753469357987,316.974132088747,0.918920496259448
1999-05-01,0.197620821405385,1.00043430668887,-1.31769208469059,6.93225128055901,-2.26701166967473,242.650904071057,256.713759547935,0
1999-05-02,0.506408082372465,0.382504899693317,0.493005260955717,6.93225128055901,-1.09800282321253,208.859185386317,275.903038195592,2.18678379193927
1999-05-03,0.430617973163855,-0.420837729416524,-2.59632971283967,6.59173362096699,-0.0328738842126661,259.758933535074,255.459706409334,0
1999-05-04,0.213654419516581,-0.178726445962654,-1.32759328834916,8.34231688313219,-0.931930796926281,268.332790170156,258.427511491885,0
1999-05-05,0.463448219166259,-0.809570879707777,-1.05772790413887,8.54716216697989,-0.189432320734869,277.131732205823,263.006440605903,0
1999-05-06,0.336896559871042,0.868423482528059,0.271170243369666,9.77550275092579,1.57944618257882,258.684225384429,276.005621570964,0
1999-05-07,0.378442300540542,-2.25917800269093,-0.49384515600357,9.11072340442147,-0.208986642493424,201.635015470615,281.878647709663,0
1999-05-08,0.438866110241188,0.708420056154875,2.69613756441868,6.59173362096699,-1.51755407514128,291.326568984366,256.155358483217,0
1999-05-09,0.31183328196541,0.255319903202602,2.26440007629991,8.8232770742035,0.202596890609385,183.180527122537,302.652732655653,2.28374239628182
1999-05-10,0.963329369351673,-0.716257307041617,0.508388045366906,9.97434358199217,3.05193504482389,155.231003262993,334.488078260532,4.74313657475378
1999-05-11,0.999957180417325,-2.08633182808845,1.69686105896123,11.3622867018331,6.47227056761609,87.6941799807483,356.396696317498,5.66896827667991
1999-05-12,0.999743526734097,-1.68666875715005,4.5085214034266,11.6335374091338,8.16371419232899,39.0599354462556,366.517025190341,28.7464081711116
1999-05-13,0.940749644580509,-1.65285429352994,3.86381520302028,11.7196369014428,10.7237935949748,157.402845032941,319.054300216603,1.47612259348301
1999-05-14,0.486421427666923,0.0599703892979718,0.145762974546279,10.6577857531656,6.57412973240554,254.281385479905,307.201138289676,0
1999-05-15,0.772392319905669,-0.0987451586688311,-1.69297990331147,12.9457772072252,6.47480336677086,55.4121946948927,352.471501674877,4.52539730543246
1999-05-16,0.926444536713494,0.0155737055490699,-3.4150753402467,9.93557796244018,8.11751960593467,179.439603089238,323.392480749935,0
1999-05-17,0.530165285155907,0.171544254478677,0.0882368841045126,11.6107808284874,6.95441223670715,283.895616570639,287.860681871728,0
1999-05-18,0.158728597782228,0.231034200496031,1.48244287062161,12.3045625664931,6.62647224861612,203.970356671468,319.652621205284,6.76808057294908
1999-05-19,0.786423444170545,-0.610006245201643,2.31341489202869,13.3442791576728,9.38808275337198,192.29928126897,322.274478726998,4.45573938127825
1999-05-20,0.491951786067077,1.53565879207329,2.97287989558695,12.1909300087643,8.50636307591427,289.736886350283,298.155577316379,0
1999-05-21,0.633854264312872,-0.00165040233230301,-0.0269996911779053,14.7014545095335,8.132869898648,63.6679218477225,356.952176034553,3.97000855419426
1999-05-22,0.99144751184301,-2.35651042249527,-1.82670921194995,12.3411345959868,8.79054054322171,288.284979842655,315.434061035481,4.12721486850076
1999-05-23,0.67795279155455,-3.11172626353738,-1.24432288100917,15.376615321337,8.18224942860949,40.8676103669252,357.915594113978,14.608898312104
1999-05-24,0.93388632118877,-0.361456521318087,3.31955519765901,10.7195931078716,9.51862699280275,199.828621308772,324.597486457088,0
1999-05-25,0.666223474412765,1.17476379097618,2.91612256664448,12.1925834164764,8.83348622679922,255.5569204204,313.819751356157,1.99726322526424
1999-05-26,0.666877979283108,0.819799563502031,2.05898467294113,13.0273077522042,9.6897069908815,279.734284374986,298.382923156474,0
1999-05-27,0.795676060570374,2.24304241360834,1.91677255870159,14.2827515195641,6.77648956682286,278.402170628055,294.559594792406,0
1999-05-28,0.450487038402631,1.01510572379008,2.04366753073448,14.6906555815116,8.69548171347389,89.5403869551335,356.047908869155,20.0556406818468
1999-05-29,0.889662453203881,-1.84441864052371,2.16115652462785,14.4778693496411,13.0669598890506,239.999452566528,317.630561264427,2.39364727178552
1999-05-30,0.617617748591362,0.831948666530256,3.97986344072914,12.8010515671256,9.01944187960686,159.659582851437,328.781538570578,5.24696137835095
1999-05-31,0.774716701740073,-0.122541264500939,2.55453191658383,12.0348501146046,9.64755352889773,188.324980332764,330.306433790175,1.36641139157006
1999-06-01,0.748908254308107,0.0691492927989539,-0.693088995911811,13.5357686701707,8.85677592228853,101.001885862607,337.606303326667,12.3817028874735
1999-06-02,0.991436795450852,-0.158613192404429,-0.513233520323434,10.9653186977558,9.27921573242076,159.372657290562,331.616041011686,8.1968182239894
1999-06-03,0.621716566013216,-0.645355806735498,2.47870106916619,12.2296573431363,9.57960817010261,154.037873088661,336.777716683834,0
1999-06-04,0.922758981678474,-0.424968606105175,-1.96864201124457,14.2440469898889,9.38609050657848,109.56870946348,353.97506809266,8.69758806009151
1999-06-05,0.961441490674465,-0.561771465123297,-5.19606680657826,13.0924735846451,8.55499499154224,90.0468395797559,362.329775559224,2.80288641666832
1999-06-06,0.930014654585411,-3.01992201350039,-1.94896598988193,13.7794780202112,9.91494972904318,211.865121438363,332.899657966231,7.54392575327042
1999-06-07,0.650656298219928,-1.83561846009817,-1.94097366367581,13.8646615122496,9.60439589310196,216.8744971767,324.398456655213,3.28746069960637
1999-06-08,0.702416817241245,-0.332607680889605,-1.738281019271,12.992370283163,9.14876195729788,211.865121438363,324.158288555315,3.43440186055571
1999-06-09,0.817622868325878,0.171544254478677,-1.16292813260353,14.3976224183907,9.77436736264372,239.108760902525,323.414804689136,5.50393368053868
1999-06-10,0.733004142619394,-0.14662268565809,-1.48568130331257,14.473776052722,11.1385176175368,228.611759121562,332.614995326337,2.09358605914029
1999-06-11,0.712894686905361,-0.431574503945037,0.624198164995233,14.8760292740448,11.3682162232143,215.116676823172,326.635140688599,0
1999-06-12,0.732019306992303,0.668339338819607,4.22033942514051,12.2145502834622,8.05615249828239,279.869372045685,295.842334479721,0
1999-06-13,0.378465719504759,2.03669908212263,-1.45151907865378,12.9549494437578,2.61093221238528,252.564096309978,287.051228915718,0
1999-06-14,0.566050001008974,0.171544254478677,-2.48214668509693,11.767392404683,1.56288371839273,340.195431483587,268.54488360475,0
1999-06-15,0.320971362656894,0.300595717876665,0.79337199491126,12.4807801660688,2.7129989555396,280.609935110651,323.035303753717,0
1999-06-16,0.6703249608241,0.951825479173812,2.68133293582114,16.4940491777279,11.2500477423064,277.639544920405,315.944041688757,0
1999-06-17,0.551608470771892,1.5889047647431,-0.519764921992655,17.5928542349678,9.27862262059584,245.537928186009,323.745779810471,0
1999-06-18,0.329740541245978,-0.262997166827487,1.91349299271457,16.5839047593212,10.5317751977012,159.460087197922,364.083180519518,0
1999-06-19,0.961820044697055,0.86564164430099,3.88300349082922,16.6952994193929,13.1661038591124,35.2533172084753,382.256298101694,7.92134120922886
1999-06-20,0.993470028030496,-0.0877874621831046,2.33514820933329,15.4044824040249,13.9903512127574,97.8550815300345,372.485774475816,7.62187066462875
1999-06-21,0.965947569163036,-0.369244561555638,0.381565942916195,16.4688460801685,14.4345465285645,147.126748840299,355.265288848505,6.25082505210286
1999-06-22,0.530344421269209,0.837608891912158,0.841399148228316,16.2098837409218,13.6589099533932,298.635687360153,309.002142262264,0
1999-06-23,0.408421524728223,0.698146828159484,-1.8482907133335,17.8849922071935,9.20129961770071,293.995297020343,319.547375559556,0
1999-06-24,0.828941518569622,0.273825313834123,0.408445832381138,17.3990909143316,10.2259094570032,285.016418823477,337.885633788256,0
1999-06-25,0.526668679714181,1.0455010172237,1.4636526697436,19.503938182013,12.6831920473807,309.879685143386,317.129675753724,0
1999-06-26,0.765585175040118,2.04090047346625,0.98317533517329,18.9319855662318,9.50733008989974,280.342924905742,338.873608711501,0
1999-06-27,0.442109441789796,1.58277137714668,3.50557268704101,19.5144798441858,13.5699166695983,313.201596253283,335.831777837715,0
1999-06-28,0.339350258568402,-0.446384631858775,4.30366580106163,21.3912997855907,14.2479326903484,151.768087020041,355.446885621438,11.4533455016749
1999-06-29,0.55493546091893,0.0541489478939532,1.31867878036627,17.9556641398336,14.4324765059227,315.519918546956,308.891735942992,0
1999-06-30,0.622660280738614,0.756207979365472,1.93985388680906,16.6742109546984,10.1399055071557,275.719100429816,321.974314051498,0
1999-07-01,0.996075563693404,0.147597347222545,3.18446209400034,16.8013132234252,10.4553796405734,165.529943597199,340.300210572554,7.10738067473414
1999-07-02,0.508578804058443,1.24857520760454,2.31957200644292,15.2024488189345,9.94225187249998,291.119099813675,283.081995905173,0
1999-07-03,0.312564265016708,3.83377836556173,2.35557071807622,14.0033246596116,2.38955554073604,307.785377505364,289.969644977849,0
1999-07-04,0.570145890292383,0.964711518593481,2.47654479976881,14.472519506286,5.92540858978027,240.591376684533,321.360625619293,2.37295797913728
1999-07-05,0.721492215306925,-0.703998306602729,0.357362723937537,13.8961121715205,8.61756260665009,259.2583692735,311.668767184483,2.11348120233822
1999-07-06,0.432255128735017,-0.651059202318573,-2.90942288043401,14.8929057051225,8.03751336159785,277.940471639364,312.289769711556,0
1999-07-07,0.682067396501492,0.227798088874391,1.71106297523262,16.4564010222859,9.49232559676975,324.62635948098,316.567323903521,0
1999-07-08,0.00150870503478209,1.00350865800205,2.89924080941386,19.9028853780392,13.4175746746557,310.499516677343,333.266338950396,0
1999-07-09,0.0422888461394352,0.775866250066765,1.92557465555434,21.2566973454886,14.3573974435117,292.249580694785,345.442469023628,0
1999-07-10,0.153528271299683,-0.695119816670794,0.85537503964024,21.7298200189733,15.3369441079558,285.701918709982,357.445546080534,0
1999-07-11,0.309600623669997,-1.43884018367739,0.691286507373974,23.9490814593576,16.2939717327963,291.207825544488,360.314637433242,0
1999-07-12,0.646152358824901,-2.84940910341527,0.361239212946737,24.2460271339442,15.1241221068465,268.513227328151,357.362505098893,0
1999-07-13,0.680007137848785,-1.9397417615902,0.113543756204159,23.2797877013328,15.0713487389563,111.833693467413,383.143458664933,3.08520382101696
1999-07-14,0.82665952271094,-0.563140025886182,1.03929369749864,20.717637208517,16.321569899795,234.633419336917,345.442469023628,2.54634114119994
1999-07-15,0.466438908580626,1.26763134758941,-0.135359215548971,18.1037367749893,11.6600134106109,286.604649914669,315.585702242193,0
1999-07-16,0.299956740700779,0.956292112263396,2.79449290942386,18.0413370505876,10.2696960284313,140.276041914124,357.362505098893,12.2144875645826
1999-07-17,0.970153954759441,-1.57196135103392,2.85833030753963,16.3192442034836,12.3536251921934,98.0965341495239,365.496809504459,7.03530312502
1999-07-18,0.826806475229989,0.770001439811541,-0.0106909020610419,16.1040835365618,13.656231538498,220.691683445915,328.594028426677,0
1999-07-19,0.580863526929738,1.05940069708528,2.09721567868424,17.040729590732,11.6237484851256,313.450983627681,299.896587546886,0
1999-07-20,0.284631550612122,0.0168120460583932,2.52398187020153,17.4214485594438,10.8081570199639,211.648300477896,351.38689323091,0
1999-07-21,0.960337613888091,0.0255097361852664,2.50080667975366,19.3401905910119,13.6986693337703,249.049510187134,344.213846740622,0
1999-07-22,0.473207806048851,0.55913736165996,1.81497364472434,20.1075834124978,14.1507963174601,283.022675089179,329.432787519864,0
1999-07-23,0.458082415007389,-0.140070586344381,2.05855668033779,21.1253497178959,13.4440852960543,267.684177785057,359.469046108426,12.0560795753042
1999-07-24,0.506589476772406,-0.302105602056256,2.51348854021817,22.7949211479943,16.0609214452965,88.051197062378,394.60912823484,9.59030511478646
1999-07-25,0.982302694359106,-0.380833396276824,-1.70290821240973,20.4918407619629,17.0200800659328,148.266145956889,389.256685207644,2.70969480680754
1999-07-26,0.996897963567565,-1.14246363637312,-0.943229652609351,21.9568091997171,17.8721200225735,197.524871293743,371.513272543339,1.3323641307031
1999-07-27,0.542339727350962,-0.351754965661184,2.00936599143346,22.3059931831661,17.7605727387498,235.456531753806,357.056928440597,0
1999-07-28,0.451551662849279,0.390045208676233,0.258584400239077,21.8558554569932,16.0687779498995,246.582521331722,340.173549587423,0
1999-07-29,0.499809454268676,1.21842385906721,-1.4626521606004,20.8680998748002,12.7978023554372,279.119434329941,305.888657103914,0
1999-07-30,0.273524564945327,-0.620832744481992,-1.52899421001981,18.0792612704883,8.2743405798918,245.542574217451,318.355066619082,0
1999-07-31,0.422629607677439,-0.662235436227825,-1.40476717172473,17.4533195871778,8.48216240719822,188.173303542727,329.938284953221,0
1999-08-01,0.335726409275603,-0.362653212763364,-0.731075323211606,17.1712653157709,8.55167348715852,244.242336972356,318.326496107907,0
1999-08-02,0.0986010321526745,0.611515935370277,1.25934917097595,19.0064268355391,12.2771160762841,247.380892147385,335.552507683868,0
1999-08-03,0.844146040448108,0.128137933334891,1.07909226213145,20.2244218162865,14.4131518656255,140.276041914124,358.80382117943,0
1999-08-04,0.813801619084721,-1.74249719663025,-0.771733336187595,17.8849922071935,12.7156642876904,114.191042209414,365.251527413914,1.32457642514339
1999-08-05,0.887480135802969,-0.928564458786146,1.54616276453492,17.6079105560108,13.3168507445685,242.037132699758,349.524400713414,0
1999-08-06,0.77164885156777,0.718493773280434,3.10653455971947,20.6308997082891,15.1954891174746,190.285361936874,358.655477828073,0
1999-08-07,0.994877333823867,1.06857820004547,4.02165995668337,21.1253497178959,15.811835821346,201.869818926403,356.922202587241,1.3711216517082
1999-08-08,0.652686408943043,2.22090983881167,3.03255340311268,20.9578311675524,15.0542720267638,206.128543424519,348.007712575279,4.64035483643426
1999-08-09,0.759816860847398,1.55775572633816,4.25900657196376,19.5534747218175,13.6715837413898,226.690015203853,323.882882011044,0
1999-08-10,0.197620821405385,4.12085987690439,3.595560132666,17.4527719831917,9.93049121830701,227.066138167561,299.807177181835,0
1999-08-11,0.385092697169571,3.5236952355252,1.95953895068444,15.747882534722,6.60006892705286,181.875164044507,318.557587263627,2.58433101657088
1999-08-12,0.989626303488497,0.238385983202344,1.92353031160624,15.4775765915014,8.74320962849035,27.4309504111281,359.036652081093,25.7402841098768
1999-08-13,0.747097920245795,-1.86954015550317,-3.0771054564556,13.0961979629983,11.9753260996342,192.839543387901,326.666878637277,0
1999-08-14,0.813489618474781,1.00899433970871,2.78845333678677,16.5691884954301,11.163067260099,156.701968426967,356.397625206222,0
1999-08-15,0.666524390287113,0.730495808015191,5.22584033793563,18.3085732406481,13.0807814979673,139.348079820492,356.023935600625,0
1999-08-16,0.655198978462105,1.02297960264502,3.32811953354005,18.0529859836985,13.4396073304375,245.34563944088,296.848060872336,0
1999-08-17,0.339707771457562,2.21168580342255,0.723235999386078,17.1744506407818,8.57584442881814,216.569288732725,311.326856920126,0
1999-08-18,0.891823206913915,2.22621549752743,3.1739668015575,16.2629085937012,8.96539567240758,174.592254809272,334.726840367686,2.63418146262741
1999-08-19,0.245998923912615,4.65891351820277,4.13032914666626,17.1252305152148,10.0190588381997,162.329792308847,303.250750289714,0
1999-08-20,0.443397236560298,2.22621549752743,-0.951053862907558,14.3246752316874,5.47437686219831,203.524291279066,286.602813020486,0
1999-08-21,0.326411047011027,1.01539648056387,-1.76067196230866,13.4534907497063,2.77304165961809,193.833892693721,304.303442942523,2.36642113975394
1999-08-22,0.678904032197273,0.597961413989607,2.10533967005712,13.5647644515743,5.75744283384093,180.499392899662,325.12952394811,0
1999-08-23,0.61076894390449,2.36484564483174,4.30366580106163,14.9973904894816,9.20342535409552,166.614940168303,318.555394136219,0
1999-08-24,0.712444513000985,2.06322272221219,2.37846710814764,15.7373400047494,9.94008333851999,114.412763610417,346.310624464524,9.86895502252791
1999-08-25,0.909478899533851,-0.402335595179187,3.12761347240558,15.4584752460185,10.6046623591784,189.598462482015,308.246181303377,2.05028572288562
1999-08-26,0.26665200948398,5.40149582412443,4.90156613376298,12.6146950299491,4.98315559275196,225.563279611002,263.958385035364,0
1999-08-27,0.130246140767777,3.07068997294141,2.9505253817935,11.2921077885564,1.79678458877143,107.795619339282,307.489722645668,10.8776278275829
1999-08-28,0.615957682677818,1.3141171967504,2.85912303303002,10.5700905978111,8.26256691072449,185.140895376137,284.491417158479,0
1999-08-29,0.591423063065702,-0.632292942854695,-1.64783718644716,10.9729456214521,4.03124399065034,46.8593007891971,334.690266078855,22.6315603345159
1999-08-30,0.999957180417325,-3.32401317785935,-0.491493184894548,10.786040802632,8.99916598119233,24.660494154687,366.734917526895,13.5571835740434
1999-08-31,0.972498072456868,0.394225373609111,1.8155734728661,12.1921211308934,11.358899251219,17.3971990397366,363.148081116625,4.99351205653679
2000-05-01,0.632926847463456,-3.11172626353738,-0.117652424842922,12.7692587410018,7.8551790240906,69.5106495416274,346.003050585236,4.54018716220106
2000-05-02,0.946482043897229,-0.296224964282042,0.614105676456506,9.20947608046349,6.62296630927432,137.835728136612,314.261462997016,0
2000-05-03,0.468071756596402,-0.563140025886182,-2.51186816590892,10.3746807947834,3.73782444179413,279.478043532774,265.469808603961,0
2000-05-04,0.0508422494316657,0.360010560478677,0.719308270218643,9.77147143853727,2.87430614832336,285.991794615209,268.657175462371,0
2000-05-05,0.130186143969739,-0.405797780499932,-1.34304300750334,12.0487782025428,3.36167707555955,285.505883542505,265.397098384611,0
2000-05-06,-1.66340630512752e-08,-0.21876055578603,0.146192555782287,10.4470544397672,3.15299113492296,285.018283796301,278.035188731024,0
2000-05-07,0.276376168962891,1.13644005607907,3.51143038194287,12.6223579548451,5.57314877307886,226.976638588309,291.152396839241,0
2000-05-08,0.789493554178897,1.83203378834815,0.789629456580908,11.8588453528856,3.3417850441927,292.116456437555,258.427511491885,0
2000-05-09,0.35486896410078,1.30040996988073,-0.636272483029493,10.225234138691,-0.644089597378081,182.910276412638,305.584378478212,0
2000-05-10,0.673289317311562,3.19800324466806,0.622724346027363,12.1921211308934,4.60959971228749,220.062419451917,284.28884390025,0
2000-05-11,0.629492389034727,2.91411917604021,-1.33195583368289,11.1038747298774,0.511072203214191,170.429851001564,289.089870709738,7.56968054925588
2000-05-12,0.756191682255224,0.447325369555618,-0.428264682014281,6.42704941801158,0.821612328417129,149.667290235416,301.001970053467,9.14005788360932
2000-05-13,0.936324012891255,-2.75555441664758,-2.02797210871719,4.4738389947709,1.2176592698885,188.946582506735,291.481167855769,2.22072098840998
2000-05-14,0.802558086937348,-2.54576211143578,-0.118246876813449,5.68067202729578,-0.552864536305774,200.096139306371,288.873428083944,3.88277572397695
2000-05-15,0.6057990354196,-0.15934792981748,1.89974418179804,6.58219353298365,2.71411284993471,225.649343750638,285.231683531198,3.43115996568689
2000-05-16,0.604119633254232,0.481267220765893,0.731068663144393,7.43508199209561,3.52733900238318,254.936178129858,277.788551791441,2.07142682579485
2000-05-17,0.521965097403909,-0.291164942714203,-3.0419684366492,8.06426275332909,2.41378866604412,278.286298632847,264.92607767619,0
2000-05-18,0.263123278932634,0.289661845686756,-1.6674006292436,8.70010341159733,0.202596890609385,299.109056332956,270.242328192931,1.5839303080684
2000-05-19,0.617015853966675,-0.613053823150939,0.767940453117343,9.26742179647717,0.929236780088989,95.612751569452,329.133875894257,8.32963272441505
2000-05-20,0.829571196371655,-2.16864007526775,-1.19011663729509,7.06244014701315,4.0120793968733,212.599275820671,295.855977234103,1.65038584246638
2000-05-21,0.51317855991209,-0.443593190824639,-2.3562293252397,9.18295530132194,2.06002402842628,261.744945594935,269.904425295981,0
2000-05-22,0.355406320046569,-0.366933882110536,-2.95975555665715,8.79101581166305,-1.75461011221908,307.212752265074,262.092383172281,0
2000-05-23,0.37128636329424,0.140474549611822,0.352257654481604,9.75131654503529,0.0875277320818206,235.846284543544,301.570794267624,0
2000-05-24,0.803698528658038,0.685901371223427,1.86737834153761,10.7195931078716,4.10725218747327,241.136807684991,290.234983065735,0
2000-05-25,0.273997604131385,-1.20817232838173,-3.18376715003631,11.1626058652941,1.76094394209068,278.361895140602,272.652942158194,0
2000-05-26,0.288543087280175,-0.928209484000382,-3.42939867912465,9.92443246485938,-1.23062125141114,323.795486449493,261.553748185539,0
2000-05-27,0.251877053017347,-0.336393563913719,-1.10218962603627,10.6162271540079,1.24969458036897,271.544931080902,288.5718258319,0
2000-05-28,0.393309001383487,0.077796755020676,0.618106349057207,11.4514161441853,4.21125437537931,224.076151530672,313.884930702338,0
2000-05-29,0.916157877452731,0.216259149261511,1.91538886121794,12.7384870548395,7.74591325873678,233.58927196085,327.56563787953,6.85983221884711
2000-05-30,0.686656053506327,-1.62267379317656,-0.814523368755453,12.9437595099732,9.31675392868691,90.0468395797559,339.158609236996,6.65532257547313
2000-05-31,0.971462731059725,-3.59270087236999,-1.49361981651545,9.62673385415604,4.74893280499688,106.280763771172,334.654432535482,7.54112236198896
2000-06-01,0.968019362617351,-4.17942446264595,-2.00859326983933,9.53769264606012,5.2535123096889,90.0485660373141,345.019141806921,5.82536410753461
2000-06-02,0.995256424040828,-2.53624902162255,-2.39426291745277,10.9000330014821,6.12582441007449,153.945322115204,324.934742908292,6.98893315241609
2000-06-03,0.959258256729068,-1.36909208973783,-1.27433215507406,10.4145787294454,6.94162360837622,156.715269242226,316.892060555173,3.35857294494274
2000-06-04,0.916930193424152,-0.101613271234148,0.406027342346974,10.7504281302964,8.32961867577772,215.879571815458,319.482058192966,5.28908462161236
2000-06-05,0.567418237787063,0.364529850449981,0.647656021353908,11.2709233250164,8.05107881314676,202.250009938042,304.696956277323,1.34625697872116
2000-06-06,0.44101763226996,0.332817178790821,0.256918219124334,10.7250580488162,5.98045275570193,258.023654029151,303.536775689868,2.10763656438685
2000-06-07,0.770716122376006,0.344817571824619,2.29786145549217,11.880669629857,7.25777130790034,100.748638725483,348.75787230854,7.50676677176278
2000-06-08,0.896475132733374,-1.73900477782371,1.30694024763094,11.4932456380039,9.73321650273829,190.982433206689,334.654432535482,9.24811125648
2000-06-09,0.855827899836864,-0.156532295965685,-0.567354073637673,12.7292171213992,10.3658308696275,246.582521331722,318.512791328501,1.71027876584023
2000-06-10,0.423936567100046,-0.626624856736602,-2.85652689025832,13.1609146914467,6.98762144864718,288.284979842655,296.76329144419,0
2000-06-11,0.578976562078859,-0.227304307914785,0.852381675232966,13.5060773944543,6.22362203727192,193.525979852801,322.376089150136,1.59853899996975
2000-06-12,0.935787798394703,-0.668470272863164,2.37846710814764,12.5927900841653,8.87499140919475,123.948145340649,340.307058471826,7.62122951851184
2000-06-13,0.986129390263337,-1.43703763057566,0.449737880091443,11.616023042391,9.56520476349971,131.672988067502,334.331897952471,4.13336435660523
2000-06-14,0.932795511107781,-1.53033497173613,-1.81729398577103,11.465223762981,8.31200512917521,193.188087799313,332.264676250715,4.82231380839658
2000-06-15,0.920272357568477,-0.541946173320266,-2.90942288043401,13.1073504945535,8.82357849233607,173.581952938787,341.720603182041,6.35406480332985
2000-06-16,0.791465211572646,-0.851190830403605,-1.96864201124457,13.0961979629983,10.3268494910348,203.233313060218,322.040132069102,7.54112236198896
2000-06-17,0.837051659691759,-0.940864331447055,1.17844027926769,12.5014884444212,9.24871987268275,119.044676809803,343.689714395442,2.68882287649385
2000-06-18,0.961820044697055,0.50900733144908,-3.76496424855096,9.86638377763706,5.49459317351009,162.686347821852,332.237807596771,4.58686017406997
2000-06-19,0.966612559586014,0.911944250907264,-1.88003897258314,11.359568511423,5.89825121461464,156.893230158383,335.230581703106,0
2000-06-20,0.840650618447176,-0.61584359002952,-2.40489077775933,12.7086029132803,6.38491625875089,247.21282368626,317.237726897808,0
2000-06-21,0.426536097239447,-0.758926394387608,-1.35515004781932,13.5681682626644,7.23954015375719,283.845246990282,312.881535650239,0
2000-06-22,0.555326431425218,0.568851281003901,1.22165827219068,15.7311192147552,8.77930610080505,262.77185306861,330.304589659872,0
2000-06-23,0.811919160951966,1.94520629455475,0.706482585818602,17.5500397447087,10.5317751977012,292.397701584756,297.266942175225,0
2000-06-24,0.249887404416517,4.4458909778276,0.454110484832639,15.2078514735337,4.48738525354364,301.30625748503,281.502359153523,0
2000-06-25,0.360324438441332,0.824446323364946,-0.134102572765794,12.7229796544376,1.82358565536994,269.272599831737,300.754674220697,1.36641139157006
2000-06-26,0.749710295056346,-1.02968976024398,-0.140344038511859,12.9087009490831,5.43566728802855,105.526827300316,330.972638868654,11.4510920747733
2000-06-27,0.905631354307319,-0.148657115710214,-2.14269634631112,9.86394360665514,7.64298128411598,190.250420839635,321.334409669869,1.84131188581696
2000-06-28,0.971462731059725,0.261620171132904,2.15728882419087,11.6236648232585,7.04918162481544,233.746933024943,309.322841845025,0
2000-06-29,0.681917086221561,0.25133154330715,1.92002752095908,12.0516043491366,6.86556516364725,273.224362645098,297.518111106386,0
2000-06-30,0.286774825655113,-0.0400888613377163,1.23263700096334,13.9366957429983,8.73727127689798,292.035870197452,304.468157661609,0
2000-07-01,0.506636946986891,0.413671506784817,1.27683781915889,14.933580516954,8.96999354736054,253.087094603704,321.492996743529,0
2000-07-02,0.653186438004838,-0.660222000916558,-0.310311760359825,16.5839047593212,10.2439690757971,174.058312326744,345.318909717507,0
2000-07-03,0.679995617017709,-0.756669848615725,0.874454418588266,15.1696337882673,11.2500477423064,192.774174542015,350.28334277774,0
2000-07-04,0.701466315119323,0.0500305525501495,3.0038556528026,16.4052013151795,12.6014516629498,163.827393562133,358.994424827616,0
2000-07-05,0.719315673581929,-0.23088421884102,1.63519256839211,18.4821337547264,14.5196054779712,255.288678844664,361.934116288716,0
2000-07-06,0.331147504759219,-2.53424486182639,1.09039504223982,21.7595802340909,15.2981040574353,252.15934054619,370.403590523522,1.13592715343774
2000-07-07,0.424470842553761,-0.396160749250459,1.68567161587233,21.9559482030996,17.2081237925791,259.626928979741,364.788248497632,0
2000-07-08,0.705423566630812,0.392236816210323,1.4365022516814,21.1271301772579,16.2782649130192,259.051062750324,368.45999330018,0
2000-07-09,0.447273282375321,-0.016228118993406,-0.101112534556932,22.8140053173186,16.6364322220016,211.921415296912,376.286420654279,1.00148920900929
2000-07-10,0.611822904696783,-0.167734666475358,0.142677107650123,22.3059931831661,16.7771456962114,199.828621308772,371.681891459896,7.02956590281536
2000-07-11,0.882248652905453,-0.0439738727467587,2.76877019463372,20.1025250920567,16.321569899795,214.718457691675,364.928633019581,5.9159116936196
2000-07-12,0.726586438072305,0.0742191108256088,-1.81909639393404,19.9902552880247,14.9356798324023,240.97526966016,334.279179994745,2.96536426542037
2000-07-13,0.524976403966721,1.52027084263611,1.05588666752788,18.6559147937505,11.9088839416887,213.491072870976,330.803941505546,0
2000-07-14,0.721272356905773,0.316548722464275,-1.57676102795849,17.8283934225575,9.9566951654455,196.600476516981,351.868066899125,0
2000-07-15,0.770787605793631,0.651019751468984,1.3954837128608,18.8496694557865,12.5405843580302,304.334299150214,336.627324460211,0
2000-07-16,0.439514697742733,1.34798578183469,2.57737467248064,21.4860440019317,14.3698288852872,301.30625748503,337.942109878548,0
2000-07-17,0.369047381679074,1.95317597023002,4.19297781941212,21.6739352312636,14.8308183173497,259.626928979741,331.42910406344,0
2000-07-18,0.267460967301787,3.10120104610315,2.37880891447719,18.9811309438387,10.1623645316879,261.378663742279,310.503681309024,0
2000-07-19,0.518950326310458,2.29499640075816,1.29717298767958,17.9056980848558,6.65627800967319,254.387969402153,323.801775072601,0
2000-07-20,0.458082415007389,2.76127563531383,2.27189011893298,18.9583370928073,9.60439589310196,307.717697985573,309.322841845025,0
2000-07-21,0.0275841890118715,0.891997431564007,2.61320944295963,19.3929623600974,11.2733098280331,214.716843848509,350.89589918507,1.84131188581696
2000-07-22,0.674551899804818,0.686443220879402,4.12138448688851,20.0841933021554,14.0417969761053,266.549411966426,309.810877800656,0
2000-07-23,0.278395661636833,4.12085987690439,1.83522572836723,16.3046574413728,5.33942182191703,185.11516776733,319.33423447642,1.02583413201945
2000-07-24,0.558802412934511,1.45766604781787,-1.2748285240128,16.6137171556696,8.24551967966006,304.012142712009,300.203010270052,0
2000-07-25,0.492140052352392,0.285129415977154,-0.295583603180078,18.6499470554483,9.02031103264207,272.781584624992,350.51409590755,0
2000-07-26,0.83445531832957,1.11072418834472,0.899226438538624,22.3163082970634,14.6701010418085,185.489615280858,352.095082757679,0
2000-07-27,0.427839721289833,3.61685398935656,2.21854625212835,21.0627940156173,12.6252746895054,284.249699280832,296.836059311984,0
2000-07-28,0.150622298713905,2.96552616604596,-0.871869809894646,18.3600538767431,4.03775252660671,260.07807304405,338.076125335341,0
2000-07-29,0.255242099654706,2.29230652898752,2.408602078877,20.4472805583502,12.1106971657383,261.677801732864,341.136234399318,0
2000-07-30,0.458082415007389,1.01151969202966,4.39807191588346,20.7189934784801,14.2683744628658,208.121890093049,316.571982848404,2.68882287649385
2000-07-31,0.332464805400245,3.06276049774607,2.19125250766424,14.7014545095335,5.42874503108272,262.000408764224,299.00032072521,0
2000-08-01,0.411867948020929,2.80071741819029,-0.951053862907558,16.2570358283885,2.45251727163045,228.635584746703,307.368265654518,0
2000-08-02,0.712444513000985,1.30628926123485,-1.13004377803754,15.6609932945242,3.23715785534074,215.542266566931,320.060341468583,0
2000-08-03,0.72106244140896,-0.0951170574769884,-1.08497785908971,16.5013778781981,4.79580350020824,215.879571815458,320.523994810546,0
2000-08-04,0.584464566596472,0.0967364511929213,1.2238922095921,15.9991820266876,7.25777130790034,282.652716374783,299.96486715528,0
2000-08-05,0.13573750423312,1.31519291039315,1.64290313868888,18.3699646070121,9.57275093443111,264.002505527061,319.015159364932,0
2000-08-06,0.445033784153541,1.15844546999918,0.319649917099158,19.9893145834748,9.96360295357784,229.677258711264,327.996346756027,0
2000-08-07,0.373047040475408,0.641748937432098,-2.51186816590892,18.7135215074762,5.621980482375,256.027397031864,290.884879483524,0
2000-08-08,0.267900725288159,0.164074733834247,-1.64121351172745,16.2203303623694,4.13997088616337,250.328639856732,318.555394136219,0
2000-08-09,0.479459158013748,0.0776149234521236,1.28120700200758,17.6467439348889,6.74649082364631,196.927866801085,340.707747526126,0
2000-08-10,0.61194452721061,-0.256723588328554,1.15759651934545,18.4482424091687,10.8072391448907,122.16037148401,340.061999732416,9.25793914759535
2000-08-11,0.703785772640158,0.483841747177247,2.66221167660973,15.1500867061666,12.0147221625494,203.001673625935,329.398280070725,4.65179859871854
2000-08-12,0.887384521757963,-0.675405540623291,0.629377701410813,15.437374026426,9.31675392868691,55.8271029786463,343.366671599,11.4533455016749
2000-08-13,0.813566595132347,-0.276726424833986,-3.64218616212779,12.3702102719891,10.4188132465934,196.227336538522,321.334588334544,0
2000-08-14,0.553963982834311,-0.658824661194496,1.63277438106347,14.8078454052654,10.5626003304042,119.674771136438,352.793163264219,19.534825125489
2000-08-15,0.94515741104768,-1.79898218371552,0.754837191979395,15.13896692281,11.8567929849598,118.058037032456,359.469046108426,9.86460057736805
2000-08-16,0.834180222118556,-0.633851609425761,0.046264471556247,14.6378541555965,13.0943596847846,125.661266146499,349.660097053612,6.4992977165346
2000-08-17,0.899962635613036,-0.33224570024909,1.09015803689924,14.5305796744966,12.1008391855109,44.9731280106432,362.236286372212,21.9870329840768
2000-08-18,0.876876626189915,-2.41652760735817,1.37760468745327,14.7386194356929,13.6283226118733,112.303882441628,350.877489984646,7.89971597496059
2000-08-19,0.804515247407557,0.154537424890202,4.03098363452304,14.0694187728262,12.3421432857331,117.053284486814,346.582151798601,6.91350268329152
2000-08-20,0.92686177948399,-1.3870064193328,0.733324562299147,13.4571424378466,11.4764225969058,138.569293697904,341.842523510642,1.71027876584023
2000-08-21,0.438866110241188,-0.451128559407053,-2.08988927570515,15.0526599911645,11.9148238655799,214.666739702624,319.235793340674,0
2000-08-22,0.372972075558113,-0.52305365628973,-0.558638283147469,17.628419571199,13.007776861441,230.68005880837,316.093558652491,0
2000-08-23,0.172032018264818,-1.01930176900074,-0.881980754896546,18.7129006703463,13.1414275542354,219.53114156407,324.202754806264,0
2000-08-24,0.126865613570662,-1.9397417615902,-1.00686963160393,19.5201086389097,13.6890457745031,170.99128186537,352.608686632273,2.36504439396828
2000-08-25,0.678155444827423,-2.17522702442451,-1.17177476924994,19.6159969635934,13.9477048797902,125.661266146499,372.26395464666,1.39638872825854
2000-08-26,0.669272481532826,-2.9373515489001,-0.207751717244929,20.1460037833154,15.0468076965444,187.029655688629,337.966167164532,0
2000-08-27,0.23453775159713,-2.73746955988144,-0.348572721014846,18.8496694557865,13.7097088815767,152.519570873397,347.133216874234,0
2000-08-28,0.646204013956962,-3.21602212956811,0.0882368841045126,17.8364891013255,12.1049618624904,92.4371684117553,372.334676718135,8.15846364671216
2000-08-29,0.986989828086887,-1.84331550342932,1.6437540311205,17.4794639656559,14.942298649599,98.2358397140142,390.116274565228,8.29353625806304
2000-08-30,0.975682920013542,-1.02256262062097,1.09167134570982,19.2508356279615,16.2640653534994,39.7846124658953,387.857800649819,8.94867629723909
2000-08-31,0.997592269213913,-1.60239483099026,2.29400553533503,17.6079105560108,16.0804453870738,71.5826977653616,352.01818358993,7.89971597496059
2001-05-01,0.330329934822525,1.60084309008629,-0.184766912496901,8.40506316129857,2.56183398092682,270.474247553064,267.479124239559,0
2001-05-02,0.421563773971576,0.668339338819607,2.98230669711391,8.6592336934332,2.42459564417772,135.443307287171,312.391797208403,2.15211300745166
2001-05-03,0.996942500332821,0.701509232085938,0.782321073309878,8.34778448576342,2.51627173811215,210.809350944336,279.810279585813,0.923647339586145
2001-05-04,0.247617918872788,-1.61497717026156,-2.52133624561638,6.43352327374475,-0.535685170665976,289.035025202766,253.405328884388,0
2001-05-05,0.0458828891686013,0.343489373274557,1.01862233954095,8.85073634792739,0.697992919461321,289.22672275881,265.981759747212,0
2001-05-06,0.0934261991037832,0.0230088423239508,-0.573373143395158,10.9285936581358,4.03073776587849,284.371971696927,282.299369795333,0
2001-05-07,0.58744843467648,0.679061666109588,0.0960028348358442,13.6398957252473,6.72804800361207,291.705614602309,284.246630911379,0
2001-05-08,0.0759997332063139,0.537606072192969,0.918302298293722,14.4738310560641,8.02989350293269,284.249699280832,289.385670751897,0
2001-05-09,0.572839950630191,0.0292568139896735,0.561907935344725,13.3442791576728,5.89775909199464,142.564234267062,285.964230387247,0
2001-05-10,0.658414880235131,-1.52114782560033,-2.7624921780307,6.17254090293064,-3.6365808924026,250.382298625688,263.876939771838,0
2001-05-11,0.577861502753382,0.947421527714409,0.661200761432801,6.50445629876836,-1.7227950540448,259.424405725857,259.33207155016,0
2001-05-12,0.755039014426925,0.939444942773692,0.515085615595395,6.80961256204969,-2.38163600766217,247.233989616179,270.282346409565,0
2001-05-13,0.501711695636224,1.48452151891374,2.03846760999163,6.48793961321682,-0.889671167586682,128.990831416559,304.151555162699,11.8480756361504
2001-05-14,0.932189823154482,-1.27650156287654,0.853126459508279,7.9910201388199,2.80135470645158,109.483196283412,355.086806459791,5.22410952850252
2001-05-15,0.978784190905052,0.145242675202973,3.12313137657057,10.359461365286,8.44448264615854,132.030235250117,325.590208579905,0
2001-05-16,0.644522742465062,1.14493973369705,3.7677008166305,8.59734009490501,5.02998699155612,276.442814434213,265.809023127005,1.51391910271173
2001-05-17,0.142123766823155,1.26508954733495,3.11618978107201,8.50988744095828,3.21981762211422,294.455017747722,265.397098384611,1.269278101501
2001-05-18,0.326561457379957,0.621082580465495,1.00047605040314,9.55420223527991,3.8380293629393,290.049001626192,280.287859680086,0
2001-05-19,0.727347518668341,0.254255056902655,0.820351847717915,10.5812368723362,4.82216130540399,180.499392899662,317.58732646416,2.46977062321721
2001-05-20,0.911134359516906,-0.803033104492188,2.38108970395833,11.5883909271817,6.051418341678,184.304608507881,325.488991263672,0
2001-05-21,0.773848821382377,0.985035914209522,2.02079290516976,11.9142236665992,7.39668262077796,272.021509090477,297.026100384276,0
2001-05-22,0.727655150449311,1.02334868943236,2.45901990645831,14.0845389189591,8.23135487734794,260.470568770543,318.794082366046,0
2001-05-23,0.610713812619546,0.453915407163977,0.650827593915056,16.1422290034856,10.9030907625939,301.08213590677,312.141974302829,0
2001-05-24,0.106876180212163,-0.702231556252531,-1.41586352868269,17.8200376870479,10.0751858922591,313.355761157776,299.287355031334,0
2001-05-25,0.304620250181065,-0.940864331447055,-0.291117717297107,17.2309855671505,7.64028813483594,293.705200673497,308.117644462741,0
2001-05-26,0.266175761690803,0.213671768285567,0.142565372088477,17.3050422744902,10.1724982666118,276.612525291426,316.608351214054,0
2001-05-27,0.588113860256279,-0.92753355079134,0.519759088906861,17.422040459248,9.34068347615482,277.922505283387,319.751621439158,1.72703236452425
2001-05-28,0.454638820812925,-0.157336192696064,1.5191119370795,16.3611713946199,10.3415272221192,163.512227570947,329.298171970059,0
2001-05-29,0.601749787050113,-0.272410266810064,-0.0874494663979421,13.126338790802,6.40089380982275,281.899416511854,300.977218414332,0
2001-05-30,0.459635933359046,0.594353831214455,2.32566461741684,14.5844366875735,8.67700360023519,310.792536447941,296.895237204034,0
2001-05-31,0.316284630782884,0.578064237489449,-1.5061857047285,15.4346788470283,6.88512679720046,260.654452066708,301.615419336813,0
2001-06-01,0.65957796164316,-1.29612337654608,-2.77298879886519,14.4609257377196,3.12324519738357,245.162043022949,307.084867624603,0
2001-06-02,0.522592554942392,-1.29563426938605,-3.48025539121291,13.6109477951552,2.21513065196396,263.590005325237,305.844408672953,0
2001-06-03,0.616553484068979,-2.11100275762748,-2.10304625589047,13.9577598801384,3.89367026432533,231.882898954414,293.806650601421,0
2001-06-04,0.302081224387008,-1.45420488954502,-0.629129307645231,12.2044778271819,1.82888333426009,324.359005685593,284.515210755855,0
2001-06-05,0.263123278932634,-0.0741928678352121,-0.516333492747748,16.1444421511281,4.58198654439807,320.814525254106,296.964515616689,0
2001-06-06,0.220022974852123,0.425890124101176,-1.96257945991261,17.8020728302596,6.82925313166536,314.915647003364,301.679579210796,0
2001-06-07,0.367177258409439,-0.0334059962835628,-0.0896150142931243,17.3381164393765,7.12827949316221,262.533792613418,314.006086867744,0
2001-06-08,0.420271098830364,-0.329624335192127,-0.109940306986537,14.9915044779552,7.63121437991113,198.484461957077,315.928745733125,4.65076637344031
2001-06-09,0.423290886268899,-1.64807374892639,-2.23833593424017,13.356850333635,8.19156812647617,220.166471471254,317.538426331108,0
2001-06-10,0.846842040895554,-2.69898414202298,0.392546260578862,13.8110863495689,6.03059182110965,177.522214678208,333.404577687643,0
2001-06-11,0.941264189404297,-2.62896078540418,0.342339601841624,14.7189739022236,5.30221352754678,258.525820222504,315.477400463389,0
2001-06-12,0.668375400080574,-0.966896982428949,-0.36080218491521,16.9215170888743,5.82438232065618,326.583478783342,305.391106985036,0
2001-06-13,0.217222514534995,-0.518693713415431,-0.0254658946556081,20.1157584914224,6.81865192236048,328.287527292928,312.013358729691,0
2001-06-14,0.44101763226996,-0.444140750717378,1.63519256839211,20.8704079647181,9.01809021897823,284.305440083133,334.247938461511,0
2001-06-15,0.246243127500747,-0.0134216587458011,1.68231513142537,20.5465010504583,12.6288569877986,307.90988592116,322.274478726998,0
2001-06-16,0.527289397222171,0.543165184513391,4.29559300162724,18.1829670614491,12.0113541563634,217.642996395094,342.38741161308,0
2001-06-17,0.602453842306139,1.38968615871595,3.59540325718439,17.0928169048216,11.2555167585821,294.716165631216,314.193859079392,0
2001-06-18,0.877513041934586,0.609257950301465,1.84991159084804,17.0139818631371,6.5522154677825,209.117469770612,322.321120719453,5.00741301596943
2001-06-19,0.599233627103178,1.50367636938711,1.14174610793557,13.534010699539,7.57830820245944,269.432404700966,300.24331627437,2.61246898525368
2001-06-20,0.47487056146526,0.846214513091149,-0.442404415237614,13.8938741196919,5.00364888363613,233.818778540584,304.755038803219,1.00656461047182
2001-06-21,0.556838516943972,-0.286788873099408,-2.76217571432477,13.8439500985742,2.65625838055501,338.140235061342,285.27352991486,0
2001-06-22,0.480707661154308,0.295163742502084,0.504308012106283,15.5254982364807,2.77304165961809,120.678764488799,350.676225160697,1.00148920900929
2001-06-23,0.735137806939998,0.699704452214282,1.81377339650385,16.2300959515988,11.6370649809014,317.537422385563,342.744165581787,0
2001-06-24,0.349477502999464,0.685901371223427,1.89071167502393,21.8028056845685,14.5546150422045,323.794578588836,334.6378160843,0
2001-06-25,0.437046110471953,0.793825042650342,-0.177392354541998,23.3322639434574,12.7262141065165,272.066576784634,328.225360747682,0
2001-06-26,0.325043755642324,-0.270397489255827,-2.37243188711548,20.834978063519,8.41728116274294,220.907922881394,328.171686833061,0
2001-06-27,0.374065564246932,-1.97026345494616,-1.99027450001613,17.1525683894511,4.81895476879937,185.558841541227,339.968708111586,0
2001-06-28,0.604756075793264,0.294418885024955,-0.202724873762116,17.0808127157279,6.91668713980795,312.486687935782,327.829281405162,0
2001-06-29,0.603016563056352,0.862609870143079,1.63430766148828,21.6237428755699,10.9602410580098,312.719571304843,339.848923157336,0
2001-06-30,0.54938025990726,0.661390837327427,2.81021647029883,20.8662077573699,12.9285344283337,291.713257643105,338.250694682773,0
2001-07-01,0.746027080649157,0.685901371223427,-1.622563237956,21.8999419092,6.68254425220694,191.140901405355,329.284337911489,0
2001-07-02,0.454389222129452,3.06276049774607,2.432729850024,18.1975996295308,6.69158757367593,281.322298718168,301.406227631464,0
2001-07-03,0.62728409916901,2.05357758948959,-1.96533238099975,15.4031089297268,-0.512755535674862,285.023723189136,297.761642739156,1.41672297122731
2001-07-04,0.470400694681172,0.718493773280434,-1.70290821240973,14.1011402257744,1.78398970012246,208.046597722112,317.745507931796,2.10056932753292
2001-07-05,0.653305874692844,0.0665164262855867,-1.67376691008402,14.0263278331489,2.56494276207845,250.350514258946,308.549752109801,1.8116187028897
2001-07-06,0.430838374618304,-0.302105602056256,-0.0154222188880796,14.114723954196,5.43566728802855,218.520974878974,316.529461700267,7.71628700557923
2001-07-07,0.701596982505558,-0.713712053184822,1.85456006857121,13.3756035068868,8.77930610080505,195.006988408785,318.583036628425,3.26625611852025
2001-07-08,0.639390186823793,-0.150342075906943,1.16536345429107,13.1650955241367,6.9602045981875,195.970996255123,331.088007412337,3.44249051707005
2001-07-09,0.912215180250027,0.862425377280093,2.89895595635685,14.7344225818076,10.1567881557787,148.745798833788,356.952176034553,0
2001-07-10,0.777856602771356,0.784119616241346,3.28117554329949,15.8063455595283,12.1008391855109,198.724524952844,344.896677142791,2.57896883275478
2001-07-11,0.902780741299676,0.508548660694327,4.77532402819588,16.7408049175577,13.023116867268,203.891130415574,346.667144945111,8.38872397206414
2001-07-12,0.596922894917329,2.83233117382249,2.73113022188539,16.8779758571548,8.99816932975271,312.469307171903,282.760160705473,0
2001-07-13,0.092793922133503,4.44283953234961,1.09174896092478,15.7460117830699,3.42974923450757,324.985125963643,284.501020245106,0
2001-07-14,0.0803682834815376,2.17528945595627,-0.158129547454898,16.7326069686321,5.08706617495418,309.879685143386,306.509864442153,0
2001-07-15,0.369047381679074,-0.425302074816653,0.807126354012287,18.0261115810811,9.0848594887548,276.147836338965,340.118618282209,1.12307336092669
2001-07-16,0.562797484759408,0.37601104515753,2.96794526774139,19.1705233406073,13.067679949557,199.31749235508,347.343188585327,4.52539730543246
2001-07-17,0.730362953078416,1.15594112082124,-2.34195431603525,17.2826672259074,8.83348622679922,309.234090478097,291.072403609339,0
2001-07-18,0.0669284234254275,-0.0257977349600796,-1.88531898884691,16.0422158492658,4.54438946904233,287.400759906173,300.426028448483,0
2001-07-19,0.234256098898627,-0.94544047035016,-0.636272483029493,16.4520999416679,5.9350953587732,261.677801732864,316.924600882434,0
2001-07-20,0.192264696096203,-0.349031619894257,1.50190200610268,17.3338489427869,9.673989708629,271.480257735096,337.072203125362,0
2001-07-21,0.764592890949222,-0.651754949072132,1.76096289751813,20.547042015226,12.9869918034963,81.6509349364124,370.058177032273,6.59393861474491
2001-07-22,0.692418203142002,-0.35792906846124,1.64359917036239,16.7840301918623,14.6658705730812,242.207732660348,321.974314051498,1.41558424841199
2001-07-23,0.586839410198382,1.37177698260705,2.79691808315698,16.5576315384808,11.2144324617077,248.902075662091,327.113793793696,0
2001-07-24,0.386545489389156,0.928320880016873,1.98439543491515,17.1715660231401,11.2180799213934,233.845294441217,322.040132069102,0
2001-07-25,0.715105966095678,-0.291168189664895,0.898830162784144,16.5958921441653,10.7987495450864,35.251397264265,370.321582098451,28.7464081711116
2001-07-26,0.999957180417325,-3.79206781195692,-0.848370084609185,14.7921702641114,13.7272780055679,40.656264421863,375.47661533168,10.3015684872984
2001-07-27,0.93428929024373,0.115238278449812,-2.16581136625844,13.8829601800036,12.3503078132548,121.051655270375,355.259512576508,2.07384676360853
2001-07-28,0.868099146245552,0.380836355469579,-1.05023304930122,15.0341998873189,11.9087396255333,151.740200459307,348.363905832358,6.59017218975981
2001-07-29,0.856537491535324,0.0936105888169352,0.291602841713008,15.4499097949052,13.3099291417115,196.233123862756,342.511529968326,2.83471580055872
2001-07-30,0.622845728052445,0.078141336495914,-0.958299198045189,16.1529014342683,13.0774066237817,226.961723160985,328.669281545185,0
2001-07-31,0.470257184403517,-0.33224570024909,0.661718089613128,16.7660007140526,11.8962589492668,211.771027857389,337.522809869934,0
2001-08-01,0.575195121812728,-0.1509064813278,2.45638717250436,16.1519913608297,12.1202533852026,151.780333323399,342.729657766023,0
2001-08-02,0.845734917163952,-0.348717544520917,3.6839629401615,15.50566925721,11.6597239050711,89.0805588905648,372.876558647086,4.36180303205814
2001-08-03,0.934073143315416,0.365956717911725,4.41240027469084,16.8477108409899,13.9946640353337,149.275721681683,363.213594598327,0
2001-08-04,0.863976452574465,1.68099747099583,4.46260670189629,16.7281735241305,13.0865031351669,230.532577674515,339.682551042946,0
2001-08-05,0.553644545890662,1.70416222312709,4.13032914666626,18.8423027593417,13.6562553012598,242.945746679931,339.257632994426,0
2001-08-06,0.249887404416517,0.621269157131746,3.61046473299508,20.3196412476946,14.5442157782666,214.882220927529,365.97651017635,3.15047395849075
2001-08-07,0.818660922608294,-0.290668323545865,3.7777956343411,21.8887354659153,16.7321949097536,114.412763610417,382.538306656018,4.34731754084265
2001-08-08,0.8705042281983,0.75304961501873,3.40443010624601,18.9605490667887,16.6606112665454,185.168552776556,346.864220280085,0
2001-08-09,0.927028316517756,-0.0623087019632018,2.17798632280003,17.9641958510571,13.562841780061,89.4820719643149,363.75361004791,11.1972183268298
2001-08-10,0.749629814727367,0.793825042650342,2.6227692083587,18.0726557547465,15.8423024444314,240.816452950336,332.399285056893,0
2001-08-11,0.15281685986336,1.51006259788394,3.47328745811685,18.5717102391721,13.5313128730613,116.290355113874,362.097854339219,1.60552884764376
2001-08-12,0.664697113153018,1.02029485099513,3.60578562283364,19.2909425070371,15.7431820213216,190.525799555102,336.70897457945,0
2001-08-13,0.117009877309142,-0.874932539717318,-2.53140698194398,17.4004529988613,11.6791071575391,259.990497577499,305.346982237261,0
2001-08-14,0.11770873607232,-2.07935490953648,-1.06539256151953,18.5019619956731,11.1667017152649,249.099162304354,309.164607347594,0
2001-08-15,0.152408962437245,-2.5348006305951,-0.493226911391649,18.0042189739995,10.7038580155873,235.761326686384,313.049984648571,0
2001-08-16,0.659444555112143,-2.53424486182639,0.323558250516921,17.7860243518474,11.5047323309775,174.47995491376,354.5157655418,0
2001-08-17,0.527188862106098,0.601421692583868,2.98249211002754,19.7789507328774,14.4324765059227,254.426285681287,306.581260346902,0
2001-08-18,1.47661242626385e-05,-0.14662268565809,-0.955983925116637,19.9431706931651,11.4092402573146,196.058007370593,334.106681518864,0
2001-08-19,0.649156234946703,-1.06400023693259,2.07854725314056,20.3811950760877,14.2702906639435,118.378296110667,368.534628544511,0
2001-08-20,0.782717110408423,-0.758025230593007,1.53228727588823,20.4105480752698,15.3584879440289,220.782753984678,357.287014074439,6.134892104775
2001-08-21,0.553570861706495,-1.83517780406518,1.71106297523262,22.037079675906,16.3818729334217,94.3434032874067,371.167180849743,5.45937407636308
2001-08-22,0.552592213640636,2.52006386810749,1.77722661481527,18.5984651485934,12.5400233282806,235.417916324986,287.585500595815,0
2001-08-23,0.130246140767777,1.4919632586872,0.395100859322662,15.9752755294217,7.74680486167597,212.041758443978,302.604738926803,0
2001-08-24,0.704511281830037,2.32924182511599,3.52538642464426,16.1519913608297,9.97935840520663,181.436882542122,318.840171906861,0
2001-08-25,0.733814958145631,2.65603988606884,4.29336881774037,16.8432699251516,9.82609458665527,129.491427958178,345.324168842363,0
2001-08-26,0.730446306367838,2.51370794674328,3.89396307597568,16.5576315384808,11.0586127761768,44.3094149574795,340.437102885494,15.1225157344467
2001-08-27,0.962201457781817,0.0860894827932028,-0.319468439021717,11.0823056074487,8.59592750740667,180.04054708553,299.701386712619,1.58599010453996
2001-08-28,0.765830293458839,0.735320693519653,2.82229303490292,11.8400372841986,6.16023798394017,130.337960552008,318.880605646332,2.45408097402301
2001-08-29,0.622827616675189,-0.942098495930447,-2.52971065892954,13.1388176320929,7.74591325873678,215.470480057151,285.530727725224,0
2001-08-30,0.401816351339115,-0.356089963378829,-1.32757999992651,14.3160627877289,6.38491625875089,181.827454215503,299.5399745977,0
2001-08-31,0.571625064832847,1.18814886545171,0.622724346027363,13.7194395735703,7.30363817061868,174.243784668348,299.466784994863,0
2002-05-01,0.784659741184845,-0.848277343123452,5.22584033793563,7.9910201388199,6.29641726325368,228.286247064871,288.076604065217,0
2002-05-02,0.516962609739365,0.651019751468984,2.03301129819161,8.36268846127344,3.51793903509978,224.486120507132,286.738518728805,0
2002-05-03,0.924421549802357,0.34823729185613,0.046264471556247,9.99278868617068,3.96408636188629,275.124193002162,270.434211609086,0
2002-05-04,0.454392256382523,0.328960945674626,0.580025501169519,10.359461365286,3.19584523288272,113.639198952464,313.51705092245,6.24567553273451
2002-05-05,0.982462851009931,-2.53626584959243,-2.81409847730269,9.75131654503529,5.00452953608288,31.6503252549042,340.307058471826,9.06371486166611
2002-05-06,0.975682920013542,-2.53626584959243,-4.42600559847267,7.88161672642465,4.77375329015807,184.822787776767,301.662205043443,1.51581480401917
2002-05-07,0.421563773971576,-2.47730258311716,-2.11394121969338,10.3824457849976,3.18017185833884,284.701442413701,276.738947938664,0
2002-05-08,0.0466221355430732,0.235689476838255,0.511000826334436,11.782182123428,4.1630252812704,288.273417728372,281.528637245156,0
2002-05-09,0.00124499134408959,-0.218213501941695,-0.324916814801873,13.7194395735703,7.14419599056474,286.604649914669,290.135362536831,0
2002-05-10,0.52988362232425,-0.558551979543778,0.168575160237174,14.2219897785058,8.38591738099457,210.735311348011,311.409244704717,0
2002-05-11,0.733608072095491,-2.28230980323884,0.0884249625146809,12.5023202239245,4.5584942148731,259.010915037,282.705605964061,0
2002-05-12,0.558446307632376,-1.92320075248116,1.20983953055531,10.1018889884823,-0.143338809984909,263.578171299401,288.383155774863,12.436716289466
2002-05-13,0.813489618474781,-1.84441864052371,2.27295499254756,10.8680906079495,3.05506490870113,55.8748093752464,342.729657766023,24.1444677296775
2002-05-14,0.908077073082787,-2.68061946714856,-0.73970847189581,8.71770103803254,7.10810356162597,143.821284340443,337.187765705276,0
2002-05-15,0.80343938854771,-2.2394736107544,-1.70290821240973,11.2672302027232,6.22362203727192,211.451951197153,294.301485082835,0
2002-05-16,0.570145890292383,0.563333667874828,-2.11394121969338,10.4145787294454,3.51216539234217,230.459183807959,282.737055249788,0
2002-05-17,0.821293143981556,-0.678954406149045,-5.08129027325364,8.8566045963277,-2.79160739113555,169.955902393701,292.145254863842,0
2002-05-18,0.671640078959683,-1.52540233773388,-4.58999115646141,7.7245675442023,-2.26701166967473,306.922216788593,278.366485601225,0
2002-05-19,0.629492816810743,-0.0483425457384291,-0.693239742000635,10.5023979601902,1.01050759880142,136.263912552197,324.158288555315,0
2002-05-20,0.884470386950777,0.395614485485145,1.11730433814531,10.5820977381845,6.35465633826066,219.011658725243,307.929923214664,0
2002-05-21,0.893331891759709,1.21603534608415,1.74615579541763,12.9457772072252,7.08716137057845,144.53215954867,319.317421529462,2.06880138866314
2002-05-22,0.439999789967102,2.61513345929284,3.81384079805987,11.7329377929648,8.02844131233191,291.639196750721,282.996284427108,0
2002-05-23,0.294287018096315,3.10120104610315,0.284488982336237,13.0244158896569,3.47783595552102,246.46603514363,295.134562779511,0
2002-05-24,0.793318928349066,1.23726663151315,2.78845333678677,10.7290111188314,4.10906591582735,163.098991840806,326.29519741898,2.44617682074868
2002-05-25,0.80343938854771,0.877576208996852,2.68642634199276,10.1243718781036,6.86382147887905,194.367270935366,321.334634444034,4.29616085045627
2002-05-26,0.696283486945499,0.289661845686756,3.74287784664725,11.5192096107101,8.49796989079108,93.4559419456022,339.396432764108,10.372349403298
2002-05-27,0.993462166201673,-0.362557478572352,0.486037145458973,11.65836905289,9.99010763160604,183.201301365778,320.976547056059,1.60970423003603
2002-05-28,0.623667302030156,0.661935980076035,2.8661185649378,12.2404569548949,9.35714190242478,247.731422153197,312.84400337772,0
2002-05-29,0.460049900051848,1.0618639602509,3.68777679921396,12.4570670794874,9.0533281907319,270.232177826276,298.149929303218,0
2002-05-30,0.542027973878918,0.63730920635192,-0.585105202592016,14.0191113464144,6.56986582497954,311.034063592936,286.810000346129,0
2002-05-31,0.44387737529786,-0.45948546999701,0.0696122751498602,14.8157586060694,6.68254425220694,256.908933171241,315.062889185903,0
2002-06-01,0.562764465768613,1.18064853153576,3.50557268704101,15.533816710134,9.92806339249869,272.970383686997,308.919625681415,0
2002-06-02,0.323445848603628,0.0945143546782984,-0.489629768915029,15.6816992852371,8.6823212108027,282.559639997441,299.96486715528,0
2002-06-03,0.326620862301229,-0.407946666782602,-0.421017450858088,14.9350201854287,5.91779467298478,251.718767841339,310.230928455768,0
2002-06-04,0.385092697169571,0.157775102750485,1.92624160209562,14.6931189214168,9.34437033153039,259.089900010309,321.022631446868,0
2002-06-05,0.20838808405718,-1.27289411588461,1.16126119653756,17.2718009061162,10.5626029173965,248.116749969604,331.127315042408,0
2002-06-06,0.355239291392415,-0.468439406748858,1.69407045055289,16.9081167581363,10.3157318352445,307.594395534185,316.56257640696,0
2002-06-07,0.390332267823348,0.236642945587277,2.33064121236081,17.9747258979809,10.2297145725986,264.059740282814,332.480421757388,0
2002-06-08,0.667845654642688,0.0290774562053989,1.5191119370795,17.6438953244721,11.0031014545152,249.139066514424,332.411570697012,0
2002-06-09,0.193838824531588,0.261620171132904,0.145762974546279,19.3500710626619,11.628796873191,291.805732280555,319.235793340674,2.18506770701975
2002-06-10,0.447224523413479,0.287483402127414,-1.97990995998702,17.7479199118747,9.02953888061032,307.88956537222,295.445395973069,1.0700178273097
2002-06-11,0.782801159687003,-0.259728702889194,-1.5238703636789,13.3426600807864,2.03486552893244,137.961915735759,324.708144829783,8.15846364671216
2002-06-12,0.884552893546259,-1.16692947336442,-3.33250358725066,9.53769264606012,4.73391529856193,218.999290059062,300.669028684226,1.47337948293403
2002-06-13,0.741263665325645,-0.57441638472992,-4.01251675994655,10.786040802632,1.73045389590288,245.636252769596,294.175149902107,3.16195375580984
2002-06-14,0.945234944964144,-1.16689223838789,-1.50633098712381,10.2506232909878,0.54479668907303,247.654837549723,300.514578754306,1.8434781544673
2002-06-15,0.801639248623862,0.00147254635449357,-2.2402802810229,11.782182123428,2.70185394116215,203.902858742631,300.268255545021,7.10738067473414
2002-06-16,0.463012445852503,-0.690509850500985,0.183203916566961,10.7415182186777,6.18301168205215,282.364885277609,289.97732147455,0
2002-06-17,0.505114783090737,0.87898753724324,3.67768945743794,12.6394242122828,5.89833054002365,241.927320788584,308.919625681415,0
2002-06-18,0.751337387709215,0.472197754802654,4.27638184919205,12.9330472479074,6.67598763952437,174.604458151229,337.933346069909,3.22040247272775
2002-06-19,0.755539380416426,0.636677740851225,3.02451745054264,13.0338138949987,9.53382842049732,250.611397869451,316.705901024883,2.61248522492524
2002-06-20,0.542646618550575,1.42266621077082,-0.800798534465219,14.2355878529774,8.42668654518582,196.556698648369,329.398280070725,1.47337948293403
2002-06-21,0.727169062824001,1.06444260032521,-2.29460039090817,14.1853985707533,7.7025727839908,223.577692215481,320.07771817129,0
2002-06-22,0.623304267337074,-0.695119816670794,-1.18062115590285,15.0944982125319,7.53856342294615,215.700780832503,338.904190291487,1.88604426794246
2002-06-23,0.895948418780213,-3.16844813380888,0.309298692202434,14.7526966295766,8.32984654066219,89.3002282364324,365.87544174746,7.92134120922886
2002-06-24,0.83137815347314,-0.905175950168186,1.9979861277345,14.0613235924841,12.7986167675882,234.564346401245,349.563017579666,1.35357277507606
2002-06-25,0.790984341513197,0.104828883347427,2.17275236992277,16.4656481165056,13.0774066237817,253.023804880453,333.139849146541,0
2002-06-26,0.454638820812925,0.896442819032955,3.46012619769223,16.2906820613162,11.8567929849598,291.207825544488,326.42457218231,0
2002-06-27,0.352286835336857,0.719681227743431,2.08808943853228,18.0315415399209,12.3945027489844,191.040827339697,342.334723798795,2.05596149965453
2002-06-28,0.994632086504206,1.70709518620259,3.38431049495027,15.6702593293397,10.7043216612136,157.334215945394,341.690064482903,11.0097659303657
2002-06-29,0.707409494421874,1.3205298980005,1.98383697766068,13.7541595480341,10.6401867351522,263.713272253703,314.229864790758,0
2002-06-30,0.620342480361692,1.59214509193525,-0.736963581736515,14.5577503575377,6.16990841563211,248.137420230268,318.118771042372,0
2002-07-01,0.672815169933152,0.283772615276269,-0.160026540661811,14.6387647290982,6.8153133204938,263.906733247383,305.610049021835,2.67132438513674
2002-07-02,0.430637580048257,-0.633851609425761,2.29400553533503,13.9402096641376,9.10458192356068,231.74966109366,318.563243811658,6.09244475622661
2002-07-03,0.676747783293888,0.449587078763513,4.03138962958328,13.4570937738982,9.23325760933735,216.788349115983,317.983915844852,0
2002-07-04,0.876363616139052,0.0769552701469155,3.34789433487693,13.4266711823142,7.90852236364672,229.765616988013,317.761407796897,2.15738807921297
2002-07-05,0.605547968537228,0.156223733807973,-0.348394136805263,13.5583295284482,8.10430275333278,228.141055323384,311.949742753451,1.41224565256361
2002-07-06,0.405133699927011,0.955874655668989,0.074907414120757,13.9685439729995,8.40921742755583,258.023654029151,316.008284347365,0
2002-07-07,0.405731414007624,0.297178049449524,1.43772648676614,16.6273168423218,10.8289376896039,177.160258823269,338.034076557078,1.10029810240656
2002-07-08,0.588536310576432,0.522740205597238,2.84045353186617,15.2682731972519,10.7728069135422,275.265387270739,307.404479254136,0
2002-07-09,0.432281405126802,1.82352339193974,2.03846760999163,16.1364342472991,9.1392989672458,253.46916814698,316.087995016075,2.29483322310555
2002-07-10,0.623830779306438,0.824446323364946,1.29107468586506,15.6897775107338,10.1150797757932,219.773303857955,321.281992754317,2.23849246108389
2002-07-11,0.443886023143281,0.648549751416789,1.23692570443243,15.1812870809756,11.358899251219,231.230867231653,330.797946827567,2.18678379193927
2002-07-12,0.559597553222945,-0.148657115710214,1.01862233954095,14.9128417614661,11.2508594421058,235.440678405915,321.843057872255,3.67895126454176
2002-07-13,0.607401941056565,-0.788348140526945,0.470475961009134,15.7033181961504,11.4628030407581,242.037132699758,327.016234560859,3.02363848880081
2002-07-14,0.361551438326279,-0.792360669736279,1.98231486856442,15.5475205929724,11.6637276453942,277.071946219632,334.381658753072,0
2002-07-15,0.84996288086197,0.564022420949924,3.98084025066659,17.2309855671505,12.8098427983408,235.349763046552,351.215302632428,0
2002-07-16,0.605242847868872,2.96638871924453,2.60848422542161,18.5517292825385,10.227543503794,254.887194110891,308.797675199899,0
2002-07-17,0.461626587924103,2.13508991319471,2.75133057304659,15.9731958655015,7.68680682637073,248.767115324465,307.542115297614,0
2002-07-18,0.262807423024772,0.747440989403089,2.88776868462534,16.1020089787737,9.35773576277454,250.751622063191,332.975344260707,0
2002-07-19,0.589942761894058,-1.76322652276023,0.852381675232966,19.4925191051722,11.5520490328915,93.5056436463618,374.25523662822,5.72335753995314
2002-07-20,0.860386234324244,-0.517931449659394,2.76724478144935,17.7402516249963,15.5003059838999,228.635584746703,356.134600605433,0
2002-07-21,0.403081015221003,1.53541340769788,1.38817391985802,19.3621741723216,13.6253674154347,202.470062153084,345.10199765793,0
2002-07-22,0.496471917814605,0.302459338806038,-1.7413226705092,19.2596452571841,12.9212527952333,237.142348463867,340.199121649583,0.925003404405772
2002-07-23,0.786711856928718,0.246271725363258,1.54534479360712,18.5463745431799,11.3468864726361,211.856311162965,351.388863463422,2.12047384011544
2002-07-24,0.5940106131923,1.16810985674571,-2.14269634631112,17.9574480369017,10.3413994179899,296.799058335266,303.592012331909,0
2002-07-25,0.650656298219928,0.891997431564007,0.852381675232966,16.4567450002361,5.97363705051653,270.232177826276,319.015159364932,0
2002-07-26,0.216504036737805,3.02475864998384,2.91612256664448,16.8420586843583,7.23901843536807,264.498111473158,294.431770328263,0
2002-07-27,0.442114970063525,1.97450231954504,3.23107547566928,14.3866062486856,5.47437686219831,58.6189630243074,365.741211702145,2.62547468053998
2002-07-28,0.952007316878662,0.164177802618581,3.02895071887491,15.2349214020314,12.8356963320036,158.136233568511,372.327314709145,1.00148920900929
2002-07-29,0.88477629439942,1.0453716405572,5.006733819558,18.7376959194066,14.5945322412665,91.5403585939852,367.803060571475,10.1747985708022
2002-07-30,0.993462166201673,0.233546791745748,0.237189103929264,16.8013132234252,14.4161029363985,105.329195021504,352.70741647314,15.1965107722292
2002-07-31,0.914407130427618,-0.218213501941695,-2.9071268466327,13.999267481619,10.4539799653846,145.211827279142,329.069263040562,0
2002-08-01,0.58257440217503,-0.19105787060054,-0.0766882269361326,13.8461246141046,7.62383297822346,217.091244779123,305.844408672953,1.79918555565045
2002-08-02,0.385891940201897,0.309339791697279,0.688146105228063,14.0216958835123,8.72895943938896,288.806890968988,289.18348863774,0
2002-08-03,0.430381287402065,0.448832628060955,2.6790077956637,15.4775285037205,9.29779132882422,116.035414501453,374.25523662822,0
2002-08-04,0.939264605731588,0.535822957603182,3.69892468513357,16.8996388186643,13.9850534062281,140.688566544927,369.36792064099,0
2002-08-05,0.96645113538532,-1.68600505782928,4.21431272527996,20.3157800358036,14.3777980848273,49.8508271302539,376.375321838926,24.1018776294281
2002-08-06,0.895273549033835,-0.925353854156773,3.89396307597568,16.8592793558885,15.3496354894984,197.762677562891,348.738418358958,0
2002-08-07,0.696970320541437,0.705377484689025,3.09089384719315,16.1910467972623,12.8558195458205,139.304624462424,364.914882001429,3.43072753357068
2002-08-08,0.870557697827547,0.87153205951456,2.27295499254756,16.9131022960939,13.684087281913,178.70219555253,364.970878239961,0
2002-08-09,0.585640351511214,0.313558607579146,0.677085579407979,18.6634969109825,14.6521443315381,220.376448687121,345.442469023628,0
2002-08-10,0.352440776976235,0.262605693791274,1.47857117340379,20.1076090996986,14.8305673498247,230.708766836125,338.50585910907,0
2002-08-11,0.151128317228969,-0.0233584866365959,1.62058692893608,20.5976008692285,14.5508591414781,252.591189941955,337.124526717723,0
2002-08-12,0.0716812354124214,0.207200315279876,2.33806560612231,20.6233564249482,15.1954891174746,214.718457691675,345.817499905654,0
2002-08-13,0.716814738797803,1.31390971846506,2.97287989558695,20.2244218162865,15.0713487389563,241.002679012248,329.211000383964,0
2002-08-14,0.309749174829712,2.25657687876342,4.05727210750728,19.3473469215987,13.7953436228844,257.950924468352,312.7226625258,0
2002-08-15,0.152279125993083,1.52099164303248,1.23307985715476,19.3060802848136,11.1073251811972,261.150683218406,298.629497829877,0
2002-08-16,0.179811583124328,1.03726152920245,0.357456391448791,17.9990695371471,10.3787702354013,255.5569204204,298.708253702625,0
2002-08-17,0.0941316035385761,-0.00226345545421586,2.42722095123862,17.5696417145879,11.9710943650724,202.394819462802,350.208232663413,2.46065425908299
2002-08-18,0.897233886402765,-0.34540101095109,2.41222654588742,19.189592979051,13.9028295761396,131.132769617261,370.914941803538,1.81493105005755
2002-08-19,0.61194452721061,1.17365259419078,2.8697169163565,19.863458089159,15.6218345112574,239.999452566528,327.083048415267,0
2002-08-20,0.27346226403386,1.15110626001524,4.5085214034266,19.048912230388,13.8647949023456,103.582454686884,345.817499905654,3.5926779577326
2002-08-21,0.73141455081045,2.03910368984746,2.25150729512189,15.7373400047494,9.57292409086487,236.123882886021,287.118898928066,8.19027673549975
2002-08-22,0.505994716086154,-0.55511150816965,2.05866595306832,12.3415676510402,4.21125437537931,59.1224644690578,344.377105948509,15.1965107722292
2002-08-23,0.876262110351687,0.183544927479766,-3.89924564954761,10.7793304028921,7.00507503562486,132.917743074102,311.014236131192,21.8601820457641
2002-08-24,0.911260625691137,-1.54158723779108,-0.648328981898406,9.85889371259185,5.08706617495418,104.252166882292,321.843057872255,8.97807859250798
2002-08-25,0.626031596248429,0.774875253947608,-3.34626097003002,10.6601495060912,4.48738525354364,206.630353808385,277.745387334089,0
2002-08-26,0.597728199571171,-0.0181260562753531,-0.0704666439200515,11.174203666878,3.30696725433903,58.6574879535775,337.830194581411,22.2375726079561
2002-08-27,0.99974724133017,-2.37393718150773,3.05686416771274,12.1622883967916,9.9566951654455,130.882970445368,327.85598980377,11.1009324291929
2002-08-28,0.663349818728205,2.2016800678277,3.88300349082922,12.2989677321255,8.84916790058872,168.177829228795,289.885315258097,4.64974912547502
2002-08-29,0.218149380414105,1.98652888939388,3.92969536299694,11.7660655546909,5.48919055742853,178.285661587622,286.435570102227,0
2002-08-30,0.664697113153018,0.893007529879965,1.64290313868888,11.4862140759814,5.02998699155612,176.993657899587,295.448081259928,0
2002-08-31,0.715562099830981,0.70139493587963,0.434594643807767,12.5103572659358,7.0824651986053,169.281065547034,302.397506952389,0
2003-05-01,0.841897427532397,0.795877424998892,-0.145602943819731,6.88202108783549,4.9035725411816,231.775458094631,283.121850288656,0
2003-05-02,0.820098208710597,-0.644600016767783,1.78965101178773,7.52488997886212,1.46827831075995,51.5580389993788,321.752045246617,14.2957617955663
2003-05-03,0.678904032197273,0.939258680101578,-0.877199681776573,5.1679520529678,2.71662808253913,104.879099595145,303.322807317361,2.9092233122255
2003-05-04,0.990689896800907,1.26105050472271,4.23473395792183,7.6767491395005,5.00843386076475,141.249852465669,323.801775072601,4.85891066912164
2003-05-05,0.999957180417325,0.295163742502084,2.81021647029883,10.7515059919099,8.26535450105775,196.336211877651,300.105278132339,1.16006488859372
2003-05-06,0.675404153198952,1.01983926774096,-0.673193518720806,8.44724562734262,1.63249689613143,175.38201327193,278.987908860665,0
2003-05-07,0.954759230264671,0.801295918431082,2.81495289502469,6.42704941801158,-0.579464261912633,260.034191232827,284.902484046909,0
2003-05-08,0.725589425032474,0.0708307128579228,2.25548427788393,9.10051926767321,2.76615714051337,78.0535427128448,313.453959790925,8.20136275662266
2003-05-09,0.454189750096942,0.604122629482124,2.86039534862799,8.06775673399896,5.2248105104245,237.393062150254,274.985976957879,2.58523453938604
2003-05-10,0.600801569372862,1.75517609634874,4.23610037723027,8.34313548570143,3.69806271662545,285.701918709982,256.168694286379,0
2003-05-11,0.184489827490304,1.8948100237524,3.56007204107532,8.30819312751808,1.1601497627701,249.504117234781,279.393827485618,1.45401618648691
2003-05-12,0.413031263929802,0.790767820728809,2.1171523783562,8.51385164397937,3.65920374376823,163.339135105964,292.793753017506,7.4230009737606
2003-05-13,0.553938102384377,1.10750382353259,1.10772688181302,6.63557866135419,3.17869835396106,250.066429687655,269.444704765093,2.05596149965453
2003-05-14,0.485390912957309,0.210361946498676,-0.750819974232637,6.74191717322658,2.48781718680063,263.986128376219,266.213339500395,0
2003-05-15,0.20113449558438,-0.234243821832963,-1.92079831984942,8.81161223227635,0.897622221401635,298.320955530554,261.594677118305,0
2003-05-16,0.645042603530463,0.94167796111818,2.17633426562503,10.369854874609,1.56288371839273,271.00068323566,284.985518792384,0
2003-05-17,0.569178952473245,1.25987763579892,1.36153815828609,11.818212918858,4.22318998075645,230.615410973157,308.370992838529,0
2003-05-18,0.689792063474069,-0.789258529558155,-0.525257570865952,13.0291230229319,6.47227056761609,177.182924985881,330.517420333576,1.36641139157006
2003-05-19,0.862992879098151,-2.55456143787532,-0.120046996215987,12.1137924285498,6.30895344834845,270.236647558812,302.051125835891,1.24333688618707
2003-05-20,0.586839410198382,-2.29799082121768,-1.94097366367581,13.4277768894635,4.1206306362713,126.82557628529,332.071848615643,3.08520382101696
2003-05-21,0.726992214179738,-1.93609823503384,-3.23118830376338,10.9306230664269,6.17887664432712,304.980050671356,298.484432643044,0
2003-05-22,0.380523313148384,-0.240995380083683,-0.183900652781074,14.5996556656796,7.8254744181985,223.341855206111,326.896920669158,8.23936180508694
2003-05-23,0.806039804064947,-0.209333654793954,-0.200877596121732,14.1740925490188,9.96021674014952,36.3589248326039,350.705113005575,19.2718075248515
2003-05-24,0.99970494694316,1.31390971846506,-3.83103959786294,8.73042411351291,6.71251467526028,173.581952938787,327.85598980377,0
2003-05-25,0.872255097456169,0.891997431564007,0.841399148228316,11.1488411935018,4.81122030714375,164.525544698371,312.6459352891,6.49369453013957
2003-05-26,0.732019306992303,0.428711063561075,-2.81067754765337,10.1036349609848,4.79474104347945,263.6851243325,287.278707793309,0
2003-05-27,0.28201574522145,0.686451418778269,-1.27622761755602,12.5837115714538,4.5584942148731,318.141700401826,284.51198280352,0
2003-05-28,0.344105231564925,0.651743649701829,2.33806560612231,14.124747690003,7.1273422171059,308.907987619491,301.324544954126,0
2003-05-29,0.385092697169571,-1.75061507662492,1.0929749024547,16.6574038309291,8.36955560004859,89.4820719643149,352.521866497559,6.23625962444031
2003-05-30,0.888090461483285,-2.20673330408142,-0.51314773706806,14.0366916301709,11.0053639752057,197.260224994711,346.269447578332,6.59375421720531
2003-05-31,0.45740973004457,0.788546150725524,1.87854281461827,15.3930787486484,12.226906964081,250.064408713081,333.998780213177,4.95815661173246
2003-06-01,0.585242071437535,-1.54607860346803,-2.9623519156366,16.3192442034836,11.4052226880819,73.3841407498821,373.523959999085,28.7464081711116
2003-06-02,0.996572027648917,-2.67856686198031,-0.452491830607716,15.1809703231533,14.1520746761286,127.869938907442,360.62641854507,6.91350268329152
2003-06-03,0.918093530067478,0.213248037459029,1.18796275353538,14.1740925490188,12.6252746895054,202.470062153084,349.45554238689,0
2003-06-04,0.685615033146041,0.8323402237639,2.26416156182043,15.0181581717516,12.0654745899489,201.387439119544,352.521866497559,6.74802213822693
2003-06-05,0.611079073644659,-0.463127810999086,0.46292621390816,15.379164853735,12.3631419503674,270.102489063821,342.334723798795,0
2003-06-06,0.31438408933718,-0.738052881944592,-1.77634791332504,19.1308730878908,13.3734638129293,256.027397031864,343.135455268052,0
2003-06-07,0.340825285390543,-0.86187653487387,-0.200977866371758,20.1157584914224,14.5675511704278,249.609007805816,339.555542145718,0
2003-06-08,0.412220822794698,-1.06899789619594,-0.925196367966009,19.9133217657225,13.3272231088454,271.928024258894,339.968749578246,0
2003-06-09,0.548701185609275,-0.859736145735393,-0.736859607976234,20.8300239865933,13.6986693337703,236.20639032334,347.056753351869,0
2003-06-10,0.609716817414214,-0.0765909083856909,-0.310246529561839,19.6242700410219,12.9812822056925,249.049510187134,332.381348402953,8.29868251542077
2003-06-11,0.326447277698744,0.590459667961761,0.137994979615965,16.2791048273678,11.6397996566255,312.821488023866,280.245327777742,0
2003-06-12,0.262513072688675,0.83053341672271,-2.20041638084155,13.1234989675066,2.86985950282301,260.034191232827,290.090203840756,0
2003-06-13,0.575089279198981,0.309981879983629,-2.71942735135791,12.2949070680169,1.3859689203748,290.049001626192,287.719742256915,0
2003-06-14,0.432892907994788,-0.405797780499932,-1.82670921194995,12.0855675899291,3.16801120216075,311.091713555009,293.12174338196,1.33890515658646
2003-06-15,0.343509448816271,-1.13326097228473,-1.48731716337337,13.4571424378466,6.03059182110965,254.281385479905,309.351749620402,3.8262890229055
2003-06-16,0.873929394131605,-1.57196135103392,1.21899340962672,14.1414034747136,9.673989708629,270.308217089949,305.148624843752,0
2003-06-17,0.870638132351897,-2.73796286451718,-0.714082054403529,15.5133652750811,5.97363705051653,293.977330418552,304.209740476713,0
2003-06-18,0.926309772332236,-1.73001688133487,-4.48199334911536,17.2220227329689,4.15582692636781,98.0965341495239,351.38689323091,2.05132103982614
2003-06-19,0.991240260625062,-1.64170046243447,-3.70648806399682,14.0521227538028,7.80807325493511,148.101592199916,348.363905832358,1.87967524824844
2003-06-20,0.795485001790233,-0.359343389156553,0.130972435160868,13.8352916743422,9.57275093443111,174.155395340159,338.480878238359,2.62547468053998
2003-06-21,0.751337387709215,0.460590571755321,1.991074193051,14.9169809390225,11.3442475900703,240.802372642835,334.106681518864,0
2003-06-22,0.47005924032131,1.20116369083992,3.65782645962865,16.1921249881066,11.8525565420987,229.666677837245,356.62661243825,0
2003-06-23,0.608277430269861,0.916427682608179,3.77750925835879,18.1780909117355,13.0981216322785,212.075140315631,357.357318604381,0
2003-06-24,0.878272153052989,-0.937090527524853,2.80174584522062,20.4503193284349,13.7771801072754,229.233522311954,365.976864430643,0
2003-06-25,0.777289003847405,-0.488137757674602,1.3035387141624,21.5178386605908,15.6463582403327,245.236988814854,364.072628175819,0
2003-06-26,0.445327059133384,-2.05911749784574,1.13613196516818,22.8134835520062,14.6658705730812,247.734760030206,364.21448670162,1.00148920900929
2003-06-27,0.720724053502482,-3.24588103558259,0.937863475456526,22.1423698010001,15.2737455111416,116.559655041751,382.256298101694,25.9109824523198
2003-06-28,0.959064576033922,-0.954340489239046,1.43878290748899,19.5270055307629,16.7321949097536,278.819540125998,323.801775072601,0
2003-06-29,0.3419497243592,1.30871916575511,4.00694779825173,16.6645817881747,11.9632078506396,268.3584799589,323.952624875913,0
2003-06-30,0.557239731208222,1.2213885476982,2.88520140242562,16.2072338883766,11.0377530560755,288.515980998837,319.233269844758,0
2003-07-01,0.351191689335915,0.0842943600453047,-0.574922978226588,18.1351493924666,11.6392867760485,299.888312001623,322.60343812581,0
2003-07-02,0.412220822794698,-0.54913499053131,1.67725205062875,18.570221719338,12.4298892036236,85.478026020169,364.943543217799,22.8267414465641
2003-07-03,0.912110137953645,-1.06899707196977,3.41736078115911,16.3255022668391,14.2008118768656,206.190350006447,339.257632994426,2.62653342667054
2003-07-04,0.814083692135825,3.1762963711371,3.23901280471443,15.372249141723,10.3377522280452,309.234090478097,301.766782660981,0
2003-07-05,0.262417646610676,2.42078589783908,-0.0766882269361326,16.5475514765503,5.93825530430574,271.753709659126,298.754518763188,2.27422767300269
2003-07-06,0.562368160854481,0.22706334854715,1.09773402762228,14.2219897785058,5.81026287113537,95.5955234719905,350.034943212779,6.52646243105572
2003-07-07,0.895209947094387,-0.364750764839057,0.75018842087228,13.5357686701707,11.0117450229307,130.129300934113,334.292589555047,12.3817028874735
2003-07-08,0.728186089550126,0.925722638133819,-1.61176596339031,12.60480464674,9.27862262059584,289.630012131118,307.170487503879,0
2003-07-09,0.31438408933718,0.790767820728809,-0.274017861450317,16.3767387418856,9.61724247446356,251.93189669061,320.973633990566,0
2003-07-10,0.878558976572089,0.306972006517218,2.50765342656835,15.2234157627368,10.1095350883721,144.53215954867,332.524323878415,8.94867629723909
2003-07-11,0.423835945647227,1.30596153035464,4.246407713354,13.2986458990494,10.6400352814754,268.332790170156,300.756201214244,3.01049910189866
2003-07-12,0.720566225742581,2.48213161071727,-0.587139723371011,14.2440469898889,6.95999896140573,237.883418955148,328.392723918901,0
2003-07-13,0.722442372367121,0.424744546435502,0.158766340642553,15.1551540373148,8.23135487734794,188.396532587571,334.535429207392,1.89408046796594
2003-07-14,0.616607733809289,-0.255291555123867,-1.0238071642633,13.9326637382336,9.54221011408429,217.231230101544,333.997720996253,12.4162696778104
2003-07-15,0.878209166631918,0.114064852114181,3.86362199288877,15.2349214020314,11.5005556639431,132.522409782175,364.998639309782,12.6669356586675
2003-07-16,0.84254371058421,0.595715852226277,0.194014014330497,14.933580516954,11.8894945541433,210.156106727467,329.999599078843,0
2003-07-17,0.595686827421215,-0.0229623721987804,-3.94090704910324,14.62439272219,5.08888922698305,314.072118203612,295.855977234103,0
2003-07-18,0.00507269957933347,0.869207403956744,-1.62986715635267,16.5132764698174,7.66034178987368,310.425715972221,304.816865792755,0
2003-07-19,0.0125004696494715,0.294256106175797,-2.51042646645197,17.6628128919941,9.12404618392185,267.846215606508,320.07771817129,0
2003-07-20,0.323384222232771,0.287483402127414,-2.08988927570515,18.7659263237279,10.8312113808702,170.55987629569,338.587889775679,0
2003-07-21,0.924624614419494,-1.29667518918913,-0.115023847377715,16.6661776632712,10.2138434870105,155.404373854504,338.076125335341,0
2003-07-22,0.6391358607214,0.22706334854715,-0.856473665042574,15.3570493520548,8.41989003279634,225.590764725353,329.298171970059,0
2003-07-23,0.769707189634494,-0.560445558974922,-0.207751717244929,16.2014013010223,9.08873477621977,217.701230910825,341.654014233921,2.20205559433595
2003-07-24,0.831417466449782,-0.290012793988305,1.29373693743568,16.6273168423218,12.3173813139421,116.035414501453,350.465075294559,7.26254830173434
2003-07-25,0.950190397802538,-0.172176486549982,-1.64602017799712,14.27004626622,12.287266245471,58.6189630243074,361.782585761963,20.5041211878566
2003-07-26,0.999689831147508,-3.02785245907909,-0.391538427586198,13.6470111937504,12.499629836175,50.6014311534393,374.332973539533,19.0587986054688
2003-07-27,0.999957180417325,-4.10640634602808,-3.04170299237903,15.4346788470283,13.6285179445248,100.748638725483,359.420822486815,6.82444080782691
2003-07-28,0.913125905489625,-3.74841436533463,-3.96473003136736,16.3674626556383,11.4459458879591,151.251146358565,352.849249363279,0
2003-07-29,0.689474520251061,-1.60207031291192,-3.42015641789075,16.735511356353,10.326421582779,183.149999810695,344.366613657757,0
2003-07-30,0.593836850814543,-0.106313107616304,-1.16076158156796,18.2062368558976,11.6484153150778,234.427552830748,331.916014364995,1.00148920900929
2003-07-31,0.695571122056651,-0.131203095187267,1.89974418179804,18.1165747324551,13.0042605733268,144.386340062039,341.081494571627,3.99513567697912
2003-08-01,0.902214638745608,0.00970250455560119,-1.62986715635267,14.0578914842913,10.7985379377967,207.123725128444,317.076006574943,2.01821134455656
2003-08-02,0.696970320541437,0.0807940478981882,-0.135359215548971,13.7794199908663,8.88716161833194,164.17682776201,326.795752970165,2.47686566477736
2003-08-03,0.645042603530463,1.51392064857126,2.50027853926956,14.6663232071865,10.8081570199639,232.410591135233,305.453311095285,1.95956034083299
2003-08-04,0.629184758676229,0.985715901129237,-1.8482907133335,14.1100223782063,9.0848594887548,220.059558805482,311.918349611044,0
2003-08-05,0.508264729245239,1.28722468071738,1.11906870213222,15.5492081987441,8.69979193087835,167.342606071552,329.729891015078,14.7147206983336
2003-08-06,0.665023388609339,0.461785169062072,2.00652431721968,14.0333074382737,10.3068920158772,216.755312328915,315.548224205364,1.69822139417176
2003-08-07,0.791491992278732,1.88503591603774,1.30487602518701,14.6478169585157,9.75417810738553,193.525979852801,318.125923799257,1.00148920900929
2003-08-08,0.586569562028959,0.894123131744329,-0.961629605073207,13.7920437817538,8.74744502570707,226.73996066725,306.604146053692,1.03202012885192
2003-08-09,0.700133036939214,-0.284188856804875,0.0106590571356009,14.0722176118996,9.62246556600803,226.53215781393,321.940248539473,0
2003-08-10,0.508264729245239,-0.375586704289647,-0.265608938452769,15.1551540373148,11.1073251811972,185.11516776733,333.564169866979,0
2003-08-11,0.713545253686615,-0.0250790376166078,1.06820248829251,16.2004225034492,11.4724754711028,208.99259567426,324.901262717813,0
2003-08-12,0.382793121873563,0.0738046649532253,1.75585155955606,16.141416957002,11.7945625311501,138.000342722435,333.742860164717,3.56663184391701
2003-08-13,0.788000608191542,0.961526966810494,2.6576139194213,14.5659023938261,11.7076757399939,183.694753646593,318.389671775522,3.22961479157377
2003-08-14,0.669123727000052,0.58099862754196,-2.25327282139738,13.9889242425785,9.44426282590597,104.879099595145,332.381348402953,7.74589479291663
2003-08-15,0.700671805385906,-1.28000162044626,-4.96112963162311,13.7930457172726,10.1962383697457,174.058537913556,328.761515810547,1.24333688618707
2003-08-16,0.422594591433277,-1.39952979863935,-3.58626653758976,16.141416957002,10.0051213627439,199.285588571527,322.589573798331,0
2003-08-17,0.28820685815094,-0.868094655343893,-1.51088166201357,17.0139818631371,11.0645879870588,233.35084842391,314.006086867744,0
2003-08-18,0.641247107128925,0.543642738673763,2.68133293582114,16.6857055240154,12.292352251924,244.152675805035,313.453959790925,0
2003-08-19,0.20486096237384,1.14320343994157,-1.9484955680628,17.3994017172021,9.59105086757413,218.08143976543,296.508897664046,0
2003-08-20,0.411810279203643,0.0597537724774989,-1.0823289285969,14.6011268842947,5.99815943168874,162.942726674121,320.225449410351,0
2003-08-21,0.768365616009457,-1.17910557163562,1.29190283449494,14.3866062486856,9.5015160870283,105.648542257982,349.700869331916,1.39302122002873
2003-08-22,0.80800586912343,-1.45420488954502,0.438628011245225,15.1717874952154,11.2237952870379,82.5581989712934,353.989304010339,3.43567650742361
2003-08-23,0.786711856928718,-0.859736145735393,-0.808249577446992,13.7585009347555,11.1384233849738,234.148410360844,289.18348863774,0
2003-08-24,0.259376089966763,-1.89461890066972,-0.73970847189581,14.2440469898889,7.49160933944331,117.053284486814,335.044843365082,0
2003-08-25,0.727107205147454,-2.87414764585968,-0.79344101042649,13.7794780202112,7.74793420746791,101.001885862607,333.129608453364,0
2003-08-26,0.683626731098016,-3.0775407414349,-1.03218189209606,13.0924735846451,7.16714462893228,132.522409782175,318.618359619918,1.37725992016121
2003-08-27,0.517935832495591,-3.11172626353738,-0.995427725719186,12.8923590140812,7.28555470476179,121.356775821392,310.718263657297,0
2003-08-28,0.551893353825892,-3.24588103558259,-2.14331264111279,12.1921211308934,5.75337776382985,92.8147860220319,326.047002517819,1.41904598073138
2003-08-29,0.919181819385445,-2.62896078540418,-2.93706355891452,11.767392404683,6.17887664432712,125.318687050261,325.496612352622,0
2003-08-30,0.76631132210441,-1.03045007282736,-2.20645629386351,12.4702239578915,4.49249038585227,133.146496473823,323.835022903636,0
2003-08-31,0.782801159687003,0.380800876412325,-0.773288025963856,12.8214025237844,6.13463933777556,139.348079820492,318.864491238807,0
2004-05-01,0.383525321196917,-0.674532925884015,0.964546404486451,11.866880310917,4.23613834794092,168.405880882835,328.00828956845,0
2004-05-02,0.701290676138977,-1.08642585456181,1.51423475561335,11.96578536735,7.85253709561019,146.900624147068,317.523062427377,0
2004-05-03,0.79051914588548,-0.295623625560109,3.19585131434641,10.1114561645478,5.90452019346218,88.4152523515143,333.250672135069,12.8128692096532
2004-05-04,0.960929009777548,-2.03364257379128,2.75767084931424,9.70818981565061,8.38052752426376,112.458264097074,347.25992623244,9.86460057736805
2004-05-05,0.863976452574465,-4.07196785270511,-0.731075323211606,14.0761994584269,11.1384233849738,223.461702509483,324.068292657214,0
2004-05-06,0.196277891550703,-4.51181528475224,-1.32757690387578,16.7471779753201,10.92131916288,116.549502491554,340.528398883331,6.08947624529397
2004-05-07,0.747097920245795,-4.13066586027372,-2.81409847730269,14.142316961067,10.6492586766103,138.07740649888,354.863625844022,16.1628962057515
2004-05-08,0.886668074523347,-3.78193968625281,-1.05046824181574,13.8945153824411,10.5389075363438,142.834504006725,340.812089553894,12.2144875645826
2004-05-09,0.92921426976081,-1.25633760108885,0.296397049431183,11.852967227246,9.86889567390573,134.007503129479,329.457927548259,17.2149786289595
2004-05-10,0.788015065312169,-1.36909208973783,2.1778349355726,10.5210040988245,8.53753974063066,142.834504006725,342.046837282422,13.7083218008426
2004-05-11,0.972997953560471,-1.36783950241108,0.29818890023649,11.9279865449061,10.3282258656482,143.292722411662,334.069037638003,10.6308391910463
2004-05-12,0.748908254308107,0.435776570296845,2.27189011893298,11.7645048592462,9.83501514909674,114.191042209414,342.744165581787,6.59375421720531
2004-05-13,0.997312267534927,0.128252936292257,-0.227110995350881,10.0933712628863,8.05615249828239,118.930550187311,329.163493299044,8.61308211680454
2004-05-14,0.740809230377402,0.433894569938954,2.35117481549703,9.20125137002978,7.37264752347165,248.580631229128,278.426846458309,0
2004-05-15,0.356760680482963,2.60115113232473,1.0792964560287,8.67718668077522,0.440480951310418,187.102510433287,296.733130669571,3.77917019070297
2004-05-16,0.792133136007496,0.359917762435858,3.35819006067826,9.0605354612362,4.10745522032984,142.834504006725,329.084853427982,11.5955141516716
2004-05-17,0.981963383249525,-1.99259456712706,2.65800755938053,10.3869951028038,6.04432521305113,103.86451857265,335.823505038697,16.5491492637027
2004-05-18,0.896082621736934,0.604219935707638,-0.239467190599197,9.35539051951524,7.74793420746791,284.702051079262,267.856055125641,0
2004-05-19,0.230492103007758,1.51368392728405,-1.42062579209405,9.70818981565061,-0.871854591793269,293.760396984351,267.856055125641,0
2004-05-20,0.769724509417962,1.12268950931509,0.550192846149945,9.09808214514333,-0.335320444953768,145.635214631366,324.777748242178,4.45492333400042
2004-05-21,0.937848705648893,-2.08300727773813,-1.53790173402455,9.85889371259185,2.98621933419264,229.951241173077,287.080304862242,0
2004-05-22,0.340171897702844,-1.56139599430992,-3.81423010169683,10.0034371035157,-0.367018230022731,314.46739436772,250.062993334679,0
2004-05-23,0.245255677200224,-1.84478871906385,-4.38535107057182,8.06775673399896,-3.79168784805226,274.016385808741,275.095169483495,0
2004-05-24,0.557241285065959,-1.9441974628092,-3.50274125848818,9.5843969079889,-0.715220786641099,114.412763610417,324.776645743816,0
2004-05-25,0.993038989496194,-3.24084173024516,-3.49613381133397,9.48000937572134,1.49195101536063,74.7219526693303,337.606966536076,4.22145953864882
2004-05-26,0.991689599106783,-2.69898414202298,-1.97950139525558,8.67718668077522,4.56961620724171,116.559655041751,327.440568559064,4.01740730717387
2004-05-27,0.721492215306925,-1.17910557163562,0.878769067519041,9.19635598892413,6.125549412307,176.477409756454,324.346601434781,6.00268478461291
2004-05-28,0.867506026964109,-1.73757942178782,2.12514972061,11.3648235680369,7.7025727839908,71.6568284932863,347.264977584017,9.34207023075664
2004-05-29,0.93428929024373,-0.733365592168072,0.853270832815861,10.4145787294454,9.44444300704876,176.019684330458,336.847592718963,3.22040247272775
2004-05-30,0.755039014426925,0.382504899693317,0.379530186809237,11.0298312499704,8.56005540946283,215.870902678759,323.795557868164,3.00205141482726
2004-05-31,0.666481549690968,0.0319286358321911,0.62000519050317,12.2632865798358,9.20342535409552,199.228145067868,321.492996743529,4.73926010446547
2004-06-01,0.942009572946242,0.901553631403248,3.32267048087543,10.9000330014821,7.23860744714066,170.581802800557,311.43201110716,8.2746965282397
2004-06-02,0.737590478366036,0.535807649109495,2.31957200644292,9.12730253925246,5.26017210597572,261.002110851857,286.935769665737,1.6199659480952
2004-06-03,0.442114886664917,1.51392064857126,1.22356799211552,10.7250580488162,5.21982414266901,286.221905824665,287.364172711002,0
2004-06-04,0.51717245868406,1.45539054070872,2.5521928569702,12.4615705696644,6.64785312538234,223.333615975818,318.563243811658,0
2004-06-05,0.721272356905773,0.730379640762417,2.62010254403538,12.9087009490831,8.22522707638453,208.722167130552,349.529109510947,8.43123839782787
2004-06-06,0.982462851009931,-0.571887323668136,1.71106297523262,14.4801747465124,11.0031863207328,75.2293421549117,369.044137847459,2.02019672586182
2004-06-07,0.974917485527045,-1.78128479835374,0.348452510820073,14.7526966295766,12.4945651242234,116.124755874145,359.929393369994,9.86895502252791
2004-06-08,0.861813813741442,-1.48128282019175,2.95259057212319,14.7915833048394,12.8313155728211,264.989797506567,311.015194021674,3.03513748193256
2004-06-09,0.521972371272917,2.60971863669983,3.69885502686876,12.7420008962759,6.55566554215514,229.462525627373,327.321986468793,0
2004-06-10,0.94663307322429,1.06943010418145,3.02386128113625,14.2002888258075,9.58001079009163,244.428766090541,321.101311426583,0
2004-06-11,0.623667302030156,-1.16262215723937,1.1025560492349,16.0478041829087,9.23325760933735,179.963826021277,348.964931104327,0
2004-06-12,0.942009572946242,-2.37395644269176,0.400608754934009,16.4770130040629,11.6780647705069,76.5939876079157,367.803060571475,3.36103750411968
2004-06-13,0.876334413579599,0.718244086708203,3.28117554329949,13.9999009670417,12.3432662039112,188.324980332764,339.549076787438,1.00148920900929
2004-06-14,0.57575257530492,0.668339338819607,-0.878848105813269,14.4758761994064,9.65023905586276,193.942302319768,319.751621439158,0
2004-06-15,0.67239159147278,0.407109111198,-3.43857144886738,13.6735943180641,5.17245209208958,335.404508470361,287.080304862242,0
2004-06-16,0.0422888461394352,0.0203630115128585,0.572821600848162,15.1551540373148,8.31200512917521,278.786072062421,324.772208708314,0
2004-06-17,0.872913848848081,0.157787846647989,2.30470423515544,15.5791308612393,11.17111219837,215.361969940661,346.889861418917,1.61845511827215
2004-06-18,0.682067396501492,1.47076064701726,3.37847919887955,15.533816710134,11.1944799115024,220.062419451917,331.508260091325,4.73962068992853
2004-06-19,0.638690288639524,3.03537604704586,1.21171006274826,14.3892973187733,8.87620482408312,138.000342722435,336.423806174233,5.68802524954285
2004-06-20,0.842621815851568,0.302459338806038,-1.56921207552105,12.560422873431,9.6643040018045,245.234016811949,325.272226947184,4.34502166606141
2004-06-21,0.458955583837561,0.0768386232188804,1.27756323833942,14.4016520653375,11.1073251811972,243.511246999875,328.056854296849,0
2004-06-22,0.668349190113909,1.53541340769788,0.777683154887718,14.4220147486832,8.36002388588177,255.419895734548,318.943324345029,0
2004-06-23,0.619023122751766,1.8859205388721,1.57341474349928,17.0596859651245,11.3853882944304,141.672142760702,361.277649588212,11.7081512026037
2004-06-24,0.997478620193149,-1.75848856367343,1.9927310937944,16.3957187746346,13.3765478211413,141.451097780923,362.764589407834,10.2599951706093
2004-06-25,0.912529610726948,0.722609858018633,5.94777098434992,13.8943629804056,11.3416631986329,191.694555195071,341.950121462299,4.8565132819428
2004-06-26,0.700671805385906,1.97024249392363,3.71621623472716,14.4098715780851,10.8904094647495,249.767814708957,332.64947460647,5.82536410753461
2004-06-27,0.578401090557256,0.320194235783742,1.38681232191948,16.0422158492658,12.2285896353235,176.019684330458,343.472438824397,3.09949304389439
2004-06-28,0.916991427126232,-1.03727672059718,0.872454684592534,14.0094126890426,9.68394203128467,168.203203482054,342.140111084595,4.20584027678606
2004-06-29,0.813801619084721,-0.28406759136576,0.853297172761157,13.7535122815692,10.56252943991,148.019700075155,344.908000934806,5.52955084456726
2004-06-30,0.954328993454851,-1.38310499872822,-2.69112565140191,14.1240766167461,11.4061490896474,137.207151947966,348.555149118563,8.98800362132015
2004-07-01,0.92546364513557,-1.00225108253472,-2.71317052028658,14.3233167772502,11.3894804509011,198.985552121446,324.535730738719,3.22040247272775
2004-07-02,0.568004775029682,-0.74551288902194,-2.24817711588184,13.9269706306664,9.092696757142,236.23129169839,318.555394136219,0
2004-07-03,0.630754150575812,0.829250116277742,1.10732267256944,15.0489805806156,9.46547067400251,234.992014417074,323.663209490661,0
2004-07-04,0.304627337866677,2.41980215290875,2.94877701558453,16.2595656128791,10.8072391448907,296.920541220299,295.42428608826,0
2004-07-05,0.192337438586104,2.67159219450586,1.37569441343253,15.9048613641856,7.30689975722671,236.495623281185,331.318383615275,1.00148920900929
2004-07-06,0.970130959951078,1.35742459246394,4.12138448688851,15.6569386596927,10.7962293389271,124.608701081861,363.504296338216,3.60857437483524
2004-07-07,0.746027080649157,0.85822128762216,4.19909741607656,15.4855776018062,13.0992465286226,231.882898954414,321.281992754317,2.60212314026749
2004-07-08,0.430617973163855,1.29629860735791,3.98383605230077,14.7526966295766,10.9550267320214,161.303827455887,339.061638929322,4.16183869344364
2004-07-09,0.979857230279887,0.285267113989736,1.93751635366543,14.7295681449558,11.0031863207328,212.893353275167,341.389245121056,2.54634114119994
2004-07-10,0.545014990704032,-0.753359326881076,-3.05303387368067,15.9372463740251,11.2908263632497,310.792536447941,300.25206203998,0
2004-07-11,0.303480862626952,-0.0257977349600796,-0.519712156291383,16.7498012680339,9.97559632538229,262.413253821738,333.334746061264,0
2004-07-12,0.604756075793264,0.0549553726265876,1.58721179258208,17.7912641292191,12.6164516448582,286.221905824665,331.269037495304,0
2004-07-13,0.258366760803688,0.145242675202973,1.31369415918444,19.7019355394788,13.5854648810829,271.472663203698,334.6378160843,0
2004-07-14,0.824289063032113,0.990178252415175,3.7732772027773,18.8744445567683,13.4915043545987,275.712960812924,309.757855424864,0
2004-07-15,0.383525321196917,1.34884914244136,1.08806365319457,16.4746538340791,9.1811430499581,247.78990143302,312.317557319047,2.96536426542037
2004-07-16,0.666667641531757,-1.46565559956699,-0.969982827643779,15.0640637858367,8.6823212108027,218.537671561112,332.055738362666,2.28374239628182
2004-07-17,0.90267857463562,-0.430553499106329,-2.63429582948161,15.6737689927275,9.46058210932186,147.173476830186,354.180907735732,6.72768052867354
2004-07-18,0.959064576033922,1.28985577939626,-2.93706355891452,16.3192442034836,11.1753817420788,195.280373638364,349.288283445056,1.1756374873997
2004-07-19,0.68076371770636,0.411994869259337,1.42288619927657,16.6214686489512,12.7742663037667,220.927445623575,334.069037638003,1.51170414755661
2004-07-20,0.714580682148243,0.611515935370277,2.45892650273417,16.1702795195017,11.4243814083467,191.413834643342,336.70897457945,0
2004-07-21,0.961265969120838,-0.573033328376733,1.34785167047418,15.6423956080829,10.4876059031785,185.676331144524,344.604819620678,4.45573938127825
2004-07-22,0.809799381940691,-0.760470384212449,0.378967117669891,15.9246264845635,12.3749954669396,199.611022774925,350.89589918507,3.5926779577326
2004-07-23,0.968587676488336,-1.75454244370091,-0.158129547454898,17.0139818631371,13.5881501557988,72.6073517231799,373.865346056163,16.1628962057515
2004-07-24,0.916930193424152,-0.287159305741757,-0.452001477174919,15.618320700124,14.3777980848273,173.192860943621,354.842107715626,4.21225836108813
2004-07-25,0.690127600207804,1.38604683086797,4.46910178727655,15.3586512206039,12.5193998362317,200.338645653568,346.310624464524,4.33057461066336
2004-07-26,0.839370592489702,0.236642945587277,1.48976652281921,15.9752755294217,10.9165103189197,132.84832047903,353.806374355534,2.73565010860101
2004-07-27,0.855827899836864,0.306166696121038,-0.808307446358987,16.5839047593212,12.9684475118958,245.189054879712,327.322217599735,1.17359884479768
2004-07-28,0.493498445740985,0.181374518494432,-0.341667556485892,17.5625291294719,12.5586062204989,281.359300531623,316.924600882434,0
2004-07-29,0.376829723102002,0.416785587929562,1.39244436364945,17.6896299771778,12.4945651242234,167.528569833456,346.933194552725,0
2004-07-30,0.626012118546821,-0.0669577274460064,2.34535340756769,16.5435677612721,13.6580231099186,183.150779668211,350.761954708331,0
2004-07-31,0.734900209288181,-0.250900199148232,2.42857191013613,15.3235353633428,11.4455932398297,172.105322391505,354.289911146343,0
2004-08-01,0.879576732442999,-0.97810828826674,0.506275431187037,16.7991412449499,12.3951171490347,157.219421539769,360.463364869304,0
2004-08-02,0.730362953078416,-0.683014126282808,1.46360856448092,17.9337456742558,13.1492303091928,182.416926216978,353.380608556671,2.12457284207981
2004-08-03,0.756501750152908,0.0915554495588717,2.25150729512189,17.3349631830841,12.0513498717808,126.079106416195,364.638102659924,7.03275687156519
2004-08-04,0.773905061574793,-0.175130435028436,2.01566663903245,16.7082509941252,14.7014718400318,159.659582851437,356.103870015441,2.2953834650849
2004-08-05,0.912918138613345,0.388958683761429,1.95881772538585,17.4697461722843,14.361045914362,207.327835600667,339.257632994426,0
2004-08-06,0.442114970063525,0.565175928371543,2.89924080941386,17.3302195259847,13.3686884468198,221.455675464488,334.360055342448,0
2004-08-07,0.66681977216522,1.14104010334633,2.81348058807012,18.0743284534762,12.9812822056925,167.221054347924,333.404577687643,0
2004-08-08,0.550006401053599,0.0441123608705917,0.822408324782913,16.9192902446607,12.9966353548432,202.152455932367,347.101290857396,4.57937373417543
2004-08-09,0.949234290146429,-1.16262215723937,1.42769436329985,18.5087786440176,13.5870910585122,101.964506693836,374.313828830051,7.48281125064353
2004-08-10,0.993462166201673,-2.59864255584623,2.69445586038769,18.9573378437608,15.6988597094073,28.9945896337754,382.890689654514,28.7464081711116
2004-08-11,0.9829741781376,-2.31127839109003,1.26587015565337,16.3583374774992,15.4997608759298,29.7662658793143,384.003962972027,28.732268753974
2004-08-12,0.980774404322639,-1.02256262062097,-2.21392824078465,15.7273127342187,14.7232112716353,121.158039298829,361.945748495993,3.09523593891724
2004-08-13,0.485822831034035,0.686749167995174,0.898957151174236,17.1687495644121,13.9946640353337,239.108760902525,298.851646798957,0
2004-08-14,0.142123766823155,1.979465443863,-2.04873575483996,16.5104904138133,7.27074344787254,163.465709420738,324.715623186803,1.89328873070667
2004-08-15,0.908912645661648,1.69656779057093,2.222995611977,15.5108654935318,10.6589827434678,248.019901716158,282.705935149341,0
2004-08-16,0.0275841890118715,2.76679454323667,-2.13053765655483,14.4391841764985,3.41563338432638,181.946289450387,288.873428083944,0
2004-08-17,0.452278425185748,2.27293151986556,-2.16171139056071,13.813875304342,3.05193504482389,253.757470404089,280.672474239632,0
2004-08-18,0.558788994596368,0.961526966810494,0.0960028348358442,14.339528137194,6.3093213373106,154.139055850007,332.614995326337,0
2004-08-19,0.87161140754126,2.06703979880817,1.86737834153761,16.4502317288979,11.1709599106338,169.955902393701,318.125923799257,0
2004-08-20,0.808280462949014,1.65711595858444,-0.904454391146572,15.1717874952154,8.42521022673755,187.726703679158,295.054275202418,0
2004-08-21,0.434331294843346,0.861655260191125,-4.57656713131452,12.7692587410018,1.3859689203748,174.777816538496,297.265299653283,0
2004-08-22,0.518975625197778,-0.288617580273438,-3.81423010169683,13.2060867530221,3.71005959169675,222.84405067177,292.958923177446,0
2004-08-23,0.447203032526688,0.0339300091325261,-0.142205591807368,13.140117768582,7.14419599056474,147.522009324952,329.228309647637,0
2004-08-24,0.819151419098513,0.705377484689025,1.7960918932836,15.1833637001917,11.9148238655799,215.177977536786,329.125026655597,0
2004-08-25,0.0742484320803112,0.454333699548121,-0.0895708247288905,19.1005863357018,14.3020522954743,210.156106727467,333.588722520671,0
2004-08-26,0.401726847244959,0.590459667961761,2.32452401212452,18.3242753327299,14.8653071303189,174.777816538496,348.89569074176,0
2004-08-27,0.645042603530463,0.123471703048858,1.67725205062875,17.5625291294719,14.3020522954743,180.04768852989,343.155261755077,0
2004-08-28,0.557239731208222,0.249149374435452,3.45315196470769,18.0261115810811,14.4442625115908,152.177655637185,344.696690529429,0
2004-08-29,0.506280496448108,0.424652147994266,3.75012386851854,18.3208024741792,14.361045914362,131.674891517195,349.154040163323,1.05006352172352
2004-08-30,0.911260625691137,-0.837719762038033,3.00070365804163,17.8243022116845,13.807821493688,30.3810481456506,367.9445895085,13.0995092013958
2004-08-31,0.932948427475129,-0.503115920054462,1.59536397310696,15.1693996451238,13.6618998189748,175.49826771083,338.87841631018,2.67132438513674
2005-05-01,0.566355710902438,0.319844155299242,1.89075249615415,10.3821841447204,4.33153873300732,34.4121887223902,348.46955496478,6.52646243105572
2005-05-02,0.999957180417325,-2.27282615594764,1.21953121306569,9.07332611291669,7.23860744714066,40.8849359803652,355.724623411309,4.45919913381691
2005-05-03,0.956355767857004,-1.07777151927068,0.597097459194879,9.20125137002978,7.90391669567807,51.952764063377,350.764177977011,3.5926779577326
2005-05-04,0.916157877452731,0.453915407163977,1.22563655424848,9.5234954468254,8.02914100954971,273.733734451511,264.750686843557,0
2005-05-05,0.0819448976152524,2.65584966626182,0.162639567035194,9.20687783710921,-0.536208257242804,276.570811644136,253.964783809709,0
2005-05-06,0.196277891550703,1.6830978424738,-0.0271147854675755,8.60176119860381,-0.983602116915619,279.309068539913,255.225353960848,0
2005-05-07,0.136032057921069,1.42266621077082,-0.310013419025878,8.46797730084894,-0.635585484502705,275.265387270739,256.168694286379,0
2005-05-08,0.0938882672683025,1.28220390058994,1.40720541590836,8.54693052416764,0.0496914809751755,272.997932519467,260.854988533982,0
2005-05-09,0.358209103833882,1.89404831347237,1.01980064625598,8.56090441936015,-0.369032790110659,289.913651019326,253.715656548722,0
2005-05-10,0.105820497382868,2.05357758948959,-0.21305949400358,9.26742179647717,-0.962252285422626,291.639196750721,253.301781974107,0
2005-05-11,0.179267593743937,0.565175928371543,-1.51050841340133,9.07332611291669,-1.33064913479752,280.709267778427,262.054952746753,0
2005-05-12,0.226920189097072,-0.0537524855538468,0.662468095689362,9.11088914111341,0.0420576053299195,268.261862244463,267.719522362745,0
2005-05-13,0.164405012443947,0.158830490711405,-0.183900652781074,9.64411679674349,0.834348771432417,279.936542514216,269.904425295981,0
2005-05-14,0.445010555871135,-0.284148658799038,1.60021805598006,10.1731912363621,1.15146903314884,64.0133643148542,321.262260258982,19.5387339248766
2005-05-15,0.872166250152636,-1.66404744341778,1.07927452008859,8.32478178899236,5.81189615564975,241.306738350863,289.207704782962,1.26598245575982
2005-05-16,0.760572158109916,0.173557668731447,2.98904987666598,6.88722871248298,1.21653507772208,134.038385683492,304.567953312182,5.02037248296099
2005-05-17,0.893277605849227,0.735320693519653,0.975510893079499,6.58950189582807,2.93560984319653,200.338645653568,298.505039207723,0
2005-05-18,0.589942761894058,1.46412946605647,2.440716065582,8.60176119860381,3.05506490870113,282.306704067239,284.017246590906,0
2005-05-19,0.459635933359046,1.42603877718847,1.85404850871537,11.0906833277211,4.6477890861289,256.993685914738,292.145824530806,0
2005-05-20,0.605547968537228,0.227798088874391,2.23306117761265,11.536312949271,5.84621803162642,197.881536398863,331.623449976392,0
2005-05-21,0.753062622194129,-0.214931555203275,0.454110484832639,13.1650955241367,8.98272370256168,206.86257054024,330.454171936334,1.33076583668702
2005-05-22,0.917816217509126,-0.203909007062315,-0.0288740283294973,14.558497158871,10.658121503904,147.832567909112,352.557231889694,6.87202577526506
2005-05-23,0.852630987880225,-3.16844813380888,-2.10237295870487,15.370025904262,11.4753069379312,137.430539730243,363.144493642854,11.0957161659938
2005-05-24,0.68432408398935,-4.10640634602808,-0.51314773706806,16.5405070905569,13.2963782281836,93.8801171799104,363.506043038087,15.7369377452415
2005-05-25,0.911260625691137,-2.69799495272405,1.75193295652557,14.0957910805085,12.3542419653998,111.670338068654,348.563180936389,7.65731892222866
2005-05-26,0.770716122376006,0.561450708968164,3.57923875912808,12.039608697955,10.1474809085644,251.93189669061,295.855977234103,0
2005-05-27,0.511042502370972,1.95317597023002,0.701438627170578,11.8750646759798,6.29641726325368,287.733587173534,284.28884390025,0
2005-05-28,0.294442186635645,1.979465443863,1.92557465555434,13.0615035095167,5.42272358909796,270.711341650889,291.162714914513,2.22009355663193
2005-05-29,0.472928446685798,0.83826541904365,2.99953360629098,12.0487782025428,7.52129336451244,82.7155054722749,341.294951021507,12.1329240334645
2005-05-30,0.997875613684894,-1.78441053864837,3.39837540274971,10.7250580488162,8.98818023115971,135.365982227999,334.793450277369,9.98239914808599
2005-05-31,0.742337340655422,-1.28376798098146,2.71952968380804,11.8904938564318,10.346389493709,129.492931738872,329.389108731268,10.4234875036214
2005-06-01,0.739151120864623,-0.536092412848129,1.66786043836552,11.9649003168896,10.6515430551931,225.813710296223,317.618701307871,1.54112688928917
2005-06-02,0.586839410198382,0.461132291504909,2.72991394331312,12.0642722489864,8.39452457272443,162.942726674121,343.567554159945,10.0715602060517
2005-06-03,0.890854067120891,-1.72989303777903,1.36574627332791,13.2121769635407,11.1229316590237,180.499392899662,337.912593015592,7.81216821328772
2005-06-04,0.693399403320689,0.672952922853613,3.90712973150469,12.090295395545,10.1263318076109,285.701918709982,298.845841326276,0
2005-06-05,0.349477502999464,0.550543430278412,2.98780627407477,13.0620117948078,7.93416068411348,257.950924468352,322.679062364698,6.22462930174962
2005-06-06,0.9903383154026,-1.04397814504007,-1.38446912459674,15.1693996451238,9.2222816961921,42.2794740993084,349.41503762869,25.5447214944161
2005-06-07,0.667050220475427,2.24304241360834,1.96889430965783,11.767392404683,9.86874121170853,264.656249154626,323.636371699311,9.55091666142336
2005-06-08,0.76098113730756,-0.637584683661664,2.65729249920531,15.3619642440066,10.2439690757971,184.279855643355,330.881099351858,8.98810890399497
2005-06-09,0.557967145711806,0.707621614212183,2.83578534451268,13.4015820840215,9.84851984910734,223.387889380203,335.04361762203,6.04030389662506
2005-06-10,0.749250069234659,-0.854547930249468,2.75287583621363,15.6109247361312,11.0671107305345,139.882064785544,339.061638929322,7.92129037950085
2005-06-11,0.723382669782758,0.0747718444819662,2.45892650273417,12.9115396944819,10.8625710804652,286.398633852328,315.946301589592,0
2005-06-12,0.490810022267806,1.51889084639673,3.26052028922372,15.152722752649,10.2118308967156,285.722449269916,312.704887455097,0
2005-06-13,0.172392013209538,2.71269483581155,2.09898890695202,15.5108654935318,8.69992933439165,293.705200673497,305.267959052929,0
2005-06-14,0.725196341955848,1.13112163582768,2.75287583621363,14.933580516954,8.93938941201243,273.420519408518,316.924600882434,2.16947811074676
2005-06-15,0.348047066608093,1.2069874002628,0.659101259412054,14.2030874809185,9.14927855512295,238.430262515453,305.582362721909,2.12491034230074
2005-06-16,0.815428550340617,0.530897700070731,1.02857345688055,13.9326637382336,9.1392989672458,270.710139799609,308.436132099549,5.70920376657352
2005-06-17,0.528619635630776,0.0371419655721134,0.159933848793937,14.0521227538028,10.2845996703367,292.075423069155,290.135362536831,0
2005-06-18,0.328409049996475,-0.620722055547283,-1.56300342158579,13.4756459888106,4.84789890407541,297.00322633037,292.584159445026,0
2005-06-19,0.250044540150302,-0.695056710521377,0.104180258756025,13.6458340582562,5.87995972139032,260.233668528896,311.974036170978,0
2005-06-20,0.840650618447176,-0.354915151944797,2.09058643642792,14.113434238156,8.06586462600206,75.7940931105898,354.089075903133,7.54112236198896
2005-06-21,0.989626303488497,-0.433233899579427,0.931891130633328,12.9549494437578,10.8670600390355,200.39083432102,343.174847240225,0
2005-06-22,0.992027464820955,0.445999190484758,-1.32779530405801,15.7288024396562,10.3413994179899,89.0805588905648,356.047908869155,16.5491492637027
2005-06-23,0.96739857349101,1.78998870362537,-5.32093299296819,13.4127893082279,10.1150797757932,99.9757399006807,359.595906629957,3.4694901363062
2005-06-24,0.845734917163952,-2.03710548800998,-3.59790484115359,14.734419017112,10.5639092853525,142.999478504613,360.832893985197,2.37295797913728
2005-06-25,0.828941518569622,-2.14907306071549,-1.52995958749228,16.3774258702623,11.6353731224894,156.087698467893,364.162048066258,22.6315603345159
2005-06-26,0.826904986104183,-2.55456143787532,-1.20049644954292,17.631840457048,14.6438367238892,164.414574128882,370.90394734166,0
2005-06-27,0.767405363335119,-1.22683893659752,-1.88531898884691,19.2558160905011,13.9903512127574,253.484613993512,356.522197895109,0
2005-06-28,0.241864801895914,0.137643653930348,-0.158209852393977,21.1840735381042,14.6521443315381,302.436273114336,338.985422737474,0
2005-06-29,0.118828703455293,0.300412836131799,0.0974054157370938,21.8320454497382,16.0676900335767,327.540746120728,340.199059967188,0
2005-06-30,0.0170126567622717,-1.72471780592331,0.0394247671994459,23.5962262573083,15.8970466736488,280.732435576715,346.490294261752,0
2005-07-01,0.278858209571204,-0.521460526235886,0.319649917099158,22.3314781950112,15.2667575173677,248.019901716158,358.948762748074,0
2005-07-02,0.790388489990679,0.0472031008357988,1.4365022516814,21.887965727387,15.6227971343918,234.151198324371,364.828886675197,4.92006032724461
2005-07-03,0.728797706644937,-0.0778808332217904,3.29758536393155,20.8403592787385,15.4997608759298,246.951176877193,357.759487244579,5.91637395894282
2005-07-04,0.358150840395722,1.53317195843356,0.654204824070421,19.3347808788129,13.8647949023456,222.86934155265,332.448207009738,2.93685698475895
2005-07-05,0.917414626510922,1.2656079363981,3.3682046365593,15.4775285037205,10.2285056533611,241.972539185836,329.308311778277,5.40585792799257
2005-07-06,0.489025127022492,2.98256699651495,1.08022875955246,15.906428461168,8.90489144781361,313.200686540744,305.610049021835,0
2005-07-07,0.521974379487475,1.97844732755523,1.75293432536357,17.9032012838533,9.49046198892038,147.108285893596,350.693900432243,2.09919473399035
2005-07-08,0.544780147217167,2.68474087301077,4.11996232900608,17.4330163629795,13.4553154189993,241.288938681786,318.970718626347,0
2005-07-09,0.810228438571845,1.21464801292272,2.04738063098089,17.4049412304147,11.5154574319798,275.900208723825,328.055961237181,0
2005-07-10,0.285868893211217,1.26508954733495,1.29107468586506,18.7274151166787,11.8394180069455,281.111989104245,323.868649957953,0
2005-07-11,0.120304440173337,0.362611206606601,1.4636526697436,19.3500710626619,12.9648526577026,310.287594487425,323.891953373502,0
2005-07-12,0.660804577250973,-0.170990506590314,2.69445586038769,19.4333662529184,13.6958973815191,198.157831314258,368.086438661356,2.80716319585652
2005-07-13,0.806039804064947,0.931840741824425,4.98128760029106,19.9010746425568,15.9239666895825,75.4149950034279,368.256804906432,34.8460765917814
2005-07-14,0.916667172437321,1.141711494621,-3.38214775695627,13.6105206373091,9.84851984910734,200.191804321597,310.718263657297,0
2005-07-15,0.729025198449693,1.3639920680915,-2.60021014312208,13.5878804596504,2.35152303232508,163.465709420738,329.989397755495,0
2005-07-16,0.774190133250239,1.03726152920245,-2.41977318575143,14.0957910805085,5.53356306627819,128.202062971124,367.036073069779,5.12181526669532
2005-07-17,0.814083692135825,0.392236816210323,-2.72178142144537,17.8919380469055,13.4675751832542,242.285870074592,367.322572010664,4.58686017406997
2005-07-18,0.574229767002889,-0.638864019229248,-2.36994736120577,20.8100300019264,16.050205556991,228.118868062298,353.449283344837,0
2005-07-19,0.805987098732953,-1.04397814504007,-3.27694155534375,19.1310448813172,12.4227875041183,145.345950959146,360.938091399355,2.44193781025619
2005-07-20,0.927028316517756,0.327380438704532,-3.22989685753643,16.4380427982203,11.6392867760485,162.329792308847,350.004701820306,8.97666588523232
2005-07-21,0.843278061296814,0.00547259174122821,-3.22984621127799,16.7881228738236,13.2782226266253,78.4424652487727,364.998639309782,22.282406571778
2005-07-22,0.977119192603913,-0.637584683661664,-0.617586176583478,15.1441219697035,13.4353231771964,160.325294521716,355.774248856268,4.20319052088102
2005-07-23,0.77711097088242,-0.879986484807116,-0.421017450858088,16.5339223882309,13.8698449405703,189.018603020536,355.278301402934,2.44844113731388
2005-07-24,0.834192705369602,-1.0286698447161,-0.201472111461912,16.8645445241744,14.2793956866014,180.588068382653,350.191883154295,1.00148920900929
2005-07-25,0.731167002132127,-1.44542813251542,0.12407028241935,17.4004529988613,13.6912858660333,199.574080926996,345.594865900729,2.4761269323691
2005-07-26,0.932045510484847,-0.682044404065439,0.233461508063605,18.421174771528,14.8833362195005,185.676331144524,358.419954058563,4.9785987908663
2005-07-27,0.766510020982127,-1.38665720966582,-0.142205591807368,18.7990059564422,15.2491260301443,211.912455695223,353.053704047881,4.6392196460125
2005-07-28,0.98248169152251,-3.02615879372333,0.141978058321298,19.6057973671722,14.2702906639435,55.8748093752464,379.316045710446,18.104813447401
2005-07-29,0.923985640413038,-0.600501767126492,2.2258904589029,17.1081716790582,15.7982730594436,208.816756130416,346.400635155706,1.39302122002873
2005-07-30,0.628396127434007,0.211755531540652,2.42718416384034,16.5470223911979,12.3946983248383,153.945322115204,350.022491772181,4.53658050257423
2005-07-31,0.897941793587453,0.498170869944079,1.14417907289752,16.2425725909064,13.4839695947521,158.18167382067,344.014738680332,8.45519734948383
2005-08-01,0.8413939253768,0.898622447286551,-0.506811063626756,16.4770130040629,14.0439486513504,141.180982250227,353.026046001096,4.92006032724461
2005-08-02,0.963923110570942,0.539800114463387,-1.77343787562491,17.1460148212346,13.9749468163471,201.65194810034,355.278301402934,2.46703260262175
2005-08-03,0.520756325569099,0.26936567425286,-2.63610911720366,17.7194508915347,13.5760423957602,219.958164205396,340.903899339648,1.19918191182894
2005-08-04,0.772111350832455,0.917804018486021,1.24634938827198,17.5258240540429,11.769911748892,167.182508224162,361.782585761963,2.60212314026749
2005-08-05,0.660160779502702,1.95093736861662,3.68314382498516,18.0943425092665,14.5036484098867,166.292805794633,333.689970746106,1.90614938996786
2005-08-06,0.570145890292383,2.1185019375138,3.72436374116631,15.780169160502,11.731137538653,234.971916613718,304.160256380892,2.49819839735917
2005-08-07,0.276529080418578,2.04360172986139,2.61607719369367,15.100685458674,10.0417108679031,264.705760170569,297.450785792632,0
2005-08-08,0.283513305043301,2.00186865948843,-0.413028667762007,15.5637804360339,8.41728116274294,250.016928295468,297.518111106386,0
2005-08-09,0.585593350760181,1.0618639602509,2.27189011893298,14.9002225791983,7.90391669567807,174.883656675867,333.802156249614,13.0775424829084
2005-08-10,0.336896559871042,2.84932542573335,4.23610037723027,15.5637804360339,10.7199551782001,273.393625739632,283.02957706368,0
2005-08-11,0.197620821405385,1.10614710351768,0.644237334364773,15.1812870809756,8.5201296990385,231.156164662845,311.366856517943,3.08955391968329
2005-08-12,0.669009600477056,-1.79220927046229,0.820351847717915,16.0418302724997,10.2520675585214,23.4087085173382,367.036073069779,35.6411562812088
2005-08-13,0.880795720284258,-0.412962646107886,2.97287989558695,14.073043930949,13.0465166493536,58.6189630243074,349.607613039805,19.0162747332982
2005-08-14,0.893005888494404,0.933905009163101,2.54380756819148,12.3411345959868,10.9093410907776,188.759537806191,328.225360747682,1.00148920900929
2005-08-15,0.418433513635243,0.8217964307013,-2.14687697499773,15.4052564482896,9.26036311374914,190.888598981728,311.192212982473,0
2005-08-16,0.672076911733194,0.364434229928912,0.328144254216977,14.4784500568544,8.22522707638453,197.874591890983,327.689623650391,0
2005-08-17,0.591727042201577,1.12186046295027,2.05749360142049,16.8869051643766,12.6831920473807,210.435088694295,324.275765566401,0
2005-08-18,0.553570861706495,1.97450231954504,2.72339776891036,16.8848073233435,12.2665145905838,162.345466306888,332.607273507877,0
2005-08-19,0.836294631745782,1.47076064701726,2.84044775382155,15.8063455595283,11.4672376786946,214.666469043508,311.837847837023,0
2005-08-20,0.551099695648664,0.129705170266377,0.182284810827606,15.8997739726106,10.3761906429468,182.288958547052,318.355066619082,0
2005-08-21,0.313925094616858,-0.291321285989995,1.90093385701444,15.4555617101055,11.172905748179,114.380362879278,347.973211112669,0
2005-08-22,0.92945621763255,0.861655260191125,3.32214534320888,14.392737452394,10.3906225553686,58.4983759373623,363.053811049718,1.78228641490386
2005-08-23,0.991052245680442,-0.0236711511810634,2.72519337777111,15.5554767125647,13.7590521470837,17.3971990397366,372.89922590367,15.5910218024523
2005-08-24,0.999957180417325,-0.881673907611818,-3.17023923440548,13.0440747519437,12.1001212289859,33.3986883159556,364.437392533194,2.29519172245862
2005-08-25,0.845964402000969,-1.75701485940488,-3.02260732600414,13.5661227840867,11.1485842994315,133.236866307147,353.741129067777,0
2005-08-26,0.483322910582761,-0.538119052868816,0.639668825370364,16.6899426431124,13.6623998490481,166.446072828362,344.12990331358,0
2005-08-27,0.839471063473091,-0.442997851868136,0.827192509971812,17.3937407112462,14.0930631532721,140.136605814024,337.606303326667,0
2005-08-28,0.666667641531757,0.214819811513089,2.19425331994231,15.7114611187461,12.9869918034963,184.527364650711,307.207522685563,0
2005-08-29,0.48161241670725,1.99978275005716,0.491853755651997,15.3745697714822,9.31192012429981,136.563117788612,333.551481402094,0
2005-08-30,0.748908254308107,2.90348759196524,2.58900694558828,16.978493859609,12.0513498717808,195.280373638364,322.332356188241,0
2005-08-31,0.384872707468851,2.68474087301077,3.61934243528258,17.4634149971128,13.0736970033404,172.574380155875,336.269129325984,0
2006-05-01,0.972990425957092,-2.69898414202298,1.04227408757181,6.50445629876836,4.47022901115547,80.1787868216265,329.518945400023,1.18171848842649
2006-05-02,0.819096167581602,-1.63972619555331,0.131217777058516,7.41368975114135,4.12917385797857,138.552440722822,321.262260258982,0
2006-05-03,0.867506026964109,-1.57045267018513,1.34469798471274,9.90743939413461,5.92486709461926,247.414881570167,291.75578613858,0
2006-05-04,0.869884055566428,-2.63662360070822,0.479919439228654,11.8684680629577,5.75727332673048,182.417698863524,308.952585020685,0
2006-05-05,0.433565132027633,-2.69901383203967,0.286153383908561,12.2771097552728,5.73736950681984,250.048668006559,284.501020245106,0
2006-05-06,0.133775886536612,-3.51074769520677,-0.450217747260943,12.3349964029817,4.6477890861289,255.43351599398,288.572205434645,1.03202012885192
2006-05-07,0.534714566718021,-3.72507700071713,-0.666603950450232,12.2296573431363,4.98621014172591,190.545097761116,308.288968859501,4.90926347843019
2006-05-08,0.651682490537963,-3.2837851067335,-0.812991944095213,11.243145029112,5.75337776382985,89.4365438560154,341.666278712562,11.2950778543466
2006-05-09,0.973187884144266,-2.16864007526775,-0.265608938452769,9.90987605824478,8.11080428552997,62.5268078146113,339.120250670498,11.9196095025498
2006-05-10,0.974353712311511,-0.608265030150811,-0.950774879982376,9.1039269036688,8.02989350293269,58.7284317206901,339.46283991814,1.57196684988765
2006-05-11,0.897233886402765,-1.29330662966346,0.697123386089739,9.97434358199217,8.43959350084326,164.941546974542,339.933409501162,5.57908463913787
2006-05-12,0.999957180417325,-0.77583489409448,-0.460032793432773,11.9516282625785,9.24871987268275,77.7185737792668,350.6350751345,5.36855747236907
2006-05-13,0.932795511107781,0.455244693332182,-0.280330281665762,11.4032444721515,9.74534614517229,239.925985903821,304.544854479495,0
2006-05-14,0.586569562028959,0.781725859867391,-0.395437853820988,12.8010515671256,7.65835486515354,271.928024258894,292.925936707858,0
2006-05-15,0.514084207550009,-0.508528347039602,-2.23798629692358,13.9577598801384,5.35648284443949,228.118868062298,312.317557319047,0
2006-05-16,0.845292090643283,-2.86882529841977,-0.0704666439200515,14.2657035307633,6.86387249015575,40.641634633019,346.489276213245,19.2718075248515
2006-05-17,0.995145923595128,-2.88897119165134,0.140930183591,9.58745685464913,7.85181442197195,131.112495818609,330.858341588092,8.2746965282397
2006-05-18,0.855010181803068,1.66683523491413,4.42852785795583,9.32095027211066,7.00670177047199,199.110328197423,298.708253702625,0
2006-05-19,0.408580117132476,0.679559139579108,1.21953121306569,9.09312716178032,3.42769128308082,176.019684330458,315.524581480102,9.68401107897624
2006-05-20,0.916157877452731,-1.25932685832605,-0.391538427586198,9.86394360665514,4.10477534706256,227.493266840197,298.164974614337,2.46977062321721
2006-05-21,0.547745077958641,1.57044124060364,-2.11499042088121,9.0786844209981,1.05594607318605,308.907987619491,263.343809310108,0
2006-05-22,0.458590636013296,0.576341125961081,0.144168790139558,10.4145787294454,1.20481941319457,196.418695365361,298.669204275906,0
2006-05-23,0.75923731878939,-0.162448970186436,-0.662391673183639,9.97288630821099,2.4184944542938,267.592887273502,278.987908860665,0
2006-05-24,0.836791089255407,0.335762127531251,2.38118412944672,10.3824457849976,4.10477534706256,248.005839555457,285.735540519,0
2006-05-25,0.480547617910192,0.8217964307013,2.67815247530903,9.20687783710921,3.8380293629393,304.437500175211,275.870214265239,0
2006-05-26,0.0759997332063139,1.01151969202966,0.697123386089739,11.96578536735,4.63355115465303,317.066435965011,281.962024366688,0
2006-05-27,0.13500254612403,0.867133047478617,1.39522634446351,13.441096016645,5.53356306627819,268.4277937771,322.394704464214,0
2006-05-28,0.567726876673099,0.151659257356299,2.2258904589029,14.9362983701569,10.361973090252,169.728475725985,325.867433946327,7.64240934344865
2006-05-29,0.714580682148243,0.462350505586424,1.11906870213222,12.5927900841653,10.6356208912984,149.59626373768,335.823505038697,0
2006-05-30,0.911260625691137,-1.83517780406518,-3.02913838095804,12.8813142093964,7.49160933944331,152.998331467865,336.791477243996,2.61246898525368
2006-05-31,0.89811973406516,-2.67993249572679,-1.45151907865378,13.8244746811983,6.38649607091836,96.9908590534274,348.979091559185,6.81252947736885
2006-06-01,0.867506026964109,-2.77274695121398,1.72158554562984,12.2452950544832,8.94822744292156,142.564234267062,344.275759727516,6.86700835378931
2006-06-02,0.926402728298101,-1.17178923848239,3.04390300682762,12.0348501146046,9.24871987268275,173.76418706027,314.362522081146,4.74755272848419
2006-06-03,0.603422697612908,1.06857820004547,2.84354368304988,9.85963143983616,5.41121555603652,196.466444626153,315.775008829026,0
2006-06-04,0.733608072095491,0.235395896358993,-2.35456275474059,11.818212918858,5.5499099347555,259.185121383709,317.076006574943,0
2006-06-05,0.786711856928718,0.793665936387306,2.13364490950765,13.3442791576728,7.38401922389077,269.56491807071,318.557587263627,0
2006-06-06,0.621716566013216,0.508548660694327,0.351761298408146,16.1288555785534,9.46547067400251,253.99725968364,302.166193889804,0
2006-06-07,0.377748698396025,1.90484990067945,3.89396307597568,13.3757105427062,5.90690607879434,315.012372291295,273.405894451858,0
2006-06-08,0.216132641362832,4.2198886345455,0.344046241064908,12.9782234630159,1.38865063238829,307.898490098491,270.080467249909,0
2006-06-09,0.264620981395902,2.22621549752743,-3.14381574234832,12.2411880875578,-1.0854405012761,342.714229765744,265.567711370689,0
2006-06-10,-1.66340630512752e-08,0.70340876184161,-2.26234624282499,13.2388492063348,2.36120354452954,334.24009080248,297.078695336152,0
2006-06-11,0.274912511628249,-0.487049865910974,-0.941021292813322,16.8895188375294,8.01061609414764,208.513816818283,357.759487244579,0
2006-06-12,0.504085480570048,-1.75848856367343,-0.798058462648268,19.884484230734,11.9045277085408,271.753709659126,341.628551426536,0
2006-06-13,0.824337713580845,-2.38697759922527,-0.115023847377715,19.5144798441858,11.2683723995429,240.167461568749,340.528398883331,1.73326811763602
2006-06-14,0.653078370237325,-1.27650156287654,0.0863415426689592,17.3390612196384,9.29611175698314,243.896234780197,326.883889013231,0
2006-06-15,0.493880685389748,0.229500216393682,2.31039156951571,16.8161846215169,10.4831921480502,147.832567909112,345.113693077205,2.89035985416215
2006-06-16,0.999957180417325,0.0188560495888963,2.44507023676945,14.7657559986747,11.4570368394391,158.531910458715,355.446885621438,1.87518630884416
2006-06-17,0.668375400080574,-0.017269754416652,1.87000035949046,15.5404825961815,11.7107062284639,153.45265506454,361.392034940713,0
2006-06-18,0.76867964595367,-0.082473251234859,2.23592501380441,17.5823041341811,13.6285179445248,140.971663811652,378.646668745442,0
2006-06-19,0.952140554554147,-1.16231276694719,0.691602104948687,20.6823486404849,14.2531726956498,280.227121166323,350.855022190854,0
2006-06-20,0.560320649615007,-1.82970117716036,1.43778799922049,22.0764261154263,12.3536251921934,280.433381182337,341.230819923379,0
2006-06-21,0.823438946216274,-0.538119052868816,2.408602078877,20.8100300019264,13.0935313827799,250.773821161265,338.250545168362,0
2006-06-22,0.963923110570942,1.66358299605529,3.01691157367413,18.8092191993228,11.6003114110581,284.249699280832,313.239001124727,0
2006-06-23,0.385092697169571,1.70187049549639,-0.207751717244929,17.2934810290305,5.50520253315907,326.186788541394,298.565237630598,0
2006-06-24,0.255242099654706,1.09487452400102,2.78431213686951,17.7582766081112,8.00296895934023,169.281065547034,351.963206721306,3.73708628393238
2006-06-25,0.982462851009931,0.382504899693317,3.74469454142823,17.2742630432697,13.0036497907585,239.399509824635,341.394335182002,7.25186304076394
2006-06-26,0.452686419812844,3.07068997294141,2.01468739606434,16.3674626556383,9.38609050657848,305.929501426715,288.076604065217,0
2006-06-27,0.219113694715376,3.62835035660648,0.112789684549381,15.7882280532264,3.06738394830739,191.648163973777,343.405644122182,0
2006-06-28,0.696283486945499,1.35411534920972,4.41240027469084,16.2906820613162,11.7606110365504,158.670231655277,343.968201991323,4.36180303205814
2006-06-29,0.532346260405551,1.5396166160241,4.4365339788063,15.0966365330084,10.4131139313151,230.656354143208,317.57422303122,2.44617682074868
2006-06-30,0.632915584622419,0.759087323008184,-1.16995181779497,15.3638104978933,8.42354982299961,231.827591524298,316.093558652491,0
2006-07-01,0.623667302030156,0.3247625087892,-4.42600559847267,15.3905838212205,2.68012179664219,215.700780832503,338.530294943412,0
2006-07-02,0.663841173999236,0.581791088106038,-1.77282792392014,16.9254943820658,9.1392025683565,179.343067562838,353.806374355534,1.57196684988765
2006-07-03,0.739767907106168,1.51926321012644,3.25639691599533,18.5467047090399,12.5523979867498,256.055649243275,323.73906147674,0
2006-07-04,0.27529770106981,3.89417413832531,1.1356725881849,17.6618421839529,9.83339473831804,290.177093947153,298.382923156474,0
2006-07-05,0.198150240397237,3.53517196088291,-2.09648451847406,16.4520999416679,2.56494276207845,304.202913041989,295.25002202605,0
2006-07-06,0.226287812764165,1.71447433168559,-0.663226048406886,16.7881228738236,3.38844206853731,294.700352612967,306.509864442153,1.3545888205397
2006-07-07,0.755539380416426,0.158830490711405,0.17332317708619,16.575878337778,6.91201427093065,225.465457528452,324.279996169746,8.62915657269406
2006-07-08,0.663151040883218,-0.512573938484641,-0.990183634764197,14.5659023938261,10.2845996703367,221.302661437948,328.781538570578,1.00697858820866
2006-07-09,0.858427008669579,-0.17036793331528,-2.70645252742361,15.1743016697582,5.23678714650413,116.462077521033,349.690956598051,3.28746069960637
2006-07-10,0.966567467945216,0.799663844614925,-0.800798534465219,14.0871366428688,7.78622721180565,181.253962620345,335.377327514189,0
2006-07-11,0.73478945525149,-0.0823653811683317,-0.609319043103121,14.5828724617665,7.90817647147489,163.865394657706,338.726807757488,0
2006-07-12,0.751869307809959,0.0368626633063574,0.0908819008983353,15.3757573666348,8.92278341614697,241.015258890821,330.414378126701,0
2006-07-13,0.44126151019368,0.601421692583868,0.388404934931509,17.8445709795224,10.9030907625939,238.322638045953,337.368481363743,0
2006-07-14,0.610820104975456,-0.613053823150939,0.256183237448077,19.3676258655996,12.1571394129098,206.128543424519,344.687959827279,0
2006-07-15,0.572547919313784,-1.79750426719733,0.978797419970362,18.5463745431799,11.7107062284639,194.446211082046,341.950121462299,0
2006-07-16,0.82016938311566,-3.24424836174298,-0.770246529916105,17.4634149971128,8.43323527914638,237.583938465498,320.641684134313,0
2006-07-17,0.854363941273039,-3.71569812655514,-2.23566168300198,16.7367174597364,5.80231146545051,168.613536033646,346.039406289469,1.00148920900929
2006-07-18,0.847781645295721,-2.35651042249527,-1.97950139525558,16.3447937337081,8.43098599365107,132.613374371149,356.952176034553,4.75863511901254
2006-07-19,0.974678070080129,-1.8899672603397,0.205079534209031,15.6212938917036,12.0741028114621,186.984094032221,346.851365147786,2.01449305116793
2006-07-20,0.822348152075984,-0.791467551389285,0.546165442148544,16.3709899189777,10.5425206322669,225.820127659666,333.168376836535,0
2006-07-21,0.409110605414062,0.713828625350496,1.99645883591315,17.2718009061162,9.63375756082439,250.301233174365,317.838567612778,0
2006-07-22,0.614770277997041,0.425890124101176,2.75072945791629,16.2993517112371,11.2385746487684,189.436296472999,344.68347873071,0
2006-07-23,0.889127293478255,-0.198187444856497,2.10533967005712,16.2349153545907,10.1367014029826,135.181325714119,352.749586881549,10.543398954019
2006-07-24,0.983938388950424,-0.940864331447055,-0.356864344025854,15.778120929571,12.1485003246978,110.000232458513,369.873408722999,4.58686017406997
2006-07-25,0.925411092755758,0.610867952128632,-1.86999215063905,16.3343938941462,12.2837801967073,154.559656531073,350.69174642923,7.39296512543216
2006-07-26,0.726586438072305,0.887199345344915,0.762087833936218,15.9281736970965,12.1799187228262,128.783444489929,331.162267821921,10.3635230481502
2006-07-27,0.723382669782758,1.16138267926173,0.284488982336237,13.4507644581415,9.26381440186762,280.878330087579,292.793753017506,0
2006-07-28,0.378465719504759,0.212258635635187,1.27986898487079,15.1668242270779,8.92278341614697,94.9324523170363,349.700869331916,18.9782607984687
2006-07-29,0.935798488879543,-3.30287878240286,-0.953309677708557,14.7569293765633,11.4419649589287,121.306115383204,360.924689164871,10.3635230481502
2006-07-30,0.927830780788997,-0.648099493827188,-3.00223207754061,14.3390719713571,12.3421432857331,137.203611657146,344.655100892514,1.3011435498677
2006-07-31,0.684695039629629,0.810503102426656,-0.454626762361146,14.5271225899694,11.5005556639431,137.983627788288,339.682551042946,7.96563672587717
2006-08-01,0.81106038580441,0.147732484468241,0.113543756204159,15.0704274952574,12.4769090174135,228.898034980835,336.105038249235,2.93336960598963
2006-08-02,0.702069966908027,0.0567023797082044,-0.44354600409635,15.9281736970965,12.2723082954567,141.187956137581,350.034943212779,13.0775424829084
2006-08-03,0.861330200185701,-0.456353044525395,2.19251044607903,14.3550683849453,12.2771181331506,156.087698467893,346.6475042179,8.40660221933387
2006-08-04,0.700082274663778,0.696234753069297,1.7130521410012,14.3983684792264,12.1151063563583,183.201301365778,339.46283991814,6.26037551488771
2006-08-05,0.800499093275872,0.329349286450316,-2.7624921780307,15.0157911188135,11.4732127830324,169.281065547034,326.657609527008,0
2006-08-06,0.573083422963298,0.329808728712919,-3.44791827018174,13.9669629443153,8.06176152095149,244.242336972356,302.352499082682,0
2006-08-07,0.847957489308666,0.25154846249892,0.694476627407244,15.1280272292587,8.78431437064654,122.018390552208,333.266338950396,1.54112688928917
2006-08-08,0.331018834567683,1.54855638590316,1.98277608488427,14.5636454556497,9.42262194074253,242.289480418579,300.961461471292,0
2006-08-09,0.655090306314661,1.66358299605529,1.89974418179804,14.6517635088583,7.78622721180565,94.586439152456,357.243284492149,3.74929350734084
2006-08-10,0.982724021076285,1.15844546999918,4.51959659205328,15.3441105104853,12.5262836243502,53.4215415767484,370.058177032273,11.8487229954031
2006-08-11,0.784212101618325,0.713575562366024,5.94777098434992,15.50566925721,13.7902817038165,153.450506813869,352.163098826151,2.49740747011743
2006-08-12,0.60193716375705,1.35411534920972,4.43284103753372,15.50566925721,12.9388623543499,203.637343710722,332.931240347764,0
2006-08-13,0.368983746996711,0.30214390402968,0.899800872082394,16.5118531248613,12.3436888163241,203.233313060218,325.12952394811,0
2006-08-14,0.769719214547288,-0.328274725711332,2.84230426221418,15.3480954394944,11.4284559342398,112.020732008071,357.759487244579,0
2006-08-15,0.98157951331298,-0.194582507128911,3.41736078115911,15.594066013379,11.3043801971479,98.4866522450578,360.023487240218,4.26360466763562
2006-08-16,0.874935433629576,-2.4176064791576,1.91220956007474,16.5123479619672,12.6618658518788,171.768025047449,343.242681909707,7.47037205897624
2006-08-17,0.699600142563975,1.66683523491413,1.91469051954048,16.421507717975,11.745536358838,238.697819778007,297.078695336152,0
2006-08-18,0.495944464033087,1.14104010334633,1.67380832317761,15.3441105104853,9.38808275337198,85.6235975945279,348.751175293351,17.626698489487
2006-08-19,0.896781459132731,0.276683986243723,2.03301129819161,14.4098715780851,12.5426377215113,142.564234267062,337.880383862109,7.62187066462875
2006-08-20,0.781718080731039,0.939444942773692,1.40372967183674,14.113434238156,11.6541849445248,176.992118367331,327.835760255312,1.13666391202626
2006-08-21,0.432892907994788,-0.1080035441659,-1.4036916425757,14.379308246886,10.3282258656482,106.375890449138,336.651177729271,6.66064951221072
2006-08-22,0.996897963567565,-0.332520256405648,0.456499265563999,12.976666815595,10.4672328158335,92.8147860220319,336.408547988657,3.69325910480673
2006-08-23,0.79782302547364,0.18028047014811,-2.41501525453555,11.8267131407294,8.27786818477087,206.344764236776,287.312095923536,0
2006-08-24,0.290495575942024,0.397147622252712,-3.00223207754061,12.0555730276523,5.30764940569471,191.822924096848,287.882153152217,0
2006-08-25,0.309749174829712,0.492402763645677,-2.35825464993732,12.7959088227874,4.29358576599421,200.970260784281,283.473859989666,0
2006-08-26,0.564675637934733,0.31360062261716,-0.123071323469815,12.7423920213498,5.11345915882296,182.643009867485,301.702069292406,0
2006-08-27,0.889794746692836,0.448664611639179,2.98230669711391,13.3752014336612,10.1399055071557,174.770169177658,327.177371839338,0
2006-08-28,0.365679341052342,1.14570495463397,4.04060964733463,14.4714551946538,11.3695400929286,94.7830021679184,344.557426784091,3.08891130287158
2006-08-29,0.585640351511214,1.91196230526706,3.04987049969325,15.1280272292587,11.467226628455,211.966390804081,287.134651480934,0
2006-08-30,0.352452464188158,-0.252805511224808,-1.18359556701204,14.4784152803281,8.43692482121508,194.650874821777,326.666878637277,0
2006-08-31,0.374065564246932,-1.58611595750498,1.60215959320731,16.8477108409899,12.204242751365,99.7229376871554,363.413802464882,4.89415508089373
2007-05-01,0.624952119490575,0.363928072112669,-0.693088995911811,12.9608955503389,3.88264380070207,273.661195547855,281.731967986647,0
2007-05-02,0.0505947209878777,-0.138880975369851,-0.660190576566076,13.7794780202112,5.58201011598273,250.082358046653,292.584159445026,0
2007-05-03,0.496779794371149,0.511098804090157,1.63430766148828,12.039608697955,6.60006892705286,262.159088139604,288.566889334089,0
2007-05-04,0.80718740922142,-0.352438326049334,1.05938984854229,12.8624666701687,6.92237639826651,227.413548164032,304.168853920466,0
2007-05-05,0.732875467387564,0.229500216393682,2.49105183323852,10.7475345837197,6.88480276483133,150.679318077165,315.280920525703,0
2007-05-06,0.79153123072322,2.28004328089054,3.90712973150469,11.536312949271,5.42272358909796,236.123882886021,286.602813020486,1.00148920900929
2007-05-07,0.3491136773768,2.44545617531672,3.40895747290105,10.5587318011336,3.50443747888306,262.413253821738,268.197404645508,2.44666628292044
2007-05-08,0.461568015960526,2.54994804993959,-3.05774687627412,9.04821622799759,-3.79168784805226,271.245782542033,252.930996530538,0
2007-05-09,0.449046779593803,0.740114945156375,-2.06232576831084,7.43985706028951,-4.94744067236492,237.484924638192,277.751145877631,0
2007-05-10,0.776197419280755,0.233186350629031,0.479919439228654,8.85073634792739,-0.871854591793269,259.374937171143,277.751145877631,0
2007-05-11,0.482925100009049,0.466083252392184,0.371405303488609,10.6722629270348,1.73045389590288,273.393625739632,296.775622931497,0
2007-05-12,0.61356782093006,3.58149840731665,2.32581441690924,14.4785208659907,5.68995608713414,306.491453538837,255.411293052506,0
2007-05-13,0.0941316035385761,2.00078103157505,-3.05771475919949,10.8502369483151,-3.50445591490455,255.798853214709,256.713759547935,0
2007-05-14,0.207878090473994,0.615828405781975,-2.60695746819447,9.09312716178032,-4.11367499200237,313.0169385458,247.079419901062,0
2007-05-15,0.0332701085289195,-0.177292840374545,-0.51314773706806,9.35800651452769,-2.05968456528566,309.612439900994,258.356861427584,0
2007-05-16,0.040442677954233,0.0659233170217063,0.677211074257365,10.384717356711,-0.2957069759185,307.212752265074,276.005621570964,0
2007-05-17,0.217222514534995,0.528900381889151,3.04959867552844,12.560422873431,4.15871139572511,262.362260590417,312.365529605173,0
2007-05-18,0.450487038402631,0.705377484689025,3.62667713539598,13.8101224207687,7.69557308380939,256.229976340313,305.751526462233,0
2007-05-19,0.558788994596368,0.12756172972162,0.528205107453357,15.3701916336671,8.05373892971103,277.507504964511,306.367986887137,0
2007-05-20,0.461568015960526,-1.0600892774184,1.22674635526269,17.1460148212346,7.59457854849963,285.653396534503,294.467407381287,0
2007-05-21,0.650979245822167,1.75087538055677,0.115157443456767,15.4052564482896,1.92697490992014,272.526259788378,303.211287223388,0
2007-05-22,0.517242200947695,3.9787341509445,2.4445904506474,14.1422755470596,2.38243945538352,314.145665885554,261.553748185539,0
2007-05-23,0.121496368590575,5.40149582412443,-1.49769419460452,11.880669629857,-3.6365808924026,284.870909561934,262.406169630276,0
2007-05-24,0.218298476418581,1.75737459721479,-5.08129027325364,11.2617828898807,-4.1137842916392,321.551887706617,262.093015754071,0
2007-05-25,0.00917262575097579,-0.332520256405648,-4.48199334911536,12.584893821118,-2.65657274275065,323.401777860954,268.094819924462,0
2007-05-26,0.54170707210827,0.49039780765935,0.767940453117343,13.3486180625604,0.264079663884677,298.320955530554,285.735540519,0
2007-05-27,0.234256098898627,0.481364283787285,-3.06090529157897,14.6344364262328,-0.126337452474177,300.190177325455,266.130358453265,0
2007-05-28,0.166274268813439,0.0802736586482272,-2.35507399200171,12.3850655591238,-2.45422077268321,327.954542817661,265.494604253611,0
2007-05-29,0.459354185808443,0.119008432329843,-1.09258678605087,12.4697689012086,-1.58399315406148,230.096234912876,319.307794468894,2.00588666851592
2007-05-30,0.854965570702245,0.5790246776764,1.94130963584308,13.0319177207653,3.50823279916649,231.166104779966,317.387105755184,6.91647123959699
2007-05-31,0.722087117828162,0.768545233118125,-2.72333521342677,11.1408367449942,5.5205852409572,147.832567909112,319.419436564659,11.5292387993071
2007-06-01,0.633854264312872,0.115238278449812,-1.56632434323886,10.0439562565803,6.55440848329482,200.281105100839,314.729029604554,0
2007-06-02,0.809043833050852,0.00974827965219956,1.22050809671796,12.571776302731,5.33942182191703,145.82741579933,348.791124485322,6.95092788618679
2007-06-03,0.94917157008971,-0.304207292991521,1.49211797932837,12.9478877252479,9.74301998718428,176.992118367331,353.505150383691,1.00489075835576
2007-06-04,0.978307065950823,-0.558551979543778,-1.27622761755602,15.6146317543333,10.0210530949456,163.465709420738,361.923840030385,5.37283863451419
2007-06-05,0.941516445541819,-1.84331550342932,0.432625350934461,16.7597618745727,13.0793618805364,129.088948723896,366.411221434248,6.06185208545213
2007-06-06,0.987762699637272,-1.54211396466864,-0.672578189436917,16.5907328524002,13.9404033084778,97.7453280609653,366.240632531193,4.27847187490281
2007-06-07,0.996711616471709,-2.01447139483285,-2.86168187864146,16.2782831078891,12.1954274521695,103.411360596494,359.912422729028,19.2718075248515
2007-06-08,0.994767457620326,-1.69431969437414,-4.22651745363118,14.0337941263961,11.1061656705985,39.887735953582,372.295502221687,10.3015684872984
2007-06-09,0.998939983904668,-1.31874148142758,-4.5335949633259,12.8979482338567,11.4930430407509,104.127105767822,377.570164896173,3.86312690229706
2007-06-10,0.995589792567677,-0.855477318098292,-3.03754229041185,16.3683095274726,12.4987919731239,55.4121946948927,378.997646968738,0
2007-06-11,0.937492606564379,-0.966896982428949,-1.72089352853285,16.2441567117303,12.9665700362699,150.480711558689,361.55338592593,1.00148920900929
2007-06-12,0.826609988987243,-0.221512504289902,-0.368455083959091,17.2555264812897,14.120439335813,211.707379924314,359.469046108426,3.62107363801844
2007-06-13,0.76867964595367,-0.240995380083683,-0.452491830607716,18.7990059564422,15.4074305690041,190.8771764759,357.918727551533,0
2007-06-14,0.531445045166797,-0.859404105120843,-2.51407801699231,18.4482424091687,13.9404033084778,245.162043022949,356.194835411786,1.43917168650837
2007-06-15,0.79771933196669,-0.820909290263211,-2.88297569947585,19.8875580763829,14.0539596749257,39.7847499003018,371.149008572432,4.90926347843019
2007-06-16,0.997894019526894,-1.17269539800896,-2.41551055954661,13.5085186096767,10.8484678893257,39.9449883492713,368.829921899067,0
2007-06-17,0.992486777501622,-0.439899786141799,-0.187535006126004,13.7319018452522,10.9550267320214,170.50166981388,348.659927958132,0
2007-06-18,0.45740973004457,0.545456021391434,1.94505863321769,15.618320700124,11.44308289039,284.841191800547,332.747150834132,0
2007-06-19,0.778668522616894,0.00397058246647615,2.29400553533503,18.9597132597937,13.9612332680401,201.094335147277,346.358894876356,2.97095625059421
2007-06-20,0.522592554942392,1.17365259419078,0.827184213784398,17.3582435918946,11.2284456935954,196.345387446063,307.908646411741,3.77917019070297
2007-06-21,0.566355710902438,1.40587298415384,3.58383219289673,13.3815257752653,7.34695726033949,238.259085358867,299.5399745977,6.18817016842877
2007-06-22,0.490810022267806,2.42748864508474,4.50725702469233,12.4105284390483,7.52129336451244,273.180108263144,300.31815462278,0
2007-06-23,0.712894686905361,1.2409413757659,2.13205847934229,13.7353704504444,6.10461908732155,274.306526866039,310.926017016945,2.47686566477736
2007-06-24,0.605004207644662,0.929835587421052,-0.693239742000635,13.7353704504444,8.34663771770203,280.732435576715,308.146893881751,2.03843848704436
2007-06-25,0.530165285155907,0.643629917764913,-1.70557433944852,14.2523281472153,7.08202042920517,277.823139809083,299.800472391686,0
2007-06-26,0.727795076247207,-1.0273756667881,-2.57402303225799,13.3086915816309,2.56183398092682,307.785377505364,287.118898928066,0
2007-06-27,0.402102046072463,-0.359492136962481,-2.92032346008589,13.4580075396809,1.83389014523152,207.263568610478,304.783521078601,0
2007-06-28,0.756502234019456,-0.544636393988397,-3.08358119867994,12.8124773104882,2.66062548687607,178.205751026643,339.079720606488,0
2007-06-29,0.857115659606479,0.411002478985777,0.42356573920497,14.8612508885078,6.4834417805423,232.698020959259,328.175519767988,2.01536818766372
2007-06-30,0.696970320541437,0.353019783529481,2.02153009404191,14.7419032859512,9.54070420227726,156.702432334695,342.304609941492,6.22138959203509
2007-07-01,0.944825490590887,0.954434390512668,3.3818112333987,14.9843440421408,11.3682162232143,252.5971018828,347.029523466112,0
2007-07-02,0.82016938311566,1.13499764448491,4.68997917462429,17.4533195871778,12.1051681217421,288.284979842655,327.464304576632,0
2007-07-03,0.124913323127058,0.990178252415175,0.223489152446502,19.7990598255885,11.6484440696006,313.1549620383,316.604935741343,0
2007-07-04,0.739274115871406,0.662098687210973,1.29717298767958,19.2942541771041,9.61724247446356,282.312099625121,331.623449976392,0
2007-07-05,0.244171320418004,1.15653343831963,0.332675878624845,20.7457949303737,11.2699278143506,256.315449578536,319.334229904388,0
2007-07-06,0.450487038402631,0.502084499676942,-2.63613101231939,18.7990059564422,6.125549412307,284.318591863642,299.576851222974,0
2007-07-07,0.16136012113729,0.0247464379194789,-1.80756600415565,16.3156685118725,3.15299113492296,331.470706674318,290.565299348254,0
2007-07-08,0.320071959104959,-0.198142172822156,0.122906580167888,17.2839227232904,7.23367291326632,316.129480928988,319.235793340674,0
2007-07-09,0.232468917952792,0.50726086936615,1.77905718735943,19.9431706931651,10.5566970084387,250.412063528943,346.736692326734,0
2007-07-10,0.403081015221003,-0.433233899579427,-1.65425266051872,21.5886782075013,11.6780647705069,326.504928774299,303.546131627849,0
2007-07-11,0.000562158233708385,-1.06899789619594,-2.16581136625844,19.6542855811358,7.27003280575772,244.318345916462,333.551481402094,0
2007-07-12,0.530499129340093,-1.26605392850658,-0.958305894104344,19.373325577473,9.87828875372561,179.502517495825,368.78630991548,0
2007-07-13,0.704511281830037,0.202558257320766,0.396522671337491,20.5698470512683,12.3399317579096,196.821520235494,364.087394767982,0
2007-07-14,0.65934786802647,-0.633851609425761,-0.950445367780302,21.3741288819798,12.1610388604041,210.727874380005,356.13220224425,0
2007-07-15,0.579347950730961,0.916427682608179,0.575350691181484,22.5145485151856,10.5389075363438,271.170549725223,342.650299142276,0
2007-07-16,0.671962143142873,-0.286273566601781,0.783892531460353,22.0579002690186,13.0676775267628,242.309027860711,344.27099854725,1.75959702687584
2007-07-17,0.417014313915696,-1.44542813251542,1.11757085106774,20.2238056187088,13.0981216322785,295.885332695596,338.076125335341,0
2007-07-18,0.753164180089043,0.753876888181401,2.15650932609367,22.6333162140068,13.1486678673621,255.261039673969,338.207448696343,0
2007-07-19,0.891118119925832,-1.27797702099195,-1.96864201124457,22.1026723263468,8.74345470376663,196.058007370593,346.039406289469,0
2007-07-20,0.69841978716273,-1.89461890066972,0.878669871710378,20.3260627175001,10.4689043452297,200.159235209401,344.68347873071,4.73187455150531
2007-07-21,0.418330345795107,-0.0193357811728669,3.18286796209253,18.0205353923455,12.6164516448582,213.382237820818,334.750145653041,0
2007-07-22,0.547745077958641,0.0230450268295247,3.11144363013438,18.4577176107742,12.1399872419297,86.9503072162183,356.130413309078,17.446716612456
2007-07-23,0.732115104346383,-1.65488362793462,3.52385945889733,17.1849426255084,12.8313155728211,262.299396623627,318.118771042372,0
2007-07-24,0.700912577221298,1.91964725220219,2.77383401645396,16.421507717975,10.1170360607601,235.386686316001,322.720565169042,2.62182180954246
2007-07-25,0.526526403084167,1.88254972961899,-0.0319093522614278,16.8494890176606,9.18748829854894,239.880663762343,324.585707764505,0
2007-07-26,0.608696213754676,0.693750773806314,1.14356302739992,17.5889181949926,10.9221264166831,129.606799091003,368.086438661356,6.08714847166411
2007-07-27,0.991052245680442,-1.07269080956976,4.90156613376298,18.103323650818,12.8356963320036,231.166104779966,333.945821513728,4.45492333400042
2007-07-28,0.285211702272898,3.19800324466806,3.05657545893077,17.2309855671505,10.3077897350028,141.187956137581,342.650299142276,1.93683876521816
2007-07-29,0.974300516103835,-0.47663895632583,1.22050809671796,16.681863576225,11.3180008946633,39.7586932799097,375.852503882636,30.4562096866865
2007-07-30,0.909478899533851,-2.94836482053343,0.477143923025652,15.8734180629755,14.5027041078742,209.697884756233,339.244620589152,2.70972245757742
2007-07-31,0.73093535175368,-2.75192905321601,1.15835893155289,17.55105156065,11.6895522277035,85.478026020169,364.998639309782,17.2149786289595
2007-08-01,0.911239471306447,-1.21491433515233,0.564839322298944,15.527852486208,13.9903512127574,185.140895376137,347.910928834166,3.52289121545937
2007-08-02,0.788015065312169,1.11194173284924,4.50338634179457,16.2332947666631,13.060926361103,197.874591890983,331.109700263096,3.59788453533071
2007-08-03,0.711344628300687,0.30289788773096,2.18592376004324,16.2067821460614,11.6557630539054,132.777051816068,350.855022190854,6.91647123959699
2007-08-04,0.936687516165793,0.438261207721151,1.61171494760781,15.1444079120938,13.0981216322785,190.496529395245,343.968201991323,3.78320417724426
2007-08-05,0.726075095233204,0.449743842012445,-0.290429796342084,15.8126555076592,12.8408162887225,200.016103345939,330.759866859489,5.03419402202871
2007-08-06,0.544780147217167,0.836396093094063,-0.434622455897417,16.5435677612721,12.4298892036236,235.746560034594,311.837847837023,0
2007-08-07,0.531989979664416,0.790767820728809,1.09167134570982,16.1263268225555,10.9293534332629,79.3754271165915,359.912422729028,5.16352310398865
2007-08-08,0.972232241017834,-1.27019778911312,-0.847552787283505,15.1514649374526,12.8356963320036,176.477409756454,338.859281141393,1.56042260818957
2007-08-09,0.739274115871406,0.421226912748754,0.786779562473824,16.0481294812577,11.7846538724721,147.408480793058,341.622106971803,4.89415508089373
2007-08-10,0.937261183133528,1.10614710351768,0.546165442148544,15.8415137216417,12.6753148831424,204.636343368379,321.587434525812,2.06787787646895
2007-08-11,0.506589476772406,1.10614710351768,0.558943657752083,15.9387471984441,11.5575682577357,85.7956372348281,347.147915318187,13.5993470994429
2007-08-12,0.908912645661648,0.3247625087892,3.46905212528622,14.8511082916853,13.1568312524039,148.952552221003,346.582151798601,2.54634114119994
2007-08-13,0.603947455059466,0.790560059948602,-2.65675229753306,15.9870868694605,10.7550892794102,218.644658117901,308.059172928234,0
2007-08-14,0.347923988291323,0.438142840428602,-0.295583603180078,15.6591415707232,9.74301998718428,145.260548534328,330.31805528411,6.38830216146159
2007-08-15,0.997409382832673,-0.786014737866159,1.98231486856442,13.8961121715205,10.1972143700818,107.256553634235,348.818702439067,6.134892104775
2007-08-16,0.707554586918972,-0.676481568364482,0.348452510820073,13.9999460098404,12.1116337388577,147.390395760671,339.160512959376,5.57908463913787
2007-08-17,0.73141455081045,-1.58641433827323,-1.99027450001613,14.2395037215245,11.8537114634691,167.50299761686,324.002677139163,0
2007-08-18,0.417395969588154,-0.951050453910575,-1.56300342158579,15.2078514735337,10.282295295359,176.615679346085,317.913928196255,0
2007-08-19,0.302081224387008,0.719872904227743,-1.08431124605801,15.0470690448439,10.8698235594584,236.418026449259,301.570794267624,1.23037479089505
2007-08-20,0.75214100571662,0.0936105888169352,1.07816652865536,15.1696337882673,9.77894997984854,64.6618001286804,364.087394767982,9.46845100558313
2007-08-21,0.86167925625756,0.788546150725524,2.17275236992277,14.5271225899694,12.5137953062742,199.437986360904,309.434814628198,0
2007-08-22,0.586744368984267,1.51006259788394,2.4445904506474,15.4324926052215,11.1948046333509,163.512227570947,332.607273507877,1.5839303080684
2007-08-23,0.739767907106168,0.158961287624356,0.505495500300181,14.9169809390225,12.2039001674957,206.729483482299,323.491831633609,0
2007-08-24,0.822401109803538,0.929752121373729,0.295954974490252,15.3371524518381,9.13403720196527,139.304624462424,339.742658396362,1.52601936315842
2007-08-25,0.451551662849279,2.53130410617574,1.92353031160624,16.4605163248019,11.0318056171653,118.427800231882,317.529812038702,2.29483322310555
2007-08-26,0.82665952271094,0.8217964307013,1.42384055695643,13.0954064036599,8.68945855838179,202.127080416597,303.810037567272,0
2007-08-27,0.383117852691586,0.625177065225578,1.11028720601713,14.0613235924841,9.92370566245369,189.598462482015,312.391797208403,0
2007-08-28,0.941264189404297,0.104886278650749,3.4683860442448,16.0937003016813,12.1953127029245,123.841963372142,340.852226197519,1.00148920900929
2007-08-29,0.443397055010238,1.64614570035225,1.69231682877218,17.1575998701227,11.6739189259148,210.111212191434,292.542385107756,0
2007-08-30,0.76655674350757,1.61761763937832,2.03824118109935,15.3830394754578,9.72047388256122,177.461003043395,342.788222275315,0
2007-08-31,0.588938940465123,0.0590733073020109,4.06277157672865,19.2574061642719,15.0829958837936,162.240426530373,335.044843365082,0
2008-05-01,0.990689896800907,-3.07916171740441,0.46746444521888,11.2702603362948,10.3566996293926,76.5939876079157,339.120250670498,6.35406480332985
2008-05-02,0.918920744508318,0.107658351768852,0.916872115738634,9.52664000396589,8.10360318682193,196.863052231778,302.116338001109,0
2008-05-03,0.452757019940413,0.335762127531251,-1.04873226643017,10.7504281302964,7.03076509429992,266.470798539628,287.134651480934,0
2008-05-04,0.694248488093572,0.535807649109495,-0.236324723812823,13.0521787042886,6.94562226975174,280.15945294682,285.530727725224,0
2008-05-05,0.0168380506111171,0.612174392992516,0.268878674645533,13.7920437817538,6.67598763952437,284.257405449472,284.017246590906,0
2008-05-06,0.0357977388535869,0.867261262054345,1.02673399379979,14.1811701479255,5.83708708310978,286.275323083525,283.243053886049,0
2008-05-07,0.164794089756547,0.635385570795382,1.26493122997838,14.0613235924841,7.19307670982315,271.928024258894,289.371660617346,0
2008-05-08,0.327160193147392,-1.21242977238793,-2.51042646645197,12.9782234630159,4.62728237529119,201.707705450917,297.523876009551,0
2008-05-09,0.491951786067077,-0.0334059962835628,-1.47578642555929,11.496267806161,3.18017185833884,192.698773714105,303.477149288209,8.29353625806304
2008-05-10,0.715105966095678,-0.0558919193707175,1.1356725881849,10.1243718781036,6.55566554215514,129.514887045795,312.176952255729,1.39739334727937
2008-05-11,0.663275202902177,0.568777709966601,-1.60434664149968,8.55543664679511,2.588034268111,243.118437073451,278.082868406789,0
2008-05-12,0.325613829399501,0.460590571755321,-0.324916814801873,10.0776649207941,2.09558933643541,295.490258432,273.884884900525,0
2008-05-13,0.588143106087138,-0.109042163154015,2.9129274049313,11.1141257244547,3.50368260919304,27.9115649030207,353.97506809266,16.7287566421185
2008-05-14,0.94515741104768,-0.242096911933016,2.31613630240576,9.85556970523338,9.26381440186762,201.707705450917,327.886304646882,3.36103750411968
2008-05-15,0.902390806006511,1.5889047647431,4.03985826531005,11.8628560259433,9.60024946137904,94.7561209649008,349.4131118919,11.5218051454467
2008-05-16,0.849901788286958,1.40587298415384,3.56414833667082,9.70145796059459,7.33389160876663,289.630012131118,266.130358453265,0
2008-05-17,0.220835498606185,3.25173357606869,-0.675186254397435,9.09312716178032,-1.58399315406148,292.075423069155,261.594677118305,0
2008-05-18,0.420743673115535,0.939258680101578,1.60049721651559,9.35575480163735,0.821612328417129,229.233522311954,300.696659618481,0
2008-05-19,0.90309202432493,-2.09246443724558,0.691602104948687,12.4570670794874,4.63164822701217,24.660494154687,352.383971567648,17.6053218444587
2008-05-20,0.999957180417325,-3.40810484462261,-1.37425207081203,9.08015691150378,7.64298128411598,48.5337347108053,371.059829793205,26.5983983372427
2008-05-21,0.931473358240778,-0.648099493827188,0.878669871710378,13.1755259863572,12.5157056260606,291.632246075193,310.263269992711,0
2008-05-22,0.528861430242277,1.07232518969377,2.88746721593845,14.0991787290724,9.89407739905529,144.012849591654,342.334723798795,6.20222546067367
2008-05-23,0.834248204535616,-0.644075980736572,1.73043882982699,13.8352916743422,11.4455932398297,162.738733349886,359.577491754492,3.91310954410238
2008-05-24,0.924411496185362,-2.43369875396056,-0.660773600807373,16.1422290034856,11.7895503267713,128.202062971124,355.773890776214,1.1249019252257
2008-05-25,0.899587903306014,0.213248037459029,1.95428843675202,14.2181192884169,11.5047323309775,313.478049966507,301.522021192123,0
2008-05-26,0.218298476418581,0.6404033504713,1.63120403844535,15.8088185924793,10.1149532138514,288.266726739657,313.928001047799,0
2008-05-27,0.770390674236252,0.213248037459029,1.30487602518701,16.9074782438037,10.833785882624,269.305028356999,339.120250670498,2.91443040209613
2008-05-28,0.770151437878792,-0.55511150816965,2.72372278533349,18.1473050599416,12.6245094650169,92.0907304534521,362.431474057412,4.29347458684377
2008-05-29,0.772688933150913,0.171018350228474,4.36385316899832,14.1094946157737,12.718716580215,236.342391449252,325.320323735186,1.83817677668501
2008-05-30,0.367177258409439,1.12186046295027,3.76124424176625,13.974494034198,10.3240068577214,315.242766767712,283.032318855483,0
2008-05-31,0.0590996154664108,1.05839549213848,3.0038556528026,13.8646615122496,7.05376312504577,283.420485220161,307.936019151841,0
2008-06-01,0.845782608787859,-0.420087013170016,0.547522906795341,16.2087208128688,9.61724247446356,213.420293634242,338.54663894644,0
2008-06-02,0.535382220706721,-0.00603415531528328,2.27406632964486,16.3411164852445,11.4211988469145,133.236866307147,350.283659660799,14.2822393933707
2008-06-03,0.926861909935931,-1.75637608271917,4.00852727573194,14.9793832607704,12.2851796706308,250.301233174365,323.870429286616,2.49544021292757
2008-06-04,0.385891940201897,1.07572669845182,4.29336881774037,13.6093099899127,9.84206312015404,218.963280597266,326.988389013252,2.61248522492524
2008-06-05,0.727106911369125,0.364434229928912,3.09800892138398,14.1542971950666,10.8637709818599,79.8572757618975,356.032453722517,8.32963272441505
2008-06-06,0.963314924732249,-0.420087013170016,-1.12778911800885,14.5871372553703,13.1498526823143,313.724623299546,308.977500628046,0
2008-06-07,0.142040090054251,1.97301944431501,3.3469500731214,15.8072806616996,10.6908834937644,234.621283645502,327.050095268174,1.27688456359923
2008-06-08,0.71745783054826,0.144603232742645,3.01723908777957,16.3362840303104,11.5442939960071,206.764769356919,348.89569074176,2.56289070939289
2008-06-09,0.83445531832957,-0.103267758135058,3.06534694336532,17.2224284918527,12.8549785201479,116.559655041751,360.589058179806,9.46147547978159
2008-06-10,0.815999060734696,0.744914392317807,3.7777956343411,15.1514649374526,12.0656090136262,291.805732280555,321.492996743529,0
2008-06-11,0.742770009534469,0.557562899865661,0.885848475699443,16.2330283104684,9.93913945908483,44.6381452837197,370.914941803538,34.8846275829012
2008-06-12,0.996317662421232,-1.10129668144407,-1.90698404143267,12.8714545827703,11.8669183813181,176.992118367331,351.747305178141,2.46065425908299
2008-06-13,0.841250068833949,0.721085953241959,1.57532396563923,14.4095625823765,10.8072391448907,143.821284340443,344.153767059832,1.64724558084495
2008-06-14,0.761716162486674,-0.837975374058124,-2.36838318083384,13.9170712268469,8.33876985650121,212.25672652252,329.478275565583,0
2008-06-15,0.617015853966675,-1.49558384103884,-2.10860373683965,14.4042266684293,6.29641726325368,260.185566140554,317.317920488729,0
2008-06-16,0.463860863344513,-0.790666778753445,-0.246626507933226,15.3464100677915,9.29035627741529,331.470706674318,305.287943820204,0
2008-06-17,0.0568827187928933,0.576172812327329,1.56652257630893,17.7839688933277,11.7895503267713,327.173186832769,319.547375559556,0
2008-06-18,0.32966704773892,-1.52065076187383,1.8735783134249,20.1460037833154,11.7973064057969,282.345082551856,326.29519741898,0
2008-06-19,0.214662764562589,1.28722468071738,1.03220832222495,18.7171855868032,10.1760574428897,302.294771050259,296.840899652327,0
2008-06-20,0.441107391637915,1.23890573026535,-3.40886130524399,14.1376198077399,2.2302547326142,269.312835077344,296.504257261112,1.00148920900929
2008-06-21,0.421289342569698,0.0779100217438232,-3.02614092136678,12.7292171213992,1.01050759880142,278.063683314142,294.740566277911,0
2008-06-22,0.340670387447675,-0.286788873099408,-1.04403480594157,13.640184303012,4.10745522032984,265.172205447652,303.143238869075,0
2008-06-23,0.34361162258411,0.306166696121038,1.57746238423524,14.9130648443886,7.84532844129426,279.542138727884,310.796203129828,0
2008-06-24,0.280278150213502,0.549225991732625,-0.0704666439200515,16.5907328524002,9.13093728415064,248.580631229128,311.828783766615,0
2008-06-25,0.615774019968029,-0.93307311666811,-2.12003864713451,14.5871372553703,4.22318998075645,269.30036060666,326.118434284746,0
2008-06-26,0.521973248747857,0.359917762435858,0.183203916566961,17.8974487325906,10.9662246389816,199.977528328864,353.510520195997,0
2008-06-27,0.667321148503467,-0.925353854156773,-0.290429796342084,18.7678344642108,12.1151063563583,238.551518770084,345.176278651471,0
2008-06-28,0.573159240050151,-0.170984829963617,2.62734038801955,19.5592458655434,13.6779680877316,291.10967930339,338.448799634059,0
2008-06-29,0.529918615806827,0.306166696121038,1.53831486087299,20.8853881778864,13.9670197273815,269.768029174237,341.389245121056,0
2008-06-30,0.90269110382128,-0.143744272710526,0.233461508063605,22.1026723263468,13.6939228956288,293.995297020343,341.538910150835,0
2008-07-01,0.559597553222945,-2.77214334798085,0.0884249625146809,22.2047838363939,12.4945651242234,222.490756289898,359.586754581882,1.00148920900929
2008-07-02,0.609805881937073,-1.0608203475501,-0.365602767395547,21.7376888780529,14.1101010705734,260.317250050286,361.49338383092,4.22145953864882
2008-07-03,0.421289342569698,0.112999982525636,-0.683943148017545,21.6061666583254,16.7587615007486,267.680415480661,361.635775151829,9.46845100558313
2008-07-04,0.604756075793264,-0.252720808139742,0.564839322298944,21.7536364571428,17.0572100260763,74.7219526693303,377.924303489978,17.6069054802298
2008-07-05,0.940436697656683,-3.40810484462261,-0.995427725719186,16.1592435196766,13.7403705588692,75.8441934289162,369.36792064099,10.2292046976347
2008-07-06,0.99974280991246,-4.07196785270511,-1.02853834276376,14.7869388284957,11.4072487709631,52.8154330772182,364.638102659924,4.75136096704143
2008-07-07,0.996218947341211,-2.96440747084194,-2.19414420863218,13.0961979629983,9.8862021777861,130.613838740214,351.8580863532,2.18678379193927
2008-07-08,0.983811636150721,-1.45162169291357,-2.72041726468115,14.8028669593082,8.40921742755583,162.687871750751,346.445987673274,0
2008-07-09,0.881197570803442,-1.28000162044626,-2.41722549242133,16.8282076168453,10.0206925701099,222.745519190047,343.921868253843,0
2008-07-10,0.554222223376949,-0.255508691900958,-1.5061857047285,18.7485669244577,10.848356382499,276.147836338965,338.816953582373,0
2008-07-11,0.521972371272917,0.270084753932676,2.02716472671721,20.1826764268279,14.2055514277578,271.59949734867,334.117598981901,0
2008-07-12,0.27931707526415,0.50757732346377,-2.39644408431124,19.2938032556054,11.5273738651107,246.582521331722,312.928887285422,0
2008-07-13,0.517960199351187,0.242228173621109,-1.69297990331147,17.3512855876663,8.6017186664245,258.016054027776,333.670049346906,0
2008-07-14,0.903222258731009,0.201135388542405,1.48139363821429,18.2474186532549,11.0645879870588,207.833220546355,355.124791980199,0
2008-07-15,0.750088041908943,0.30214390402968,1.42973084786631,19.3919145381401,14.3800169180879,192.42847882617,362.748469823823,0
2008-07-16,0.960929009777548,1.57403904280029,3.71860832910643,19.9759777054142,15.1244279468423,213.381481513663,357.759487244579,0
2008-07-17,0.966219016916365,1.45649336688164,3.71168921547474,20.3292719006871,15.2981040574353,64.4018866320548,380.516689821213,1.63094152833575
2008-07-18,0.621025159204005,1.51368392728405,4.09163378906484,18.8697894400274,15.7016250622735,245.258107582167,335.534306163734,0
2008-07-19,0.610227374700728,1.20660726448119,3.32534084780119,19.3401905910119,13.7583715884224,109.639328794279,365.946639421673,0
2008-07-20,0.88477629439942,0.329808728712919,2.33064121236081,19.3919145381401,15.3135928688717,189.867831335185,362.660920464075,1.41847714356983
2008-07-21,0.945928387477714,-0.256822367376861,0.362085301625802,20.6886033387617,15.1572221776627,78.8582688877449,391.367079664899,30.2509906089324
2008-07-22,0.998280899897309,-2.27282615594764,-2.17858729103659,20.601717877303,17.8721200225735,126.070139658559,390.179923769275,21.5691988948223
2008-07-23,0.640671691889143,-0.854547930249468,1.68279507568885,20.3352646612775,17.5569520013987,235.670686444749,349.154040163323,0
2008-07-24,0.411810279203643,-1.20817232838173,0.78309973960191,19.9893145834748,15.06183886307,148.745798833788,361.330381134027,11.4996387126256
2008-07-25,0.855010181803068,-1.74237172838652,-0.452001477174919,18.9435750777789,15.8131155809781,148.15999682581,362.660920464075,17.2565538428823
2008-07-26,0.957733879487968,-1.43274453941251,-1.68706055952287,18.1351493924666,15.8412549605979,157.396956906985,361.635775151829,4.52539730543246
2008-07-27,0.807678272717811,-0.0987451586688311,-1.66186555054904,18.1192676741749,15.4507734846828,181.326293654742,354.418086884221,9.34207023075664
2008-07-28,0.889662453203881,-0.425471743950322,-0.945644746659668,18.1033267062369,15.4679959426326,80.2615269008246,374.285410716418,9.46147547978159
2008-07-29,0.926309772332236,-0.223681591811834,-2.04386011812407,15.3704403766164,12.9812822056925,151.793800573827,350.199196164583,3.8401609888758
2008-07-30,0.626031596248429,-0.348048611463344,1.84748092876406,15.6897775107338,11.3199206892587,172.43602358402,334.839431389531,5.76119535365544
2008-07-31,0.719315673581929,-0.224226493553546,1.62958653014323,14.8865680129793,11.1952497453916,206.190350006447,334.91155588816,2.86849762571734
2008-08-01,0.53622534528008,0.991681997185076,0.881124186024655,16.1524106956736,12.8800967514428,212.259375551039,332.186272501265,1.39638872825854
2008-08-02,0.641554441206098,1.48933924060328,3.32138592553785,17.288818535362,12.7791020258364,231.631103286158,337.239558373306,3.27282228114706
2008-08-03,0.604302851198851,0.961256315847673,3.19005817986557,16.4606031652825,12.1049457115392,132.921619498564,359.202770673041,8.20378106534397
2008-08-04,0.785351686090056,-0.0425641769785068,1.02600987125239,15.5554767125647,13.6153980432076,125.318687050261,350.465075294559,3.43440186055571
2008-08-05,0.799891918280818,0.0014949505491693,-2.39426291745277,15.7641434445105,11.3894804509011,109.095451568132,359.036652081093,8.15386123041766
2008-08-06,0.975094018347293,1.48581297928467,3.15062986207256,15.7590870906078,12.0052919816861,70.05305575023,380.772644741967,9.09172875495863
2008-08-07,0.72899287785247,2.91411917604021,4.57560186032196,17.0724785598068,14.7014718400318,220.78029016322,313.246411504659,0
2008-08-08,0.257614709844881,2.43810760956399,0.561424723519566,16.3969989308783,8.87620482408312,209.704542283076,300.715139942823,0
2008-08-09,0.523809646361181,0.0489404675626846,-2.3562293252397,14.1276261802621,4.14655519647817,189.593520916571,307.929923214664,0
2008-08-10,0.603422697612908,0.0230450268295247,0.439497817264207,13.7409671470765,6.04432521305113,191.015657674252,313.461186305669,0
2008-08-11,0.644775328917317,1.22215792072595,0.373358494905029,15.7572257856329,9.57947430052755,214.558619736587,312.6459352891,0
2008-08-12,0.533310596065921,0.447325369555618,-1.09258678605087,16.3948364203903,9.37164751864383,177.14733370709,331.504641131714,0
2008-08-13,0.782373786849885,0.238385983202344,2.37568494918118,16.0257282420835,11.8075551772728,188.396532587571,322.332356188241,2.02019672586182
2008-08-14,0.42789741147747,-0.00426830371106283,-1.58589888541976,15.2234157627368,11.7037102179925,170.125365548515,336.514136401121,0
2008-08-15,0.77711097088242,0.127725043819038,1.04835080987621,15.7538844283197,11.6766561227723,145.635214631366,345.324168842363,0
2008-08-16,0.729017715142671,0.25154846249892,2.16018907117033,16.1621684630367,13.0465166493536,180.04768852989,342.414449896739,0
2008-08-17,0.926374673311827,1.25977405118204,2.1200155930959,17.0719954497032,12.3096606938831,190.496529395245,340.061999732416,0
2008-08-18,0.770787605793631,3.14659535888336,3.02895071887491,19.3505278254831,13.159099707809,182.107554483863,333.543348268844,0
2008-08-19,0.635919773552771,1.37704996633185,0.417193989237646,18.5737669634404,12.278475118471,199.611022774925,329.298171970059,4.31245444682517
2008-08-20,0.813801619084721,-1.5403740531917,3.19274188012456,18.2651010686849,12.9570043176486,202.153487578084,337.880383862109,3.56695013732755
2008-08-21,0.708738397464785,2.39602992647556,1.64290313868888,17.7450874091751,11.6843649588631,184.937603909882,325.561022452409,0
2008-08-22,0.973118424524713,0.199263814834998,2.88520140242562,16.1669751942903,11.6194389644659,82.7437577916713,378.896483141314,10.0414857720061
2008-08-23,0.99830380849488,-0.215573513329448,1.96107539318541,17.5184325027286,15.3595240156588,123.411204646003,348.350909399372,10.372349403298
2008-08-24,0.656107995269612,1.53541340769788,0.788485356468269,15.0373406972955,11.9282114830066,182.643009867485,311.65315723396,0
2008-08-25,0.696201766294887,0.868663805401393,1.86737834153761,15.202568049213,9.74224863105841,47.1819135382263,352.849249363279,10.458381212294
2008-08-26,0.493498445740985,3.03923221476423,4.73262000487933,15.9844034581663,10.2876972096337,199.194670488994,288.214829317211,0
2008-08-27,0.527289397222171,2.61183566589812,0.385610136618763,14.4038794353782,4.74893280499688,184.514035080434,280.516276777431,0
2008-08-28,0.264570082069614,-1.16262215723937,-3.66841177030901,11.1744729822403,-0.168020966362305,184.555910326266,278.311431443482,0
2008-08-29,0.608261421373939,-0.00852239236581977,-1.31772364379472,11.0801196643889,3.70637725613346,196.058007370593,301.042596747213,0
2008-08-30,0.379707213556358,0.0764570144865643,-0.193049724722679,14.5659023938261,9.07327633563284,198.276296709879,324.527736261828,0
2008-08-31,0.164184821255935,-0.153248543155233,-1.28193138618229,17.7346921869325,13.4640728435928,200.016103345939,322.679062364698,0
2009-05-01,0.00804882922309162,-0.374886349422021,1.59810134553034,12.6394242122828,5.62315320658551,242.945746679931,283.243053886049,0
2009-05-02,0.355239291392415,0.840056118264531,3.76124424176625,11.2895282621219,4.91957632477901,209.166018420677,290.838926497141,0
2009-05-03,0.693703939758319,1.53541340769788,2.01753246107893,9.85556970523338,3.06738394830739,252.643445528582,268.197404645508,0
2009-05-04,0.559477007475659,0.955874655668989,0.2674606002882,9.04807725740936,1.7109396642917,67.909726372273,297.834501990061,8.32963272441505
2009-05-05,0.536005566164285,2.92868134801339,3.19860845645561,7.71155437032876,2.54306265317422,272.049351549961,259.166495881658,0
2009-05-06,0.150087139222758,2.92921348921531,0.296394938216506,9.77550275092579,-0.208986642493424,275.381550105116,279.911829916569,0
2009-05-07,0.447224523413479,0.453915407163977,1.39678913509376,11.5279745955851,4.10725218747327,212.170616815164,326.118434284746,0
2009-05-08,0.985464839525632,-0.0726704975862757,2.14975246915182,12.6263092308202,8.01638199243241,183.384441884778,324.196610998559,0
2009-05-09,0.728869914472482,-0.24921571006763,2.71181852506532,13.3273120136392,8.36785415323761,180.975433255965,322.332356188241,5.70920376657352
2009-05-10,0.852162556083071,-0.656711746624654,-0.736859607976234,12.8214025237844,8.39452457272443,99.7859777757487,350.208232663413,0
2009-05-11,0.854965570702245,-2.96440747084194,-2.15382481427237,11.9290623516712,7.50152441311394,208.580226414243,314.362522081146,0
2009-05-12,0.669635855477517,-1.60239483099026,-1.27220290368176,12.8714545827703,4.79056504357864,206.128543424519,320.28921463568,0
2009-05-13,0.990804055071948,-2.60510489396385,0.777683154887718,14.3052136459605,5.12290379184757,258.761028750523,302.044700068653,0
2009-05-14,0.626031596248429,-4.13066586027372,-2.51893634519853,12.4301760422735,1.45829691649158,256.566701173639,278.334492067872,0
2009-05-15,0.608938922519179,0.255319903202602,-1.47578642555929,9.50761679262945,0.903913403159127,250.301233174365,285.881461945943,0
2009-05-16,0.703000646510117,0.488139815429923,0.76799735574711,10.3746807947834,4.77375329015807,210.435088694295,291.54459164059,1.00148920900929
2009-05-17,0.461255131375978,-1.04259661363821,-2.35507399200171,9.05011919039697,-0.0328738842126661,267.684874473653,280.410034443075,0
2009-05-18,0.642225657077194,-2.08761907274605,-0.933389373838768,11.767392404683,1.63249689613143,232.410591135233,304.833311149649,2.56877563470832
2009-05-19,0.788055690142649,-0.645856857751497,1.30560291440687,11.5190334120474,5.02265685691349,265.05779852397,298.505039207723,0
2009-05-20,0.441226239992878,-0.221649853246701,0.986264079637148,11.7329377929648,4.52895329879744,50.6014311534393,342.788222275315,14.5353613349105
2009-05-21,0.94903086732391,-2.01055400763583,-0.713336355587968,10.8201394622572,9.38827872756078,170.55987629569,332.522479531406,3.97000855419426
2009-05-22,0.794631488392312,1.08059524519329,3.66768618534824,10.8718520383447,7.44688148288978,149.59626373768,327.464304576632,8.69758806009151
2009-05-23,0.804500970377651,0.0241252246170517,2.0896417116336,10.7722537823746,8.84495001983419,179.412283674782,328.00828956845,6.49369453013957
2009-05-24,0.643425474775972,0.0541489478939532,1.94608843909705,11.3575668256998,8.96999354736054,170.50166981388,321.255957203379,3.42031474886733
2009-05-25,0.605242847868872,0.0336054223697877,2.69613756441868,11.1999521521159,7.66034178987368,173.581952938787,322.537824480534,1.34125822436157
2009-05-26,0.595350009925698,-0.421254596134768,2.35564609627301,11.616023042391,7.42607827126753,190.982433206689,313.432480043777,0
2009-05-27,0.493443018513871,-0.361456521318087,-2.24420107985927,11.728577719226,5.50951818598896,313.76230715436,281.528637245156,0
2009-05-28,0.35851542108663,-2.36980761434981,-1.73124974880621,14.1054244087973,3.69107016110045,89.5403869551335,332.264676250715,14.2061885546039
2009-05-29,0.999957180417325,-1.79531029638343,-4.08709013837225,10.9603358442005,6.04432521305113,28.9945896337754,356.396696317498,7.77556277088621
2009-05-30,0.965966958481826,0.887199345344915,-2.39644408431124,9.53462413798163,8.34663771770203,102.998709104081,349.41503762869,2.71891383359274
2009-05-31,0.926250055123684,0.183544927479766,-1.3296840596688,11.6214095140436,9.1811430499581,79.3754271165915,357.276169593037,2.46529173220762
2009-06-01,0.97036963636497,-1.86113503761357,-0.298383185108125,11.7951336915214,9.82398368411661,66.0122534379882,360.645545583171,10.3502586613928
2009-06-02,0.999957180417325,0.454255156686502,4.24271730183846,12.6394242122828,11.11292560062,119.945453036775,337.038416318912,10.372349403298
2009-06-03,0.722442372367121,1.66422456296166,-0.428264682014281,11.7321606007261,7.32473583033726,311.24944914653,276.667222404515,0
2009-06-04,0.416786407741901,2.64119238222527,0.864946706294649,12.7760980430162,3.17850931231142,311.651302572105,281.930357795286,0
2009-06-05,0.397622177132418,1.32231666695088,-0.368455083959091,13.126338790802,4.31418003355212,307.007846695735,288.014979116562,0
2009-06-06,0.559597553222945,1.39995485817107,1.82739499796542,13.4571424378466,5.93735080300906,134.007503129479,348.062189525934,10.5422159852858
2009-06-07,0.989037510934452,0.85822128762216,4.95950746917221,12.9330472479074,10.0461933845604,193.719969072362,337.143259531902,0
2009-06-08,0.562764465768613,2.27192011093458,2.42722095123862,14.931930800283,8.36785415323761,313.201596253283,284.080379109984,0
2009-06-09,0.389289068655589,1.979465443863,-1.26344687860038,15.100610866861,3.19584523288272,339.142989002852,273.756035490187,0
2009-06-10,0.0941316035385761,0.578185498051259,-1.29748512322119,14.9362983701569,3.50368260919304,337.710407324005,283.079110739364,0
2009-06-11,0.324508737922378,0.00922304529619364,-0.295583603180078,16.0528604795925,6.42200838686858,324.492640575509,291.072403609339,0
2009-06-12,0.148963362483393,-0.170990506590314,0.0328283117790592,16.356981180718,8.39452457272443,324.492640575509,306.613573707243,0
2009-06-13,0.144796806277924,-0.329063279769774,0.872542249754071,19.1583494693838,10.9220714382842,291.250379349115,339.55265785689,7.14929995896574
2009-06-14,0.47322647739563,-0.567558513312542,0.225310591396738,19.1423500210259,12.9388623543499,263.740446312134,335.165945359619,0
2009-06-15,0.415998658978315,0.337102238145524,1.29350915869076,18.3242753327299,11.9873974338895,236.342391449252,344.380937751309,2.9920720092365
2009-06-16,0.971359750484872,0.454255156686502,2.81495289502469,17.7407599947964,13.7129938417158,63.1537392794093,383.621567493974,22.6257618795693
2009-06-17,0.99974724133017,-2.69799495272405,1.87854281461827,15.3930787486484,14.5196054779712,70.3533695678388,356.341550754645,26.5983983372427
2009-06-18,0.819417926851161,-0.105443551578339,0.949394795275828,12.8624666701687,11.4209568871944,116.035414501453,335.04361762203,10.2868818414892
2009-06-19,0.716792458501917,0.893344852650937,-1.5405161515816,12.2736336194648,10.3339919665468,239.620350092679,320.079998192014,5.3822959222165
2009-06-20,0.518588223437963,-0.307288619787311,-0.206128643781435,14.681634775969,9.9553978787774,279.65651578556,289.319193811236,0
2009-06-21,0.551893353825892,0.750340714465508,-1.60220495730431,14.0094126890426,5.11804269423287,298.445132840445,304.544854479495,0
2009-06-22,0.482715470850685,0.0835509543935402,0.36200316574059,16.0363512044789,9.90970355489342,280.732435576715,309.217079218017,0
2009-06-23,0.164794089756547,-0.663808992166362,-2.24817711588184,15.0470690448439,6.97207974412194,337.668451769813,300.105278132339,0
2009-06-24,0.0118380256263063,1.3622755770698,2.59558779137842,18.9319855662318,10.9675703784269,260.055566595052,334.706033868029,1.59214734800072
2009-06-25,0.836294631745782,1.05905601209471,0.540929950275957,18.1927612547199,11.7846538724721,246.46603514363,319.619693229154,3.97000855419426
2009-06-26,0.584268450119993,0.273097788182114,-1.65500719014969,12.8308633519659,6.19711742837211,254.765884152311,301.26288236693,0
2009-06-27,0.629106948289822,0.414130342239603,-1.14148421204673,12.9190278345085,5.63593017800518,142.594602774861,333.653800836276,4.65076637344031
2009-06-28,0.950086389145121,0.372400802204794,1.53568107829396,13.0319177207653,9.07631640162065,224.184369016025,333.997720996253,1.00148920900929
2009-06-29,0.917009973366883,0.665785236474588,1.40720541590836,15.1748616553087,10.698018116747,251.23196896614,331.210646854937,0
2009-06-30,0.515232992292995,0.345194899402267,1.83582283900896,15.4359838372488,11.2695150585317,214.558619736587,332.491013328442,4.85891066912164
2009-07-01,0.922741316418699,0.545456021391434,0.296532220821491,15.9661602683297,12.1699185997943,217.644111348694,338.036281512866,4.58492352364396
2009-07-02,0.753164180089043,-0.179180685852017,1.81788583961844,16.0495758082397,12.5520330313871,94.9324523170363,358.425846877708,13.6102268861037
2009-07-03,0.794789531498713,0.799736504840692,1.9927310937944,14.2721472287952,12.2222802960103,278.03298879541,316.486573457842,1.16916234995352
2009-07-04,0.348047066608093,3.05260351750753,3.19561461263111,15.8088185924793,10.6100373216253,254.281385479905,320.641684134313,1.00154075447288
2009-07-05,0.68560855668728,2.74774249127618,2.41222654588742,16.0937003016813,10.6829006229688,258.525820222504,320.791162737727,3.29024849099273
2009-07-06,0.453805416686321,2.04360172986139,0.332675878624845,16.440763586114,9.9427959310594,248.005839555457,318.563243811658,3.67895126454176
2009-07-07,0.719600915055995,0.719968006429386,0.275895879060064,15.2332203265672,10.9281718142017,272.247923038621,321.974314051498,1.19158749969868
2009-07-08,0.311405018735764,0.316663236690751,-1.81754932341868,16.4984591783765,11.1790481249495,271.00068323566,326.132623678692,0
2009-07-09,0.785800662411107,0.85116170873485,1.65321613192585,17.808481617415,11.6541849445248,215.116676823172,347.114673277504,0
2009-07-10,0.764583395568679,1.35742459246394,2.42924108611629,19.0165772788323,13.4553154189993,253.236837374027,340.523817297795,0
2009-07-11,0.511042502370972,-0.152906692977187,2.76013666200322,18.220913672714,13.4302481294903,225.649343750638,343.949778546175,0
2009-07-12,0.671962143142873,-1.5647078451822,1.53228727588823,19.6208419757539,12.2771165110973,59.3226988910975,367.334272204118,12.0864219919913
2009-07-13,0.823566568213407,-0.848277343123452,2.26440007629991,16.6645220708041,14.3694990210732,246.391879738952,323.292859843937,0
2009-07-14,0.619023122751766,0.89630942753397,2.3396563794896,16.134803636111,11.2923156751654,189.382462596108,345.854076003648,4.29347458684377
2009-07-15,0.912110137953645,-0.497940016054503,1.98383697766068,15.9917437090936,12.2441583529885,220.161757768574,354.285475870876,0
2009-07-16,0.8614821057521,0.553047277320507,2.34662698781699,17.0808127157279,13.1371296264852,121.711135738222,352.749586881549,6.76808057294908
2009-07-17,0.706715174664194,0.116407607630381,3.98084025066659,15.1696337882673,12.3173813139421,234.362435714911,327.56563787953,1.93789607610167
2009-07-18,0.77203364592177,0.503746012144877,2.3396563794896,14.9762196475886,10.7251922888625,233.167617598804,331.63394297468,1.24438294640857
2009-07-19,0.847987774831611,0.862609870143079,-0.699280620254385,17.3342083510698,12.0189346079394,222.954943499798,336.214396058804,0
2009-07-20,0.712444513000985,-0.634524219847525,-0.454626762361146,17.5511645176836,12.3534515563311,188.759537806191,342.542842980918,1.00148920900929
2009-07-21,0.857171890312471,-0.371434836022463,0.217708656657388,17.3389542215367,12.7792201495279,247.555080055586,336.5081054207,4.03823513220206
2009-07-22,0.72816583060217,-0.31023621162751,1.35687864386589,17.2832779790896,13.702261398629,119.335460616147,361.9442139874,7.4230009737606
2009-07-23,0.97488470900634,-1.28376798098146,-0.501762793695098,16.4520999416679,14.2505714168027,215.150245387775,346.039406289469,0
2009-07-24,0.730079140343047,-0.420303696728495,-0.481831851787088,18.4793601762929,14.470667431234,196.998079224889,354.666719412994,3.59746519171649
2009-07-25,0.792133136007496,0.673740750288864,-0.683943148017545,17.4087932578234,13.7097088815767,132.114481549102,336.120111998101,2.18678379193927
2009-07-26,0.495603634938511,0.754018194687358,-3.30806548569011,14.7945925819644,9.19496541510878,288.284979842655,314.349221464682,0
2009-07-27,0.419500457644658,0.298430927813688,1.11970477206408,18.0554898953865,11.7944111074381,177.895883969084,338.985422737474,4.49896107435991
2009-07-28,0.570145890292383,1.42603877718847,-1.59832203076971,16.7360622815316,10.5162346162377,248.325955680814,308.117644462741,0
2009-07-29,0.402653944568266,1.98531635931357,-1.3925288843955,16.3416619835108,5.70721994384102,278.286298632847,295.280472955303,0
2009-07-30,0.326620862301229,0.959348453680716,0.288670838018027,15.6093997733981,7.64149625972723,94.4884104473892,348.542724102206,4.88022334984181
2009-07-31,0.931358117495045,0.0306345183454219,-3.22989685753643,16.1054580861632,10.9454242990595,138.72639407626,353.97506809266,1.84399485306749
2009-08-01,0.636086087544596,-0.875257619479383,-2.12003864713451,16.2664916469562,11.4211988469145,231.440897342466,326.047002517819,0
2009-08-02,0.264587522466033,0.661935980076035,0.61100634948727,18.0815590168399,12.8809184604221,252.909254499701,335.906803998772,0
2009-08-03,0.899587903306014,0.415442980097977,1.24409800143773,20.305638481884,14.5945322412665,263.349383619598,324.528527290033,0
2009-08-04,0.27573731314409,-0.788348140526945,0.046264471556247,19.5601130910414,11.7382491761693,259.626928979741,325.881475057882,0
2009-08-05,0.801139792583846,0.839607223556757,3.87816323197539,19.0179604718113,13.2914820329619,173.76418706027,352.164566215371,0
2009-08-06,0.708729455173267,0.240383682799189,2.37748768253275,16.7326998383296,13.5699166695983,178.436671392103,357.243284492149,0
2009-08-07,0.839370592489702,-0.278390673286682,1.22799539229657,18.0205353923455,13.2790519632529,199.035651908634,346.802811939426,0
2009-08-08,0.897941793587453,-0.203845759736434,1.58721179258208,20.3168869730245,13.6285179445248,107.795619339282,363.592756627936,1.41224565256361
2009-08-09,0.77711097088242,-1.64528149328638,1.92317096818754,19.706794551433,14.6139035380308,158.251676340205,363.184720360678,7.14929995896574
2009-08-10,0.589617344453986,0.37937701996531,1.98277608488427,18.6820514623115,15.2737455111416,166.614940168303,350.753148512906,0
2009-08-11,0.917816217509126,1.08059524519329,2.40968724267045,17.9337456742558,11.8799751594558,179.663747472249,348.15433954219,0
2009-08-12,0.639390186823793,1.0747730115789,2.84230426221418,18.7017317243381,13.1519542135094,163.827393562133,356.519070842247,0
2009-08-13,0.348730908324453,1.05839549213848,4.23598500306565,18.2605800555728,13.7934678357257,222.86934155265,333.321644264421,0
2009-08-14,0.722755265721408,1.19229671878963,2.51648462944946,18.7072058774764,12.5426377215113,248.684177742338,319.499676955244,0
2009-08-15,0.220740109313982,0.977024542196992,2.92297565686351,18.7171855868032,12.6995257119042,180.426215437674,359.756012053358,0
2009-08-16,0.416760915327749,0.9012599315831,3.31189093425913,19.3328725015447,14.6044477230361,220.347283577636,346.851365147786,0
2009-08-17,0.223159621369878,0.214438404810698,2.39732219759962,20.5605318530846,14.8833362195005,210.794295474135,354.23310805776,3.15040913021354
2009-08-18,0.803041622771924,-0.215573513329448,2.12514972061,21.5445982990111,16.6364322220016,182.469643607547,365.999006362137,0
2009-08-19,0.615157005874656,-1.72993072511594,0.347838600185465,22.7949211479943,16.7587615007486,189.867831335185,359.727624432932,2.43519973780525
2009-08-20,0.355335883506663,-2.92592841629433,1.10306567540403,22.3314781950112,16.565223355897,134.416152547886,385.370039374065,12.2115430141896
2009-08-21,0.882726869906947,-2.90318842035967,1.68832307453443,21.3741288819798,17.102965118301,51.8151349298837,390.603350339607,22.6315603345159
2009-08-22,0.972498072456868,-1.27289411588461,0.233555612290674,19.9165836646372,17.6175721468459,144.346561859074,370.404401736739,0
2009-08-23,0.516919740478299,-0.405365955802187,-1.99027450001613,20.6851779313697,16.7771456962114,194.870976476435,354.57513884714,0
2009-08-24,0.318254368327469,0.0673737929517351,0.17147914969102,21.7536364571428,16.9093633107261,194.757932329109,354.270272555498,0
2009-08-25,0.62384873428809,0.644494569831298,2.83996007438227,20.3098512625987,16.2939717327963,153.945322115204,366.240632531193,0
2009-08-26,0.535641554558054,0.64999056308211,3.77750925835879,19.5601130910414,15.5847968485488,119.945453036775,365.896743227312,17.4758740563429
2009-08-27,0.949604500229762,-1.69431969437414,5.99146258673452,18.0750739789097,14.7071710762087,61.8734208567699,362.783581747863,30.2059072302497
2009-08-28,0.891913290363888,-1.97062253430845,3.28559907500564,14.8880697426939,13.4023442673961,67.8076336341541,353.380608556671,14.2822393933707
2009-08-29,0.932116221937827,-2.31683817127825,0.609056470109949,13.499958245356,12.3004668324212,128.228324016119,349.690956598051,13.4755750370572
2009-08-30,0.804500970377651,0.928052918001769,3.24165001014803,13.8461246141046,11.6392867760485,153.79736897853,306.190041241831,3.69711316763319
2009-08-31,0.803041622771924,1.36686800572444,3.81384079805987,12.4277619946692,8.23343782085804,121.306115383204,315.194929771647,4.16183869344364
2010-05-01,0.278858209571204,1.04688305384166,-1.49769419460452,6.18098100756676,-0.711881532666123,268.261862244463,239.799963359391,0
2010-05-02,0.354770534681982,0.0241252246170517,-0.754223788072398,4.60849810785009,-4.94744067236492,249.515582502314,250.84340253605,0
2010-05-03,0.401726847244959,-0.296262840320797,-1.97568352456507,3.76416344077009,-3.65110909344232,253.162551431002,248.177714466335,0
2010-05-04,0.273499552624701,-0.674108713767879,-2.38307862920622,2.72483629570826,-4.54756424475404,283.198704636417,242.018197242478,0
2010-05-05,0.273997604131385,0.638035376482039,1.5819283007316,5.81804954921148,-3.34301239123977,240.97526966016,261.38710612575,0
2010-05-06,0.34132147611353,-0.364074012350336,-0.384771126807894,6.80961256204969,-0.636244953116156,253.767671864745,264.832385129264,0
2010-05-07,0.266175761690803,-0.789258529558155,0.584985226738562,8.73075975143838,-0.168020966362305,282.165971606056,263.509592032835,0
2010-05-08,0.31485938300073,-0.536092412848129,1.89071167502393,8.62751545464751,0.230172097754344,183.180527122537,288.076604065217,0
2010-05-09,0.370602346081893,1.08059524519329,2.72390491152691,8.23337910275276,2.12779928178161,257.523712774638,265.028614380844,0
2010-05-10,0.226287812764165,1.3948882630334,3.19902139502664,8.46821030349919,1.30473097373288,207.214289800312,293.75707119622,0
2010-05-11,0.609606085623569,0.382879714908939,1.44528916269593,10.5118632222641,5.41015034197472,225.169221535097,308.409915884397,0
2010-05-12,0.568004775029682,0.0541489478939532,0.145762974546279,12.6911398080907,7.40041393858661,197.874591890983,318.563243811658,0
2010-05-13,0.889953638842756,0.363087914033052,1.01862233954095,12.9190278345085,8.01638199243241,171.76161089802,332.614327855901,4.88022334984181
2010-05-14,0.934786174209433,-0.352438326049334,-0.878848105813269,10.9129965232479,8.18224942860949,77.4154410312972,351.176894683086,12.5776381725042
2010-05-15,0.90309202432493,-1.97284997578715,1.4280192974364,10.5201199744823,8.95272824891882,105.329195021504,335.534306163734,4.03378416834544
2010-05-16,0.653186438004838,-0.639777428178954,3.36058757856258,9.53769264606012,7.44688148288978,258.718250212771,277.745387334089,0
2010-05-17,0.35851542108663,-0.263657777816309,-3.85268532637858,9.20125137002978,-0.337274320991909,313.808612185371,251.004942915634,0
2010-05-18,0.224003051991748,-0.92753355079134,-3.81991086295372,9.26483219211324,-2.23384710298491,290.049001626192,256.374696504603,0
2010-05-19,0.210738181753416,-0.0213367891948254,-2.07422280591088,9.20687783710921,-1.25173138542323,286.507248601173,265.561293463914,0
2010-05-20,0.183282693875833,-0.702231556252531,-1.95177740018824,10.225234138691,-0.671870530988745,282.165971606056,271.333755925689,0
2010-05-21,0.336496686532283,-0.460227428033869,-1.26840186854338,10.5210040988245,0.96365405583786,285.722449269916,279.711558498688,0
2010-05-22,0.234256098898627,-0.272410266810064,-0.0868889959127267,11.6233164930818,2.38243945538352,278.286298632847,280.46578082075,0
2010-05-23,0.247617918872788,-2.06291257696966,0.665811911354204,11.0833644881498,1.22483106145596,279.513687182506,269.444704765093,0
2010-05-24,0.220022974852123,0.821724256061103,1.73321549488287,9.97288630821099,-0.2957069759185,293.689556009271,270.434211609086,0
2010-05-25,0.256661865631414,0.889496153174021,1.98805125801159,11.0776253840042,2.67401777659597,238.309457490256,295.260356784025,0
2010-05-26,0.827352125325098,-0.189520870812578,-1.74692211244037,11.7819506567593,1.87975006830751,230.708766836125,305.239463386842,0
2010-05-27,0.79881698660469,-0.918093469303832,-1.10263226132994,12.0461923205716,2.98621933419264,193.188087799313,310.718263657297,0
2010-05-28,0.654900949889802,-1.52902330949324,1.7280685876339,10.8858809011579,4.79056504357864,162.544626394921,338.50585910907,8.69758806009151
2010-05-29,0.936540654002487,-3.30164749602493,0.943619807038608,13.5357686701707,7.39776936691819,94.8368812683303,362.097854339219,18.0160914012818
2010-05-30,0.966219016916365,-0.134321572770445,3.59542063617943,11.8617053174357,10.0761668805527,121.682250736732,338.910872032732,0
2010-05-31,0.769331333685754,0.986832114866956,3.6278920868689,10.9000330014821,7.4861879141633,222.952517212492,316.705901024883,0
2010-06-01,0.379361053818895,0.512061480679427,0.476199942526893,13.2259893775462,8.55291403881994,270.474247553064,303.211287223388,0
2010-06-02,0.198869448757528,-0.701676399307825,-1.72518780066377,14.0871366428688,6.49394675096566,302.436273114336,298.883574281201,0
2010-06-03,0.51717245868406,0.513282822451222,1.31796570231382,16.4194070159419,8.3027277443193,325.719724654328,295.78088866073,0
2010-06-04,0.342625439907503,0.643629917764913,2.27406632964486,16.0639469111892,9.29035627741529,315.87340095269,302.122419694484,0
2010-06-05,0.560490142296766,-0.374886349422021,1.85456006857121,17.8445709795224,9.44426282590597,119.581501904276,351.932431796811,2.67132438513674
2010-06-06,0.954489433664684,-0.466476425490151,1.54487254652353,15.0966365330084,11.4570368394391,153.588784124522,359.357116569553,0
2010-06-07,0.646152358824901,0.439173126559454,-0.0530846988943285,17.2718009061162,13.490068926044,313.74141605927,334.839431389531,0
2010-06-08,0.660804577250973,0.836396093094063,1.73043882982699,19.7975109321619,13.4245968142281,211.388895458767,339.229763592299,2.44462788494368
2010-06-09,0.447202605872676,-1.02245593490427,-2.34195431603525,15.2118929699551,8.40506303301295,245.636252769596,296.964515616689,0
2010-06-10,0.620342480361692,-1.39952979863935,-2.21332451374744,12.1762366162221,1.03682996799092,249.609007805816,296.848060872336,0
2010-06-11,0.368264531606758,0.525228850949205,-0.0289015251118699,12.840226831321,3.07214540014291,282.992758490426,291.481167855769,0
2010-06-12,0.591423063065702,-0.92753355079134,-2.6368038898519,14.0632151436334,1.22483106145596,247.375094639551,306.303106742868,0
2010-06-13,0.774190133250239,-0.831468335850529,-3.17023923440548,11.7199892374934,-0.303720282431064,280.922966267905,288.83568711096,0
2010-06-14,0.389555679179974,-0.259728702889194,-1.07024761993357,13.0338138949987,1.21653507772208,321.78223152403,298.601858193497,0
2010-06-15,0.289010809305879,0.258431419253327,3.40602257986115,15.1693996451238,7.96313562340534,254.887194110891,335.534306163734,0
2010-06-16,0.373047040475408,-0.0270394205734654,0.767986172954617,16.6137171556696,10.282295295359,274.786006737194,332.833370836446,0
2010-06-17,0.210050840196359,0.158961287624356,0.291671968211846,20.6853519087682,12.0926672770047,277.823139809083,339.848923157336,0
2010-06-18,0.412220822794698,-0.357735282968262,0.576706902023355,22.7537404610914,12.4800013517009,318.144934214914,332.610615997707,0
2010-06-19,0.0894392912816325,-0.563140025886182,1.01463669316217,23.4911349597295,11.2870920764255,307.898490098491,338.503489614976,0
2010-06-20,0.152930093413109,0.636677740851225,0.144168790139558,23.6748935339474,11.163067260099,315.242766767712,337.526355239633,0
2010-06-21,0.310425337647488,0.977453397590261,1.16126119653756,24.4667756825048,11.7037102179925,335.144381151022,326.657609527008,0
2010-06-22,0.203565845423129,1.44070349962044,2.51648462944946,24.1482493566039,9.69330601444561,332.344336688444,325.66065733674,0
2010-06-23,0.249887404416517,0.781725859867391,2.99659153102174,23.0295993134365,12.4742666737287,327.451497045922,333.149143847864,0
2010-06-24,0.0590996154664108,0.30762100361057,1.69686105896123,23.9490814593576,13.1519542135094,302.982135043351,341.26725329634,0
2010-06-25,0.449063669207188,-0.0178245458348516,2.17014790106809,22.52762405768,13.5881501557988,176.477409756454,349.818039300339,16.6729431896629
2010-06-26,0.918920744508318,1.40254280402552,-2.0780251131235,17.7343261350785,13.2171042641449,293.209464435663,311.567244725264,0
2010-06-27,0.343218806239381,-0.779663771367762,-3.59281576359317,16.4567450002361,4.37354822997054,337.888902183507,276.382061470818,0
2010-06-28,0.0457660768968314,-0.292427218656321,-1.48593605862406,14.1248328330299,0.96365405583786,270.102489063821,318.681603758532,0
2010-06-29,0.824337713580845,0.0599703892979718,2.49081501047546,16.8161846215169,9.07308039336728,247.947915260171,357.398255294896,0
2010-06-30,0.943495734360204,0.990617228168997,3.70650457540459,20.047151635039,13.6618998189748,174.357756338228,366.677575999796,4.88022334984181
2010-07-01,0.993318709836695,-0.610006245201643,3.62868097352823,20.6392050717279,13.8698449405703,222.234443885796,343.581557209842,7.43375102739757
2010-07-02,0.372971883749362,2.01692046013256,1.8165027956306,17.3267803167542,10.8558254061617,279.428449998355,315.750360842902,2.01536818766372
2010-07-03,0.728186089550126,1.01630487108428,2.3133098645072,15.7407307093842,9.54070420227726,223.461702509483,336.523552738824,0
2010-07-04,0.412698687064385,0.114874612424251,1.01862233954095,16.6645817881747,11.8957438810246,126.936652750811,345.210367670672,5.3822959222165
2010-07-05,0.800330786242595,1.05940069708528,2.17119751432843,15.8415137216417,12.3951171490347,305.686129432264,306.566510366782,0
2010-07-06,0.100611169725534,2.48544424052001,0.180200808798815,18.3601511247128,8.45135260897664,271.245782542033,317.838567612778,0
2010-07-07,0.288456846577818,0.97705866190364,-2.06232576831084,18.9306383341148,8.4488978352375,304.177817620334,318.48301170292,0
2010-07-08,0.100611169725534,-0.648099493827188,-2.51042646645197,19.863458089159,9.73865202415874,285.632078545208,334.071696456491,0
2010-07-09,0.198150240397237,-0.101613271234148,0.755047126585141,21.8370509026112,12.4987919731239,237.728543361655,350.861296001324,0
2010-07-10,0.383241902331541,-0.439899786141799,0.332349785157348,21.8314805558515,12.5811491728748,301.08213590677,332.583003322643,0
2010-07-11,0.465197558190368,-0.707413858951108,1.75577929431958,21.6061666583254,11.6597239050711,120.193802811669,365.982583386035,13.2443030881393
2010-07-12,0.975094018347293,-1.35590018916546,1.36854569783743,18.9833300675486,14.3548591876016,88.0104118693125,375.476452565944,21.2294457400433
2010-07-13,0.831915077931477,-0.333087533258944,-0.177392354541998,16.9587491995624,14.8468344771897,117.080616839186,362.748469823823,6.41859787316817
2010-07-14,0.68560855668728,1.02029485099513,-2.14331264111279,16.6493117837111,12.3642801734652,236.260755010554,337.368481363743,0
2010-07-15,0.758401657228811,0.655911602903668,0.342339601841624,18.0815590168399,11.4672376786946,263.3382943707,345.03972627909,1.49454743420906
2010-07-16,0.556838516943972,0.285139919089257,3.06175267570776,20.0540835966705,14.3575079209097,145.534061276799,367.267869174009,17.8222359853262
2010-07-17,0.992027464820955,-1.06899707196977,2.09898890695202,19.5732013012298,15.0075053938257,221.37172784373,353.053704047881,2.80716319585652
2010-07-18,0.800393868787856,1.22230833642753,0.271177597453148,19.0746383253832,14.3313822518731,202.51883695385,344.367740961307,0
2010-07-19,0.466894915511513,0.581791088106038,0.378261621749707,18.0328136769248,12.5144143044819,258.768310386027,333.038102939733,0
2010-07-20,0.418541237568657,0.226661000769633,1.44301708627337,19.0064268355391,13.3272231088454,255.693050203936,339.549076787438,0
2010-07-21,0.809915019098844,0.31360062261716,1.94844507940925,20.3871543678432,14.8449488195533,117.176519933085,365.366639531149,10.4234875036214
2010-07-22,0.553963982834311,1.03721754387767,3.03320409017072,18.8483965200469,15.8412549605979,254.846414910466,324.839850023675,0
2010-07-23,0.588499046243895,1.47385673079125,3.32267048087543,18.3208024741792,13.1414275542354,194.646660255882,355.94984158953,5.35425215220248
2010-07-24,0.78129207435594,0.0168120460583932,2.41279039208017,18.1927612547199,13.2790519632529,207.852522041465,344.910835341914,2.06880138866314
2010-07-25,0.638879864070591,0.639491438872762,2.03846760999163,17.1688798918103,12.8364910708299,195.290974878226,349.754583321742,4.7812505105603
2010-07-26,0.81892580739805,0.364027709512923,1.11028720601713,17.0797317244554,14.1101010705734,238.167498014223,348.709016831726,1.50701920956612
2010-07-27,0.531427432034414,0.0842943600453047,-2.53140698194398,19.1583494693838,13.9484191506864,210.627897572671,346.428952341979,0
2010-07-28,0.652632248239917,-0.31023621162751,-1.77343787562491,18.0404865330446,11.475223220138,228.042436034022,319.336556400476,0
2010-07-29,0.347643074936149,0.278949994134232,-1.74139700319552,16.5671699540019,8.59592750740667,167.485364288293,336.5081054207,0
2010-07-30,0.660265344091329,-0.512573938484641,-0.00588910969944181,16.1592435196766,10.6852497535542,161.592001290306,337.653820091354,5.35600683705979
2010-07-31,0.611822904696783,-1.0286698447161,-3.4139433875836,14.7048589486619,10.3240068577214,142.92803390343,347.158954941139,0
2010-08-01,0.862714038698009,0.276683986243723,-3.3120238262211,15.778120929571,9.73942389089527,231.021110728542,325.320323735186,0
2010-08-02,0.428501659682346,0.556059703836935,-1.31534547227445,17.667986146587,9.83339473831804,203.538339953348,319.363045173987,0
2010-08-03,0.542027973878918,0.990617228168997,-1.1811646382016,16.6535320331745,7.8551790240906,211.912455695223,330.441603201182,0
2010-08-04,0.656201616104235,0.498549940201299,-0.434622455897417,17.7248418793431,10.1798574355702,230.463588664002,333.149143847864,1.40659264816346
2010-08-05,0.31415771988669,1.12879490043698,1.42973084786631,18.1431556768673,12.0261001541925,223.424608912219,330.603186466792,3.18339963692791
2010-08-06,0.670422606318251,0.417542020974669,0.256237705202456,16.771340070881,12.1877126521832,182.288958547052,328.933779705588,4.3389816893486
2010-08-07,0.646025340981162,0.230572819612317,-3.11700508979824,16.2605775593516,9.51862699280275,197.524871293743,318.583036628425,0
2010-08-08,0.510489800824399,1.1489049056234,-1.34312995523876,16.19088828204,7.33373926833742,216.671863147468,314.771689062034,0
2010-08-09,0.525640378590318,0.567227062472615,0.863040415139708,17.1955904424459,11.0765500873213,140.240770252455,355.609129435852,0
2010-08-10,0.927830780788997,-0.444140750717378,1.28111820246649,17.7013133651994,13.112794817455,134.448126147657,361.277649588212,1.86505659726975
2010-08-11,0.929991851173888,-1.89461890066972,2.9129274049313,19.6579041317479,13.3734638129293,66.4734731859387,381.821952705691,11.8340947054392
2010-08-12,0.992057052300051,-2.86882529841977,1.00419629123146,17.774145265331,15.2022407306476,145.260548534328,359.512420327236,18.104778649703
2010-08-13,0.722956503876713,0.00472329913462206,3.6133268091907,16.2332947666631,13.9896482248511,114.768867052489,353.029243666373,7.66909369037136
2010-08-14,0.658656992638117,1.87478456317074,4.28561901375616,15.5378994289675,12.8887916496578,179.31317408796,333.359588472367,3.09523593891724
2010-08-15,0.500528589668242,1.2839136492375,3.81128266634646,15.5046673375763,11.9299536217162,172.018593075387,338.821682663642,0
2010-08-16,0.604944211613746,0.463026318757798,2.42718416384034,16.6535320331745,12.7331158201094,129.606799091003,353.451185081815,16.4271161585879
2010-08-17,0.876983092997186,0.895841335735002,-0.375550691570683,14.8737364810777,12.2688593816861,124.957166558844,338.250694682773,5.16352310398865
2010-08-18,0.971936618827622,0.864482686995203,-2.2043330742635,14.9747916373653,11.6832613769388,121.070444717077,348.249018753717,8.11279568339761
2010-08-19,0.938159583545327,-1.1806066246769,-1.28259458244927,14.7540907382069,12.7742663037667,85.1018817246158,353.505150383691,10.3635230481502
2010-08-20,0.883009616287095,-1.80016052032316,0.493005260955717,13.8515276041169,12.3436888163241,121.149777684364,343.689714395442,3.53211126795816
2010-08-21,0.877649612542813,-2.26455470032115,-1.738281019271,14.4846624178802,11.0780926112528,143.361419811258,321.346487777015,3.59788453533071
2010-08-22,0.997894019526894,-1.74199542440866,-3.15707462739091,13.1057826718887,8.6574576573578,144.784094781018,316.56257640696,0
2010-08-23,0.945234944964144,-0.428387548054084,-2.80810275680194,11.852967227246,3.80928162440439,135.06370836718,307.605509099788,0
2010-08-24,0.775657413178639,-0.0778808332217904,-1.08431124605801,11.7855419522912,4.13417891606836,178.285661587622,299.896587546886,0
2010-08-25,0.42853270824725,0.282471380958536,0.176937126570218,13.5583295284482,7.27074344787254,200.901859499515,303.32324721849,0
2010-08-26,0.648094889213114,1.03465277632363,1.81608330529915,15.0730963928164,10.7373488894101,171.457379213136,306.629664764007,0
2010-08-27,0.48854767528328,0.995750488226535,-0.813413832094663,15.0788506242732,8.83348622679922,207.092355199411,297.52896554496,0
2010-08-28,0.434864031925471,-0.170990506590314,0.966671971208673,14.8954225482161,9.91494972904318,133.117305943083,329.432787519864,0
2010-08-29,0.788015065312169,0.0319286358321911,2.02099871005165,14.4141831647259,11.6932671994929,128.202062971124,341.081494571627,0
2010-08-30,0.950143573613958,0.549719788940414,2.2925411584816,14.9843440421408,12.0230122123885,165.693340864364,319.319684452774,0
2010-08-31,0.745696085791309,1.49758968101546,2.08752380444395,15.2677941935079,9.86889567390573,77.5266691838862,352.841495872243,1.41224565256361
2011-05-01,0.459242660143242,-1.90904281969083,-0.609319043103121,8.59734009490501,0.230172097754344,179.15407615653,286.731029577762,1.04720178151657
2011-05-02,0.660160779502702,-0.322415000159641,0.168443932725593,7.00865524908908,0.546599824018426,189.867831335185,282.299369795333,3.43115996568689
2011-05-03,0.460034533960142,-0.960669413364032,-0.726157611357079,6.34960794409866,0.580597012602448,270.602144968905,260.854988533982,0
2011-05-04,0.342625439907503,0.148132903088288,0.937863475456526,8.63080508332995,1.63249689613143,215.123409327521,282.876519466693,0
2011-05-05,0.638022843092223,-0.335763516175612,-1.53939267857184,8.13424624536034,0.340461366899136,241.306738350863,285.527961703964,0
2011-05-06,0.78939579210471,0.878584484198636,2.30807944448039,9.27217130086661,2.66062548687607,288.309029281966,256.168694286379,0
2011-05-07,0.00767197379529562,-1.10060503125314,-1.03246575584528,9.55420223527991,-1.41075112447879,247.414881570167,279.810279585813,0
2011-05-08,0.16136012113729,-0.0622804181110738,1.26963560980511,11.532152287202,3.28880460626376,293.705200673497,273.603082139638,0
2011-05-09,0.00507269957933347,-0.295623625560109,-0.48784556120996,12.9087009490831,2.76896644910098,293.352042297723,265.494604253611,0
2011-05-10,0.729017715142671,-0.687506475835782,0.492912011159916,10.1018889884823,-0.949593225386092,124.093764540559,327.689623650391,2.37295797913728
2011-05-11,0.77203364592177,0.0267909836426562,1.77905718735943,9.55420223527991,5.24966296782149,81.4090643950737,326.166456563146,0
2011-05-12,0.861813813741442,-2.71686318144454,0.614105676456506,6.79182577765,-0.670781631156028,210.627897572671,299.96486715528,0
2011-05-13,0.529899200902761,0.303466632063465,1.58567436410523,9.80313011345427,2.93417471141659,205.45068233274,290.577422687389,0
2011-05-14,0.936540654002487,0.0694416002349175,2.76935594092493,10.3824457849976,1.89210016551232,89.4365438560154,326.666878637277,3.75054620976946
2011-05-15,0.61071068343288,0.147252272083116,0.458793972008797,8.71770103803254,5.65043486314497,270.906819749779,289.546262831545,0
2011-05-16,0.420271098830364,0.502084499676942,0.207874123054953,13.0088878479208,4.03762862940336,236.494390912883,295.348862646486,0
2011-05-17,0.385092697169571,0.421337354051716,0.036140942746054,12.7908880446344,4.39241123257285,269.272599831737,288.333845456526,0
2011-05-18,0.662903838698167,0.970837053893199,1.01629648409944,12.9437850656355,3.24749054692444,265.292202940993,288.83568711096,0
2011-05-19,0.331018834567683,0.277869462316321,-3.08358119867994,10.5091932031105,-0.84589719668155,308.651520674767,249.146476836525,0
2011-05-20,0.141929039164842,-0.676481568364482,-0.861741272237693,9.31997996518169,-2.77593121583488,317.537422385563,259.626560905972,0
2011-05-21,0.0118380256263063,0.722009630898538,2.26144213443774,11.243145029112,-0.473797951729609,313.0169385458,278.241584146747,0
2011-05-22,0.604690052519978,0.955770396932505,2.60074224502409,13.4571424378466,2.38474699637931,313.478049966507,287.860681871728,0
2011-05-23,0.168154616530509,0.301408042926423,1.69407045055289,14.9915044779552,3.7866464005694,314.145665885554,295.296619484294,0
2011-05-24,0.00360603353315327,0.807557300151021,1.90424014754454,17.2717563335786,4.91957632477901,315.519918546956,301.291824586298,0
2011-05-25,0.588499046243895,0.670440838066355,2.30240714387424,18.2605800555728,6.44295120008494,262.751843853787,338.904190291487,0
2011-05-26,0.720724053502482,-1.45420488954502,0.407217542993991,20.03267962905,10.8462027540807,183.159103703309,348.249018753717,2.69090706423281
2011-05-27,0.93246586770204,-0.237283269580967,1.98016956539782,15.8766944288765,11.6637276453942,151.379062850254,359.595906629957,0
2011-05-28,0.771137505790589,-0.24921571006763,1.73310066438396,15.0458593841112,11.3682162232143,67.2791013689074,370.725181312566,11.4533455016749
2011-05-29,0.973187884144266,-0.859404105120843,2.37887740657506,14.031227748645,12.1144966943344,246.981828528678,329.398280070725,3.56847786192743
2011-05-30,0.610203244043252,0.801194230840773,3.71621623472716,13.2045242268777,7.59121302181618,207.214289800312,327.207129822422,16.2067037171851
2011-05-31,0.799301393130679,1.25120519732301,4.73069224045798,11.6214095140436,8.41813873863229,107.795619339282,338.427509676657,15.4200529613118
2011-06-01,0.883008848561935,0.55913736165996,1.50486626185263,11.5883909271817,9.61479690749995,282.652716374783,301.659752100825,0
2011-06-02,0.280278150213502,0.708139939201833,-1.20049644954292,14.8911665957092,8.22188901196529,314.072118203612,303.888744332686,0
2011-06-03,0.611079073644659,0.89630942753397,1.50491253372578,16.1756739545766,7.32973877577946,323.894840405199,303.200690394454,0
2011-06-04,0.389014745753827,2.92469138957952,-1.33222662834968,19.0746383253832,7.82491868761135,239.108760902525,317.745028816682,1.48878830956809
2011-06-05,0.420743673115535,2.76127563531383,-0.672578189436917,16.393477527364,6.98207355279548,335.087478210548,277.003720320225,0
2011-06-06,0.535391717448953,-0.0179667154596286,-2.37285316029555,14.2253730487411,2.30580885904865,219.268418834761,313.378456436236,0
2011-06-07,0.847228185630339,0.76057590377066,1.89740442680026,13.8458425140775,5.47773639458166,253.997095651155,308.375438765845,1.00148920900929
2011-06-08,0.358607856195868,1.08666855538125,-3.02203684922731,14.0954066445132,4.31309045321595,142.564234267062,317.005169836595,14.608898312104
2011-06-09,0.995136448668042,-1.66292995198979,-2.08764669005839,10.0436938212658,5.8773755580531,206.237362526789,317.876810190155,3.15047395849075
2011-06-10,0.788919167817218,-0.662235436227825,-3.64142532041987,11.8710853226127,5.49013840560441,284.870909561934,298.149929303218,0
2011-06-11,0.406826666409771,-0.394540502496446,-2.32827105810537,13.3000893125254,3.96408636188629,311.502847681654,280.485628939665,0
2011-06-12,0.179811583124328,-0.375580513413773,-2.07339279061808,12.680214377712,1.82358565536994,309.229072142219,290.884879483524,0
2011-06-13,0.355811754975097,0.49039780765935,1.04227408757181,14.4078546046081,4.88904458427402,313.76230715436,281.853184763922,0
2011-06-14,0.528861430242277,1.54914400172015,-3.85807731812533,13.0538309760962,-0.189432320734869,141.249852465669,324.34572626349,5.96030547098846
2011-06-15,0.808715177953699,-1.48491937867436,-5.34276568251521,11.9729078392895,4.03858661058318,233.829490786382,314.112779779129,0
2011-06-16,0.553644545890662,-0.905139332204619,-2.45735925299407,14.3029474073102,5.48919055742853,329.229332043048,295.998079774775,0
2011-06-17,0.199858213759722,0.571425956271363,0.286153383908561,16.7016660234023,7.34223712584077,331.276411170592,309.461721140596,0
2011-06-18,0.594821332489489,0.663979809565037,3.34767329512687,17.9094901186359,9.88168148522999,238.464282383414,335.429203439006,1.99100481100884
2011-06-19,0.991321559755069,0.253328146952875,1.63277438106347,17.2104501812793,11.6607729418985,227.086438850286,334.535429207392,12.3722329272935
2011-06-20,0.680007137848785,1.00350865800205,0.256237705202456,13.0442541375353,9.04126674638955,292.075423069155,304.93690132972,0
2011-06-21,0.448871964384154,0.132687336124506,-0.550781312912096,13.7535122815692,4.66472928104156,274.016385808741,317.387105755184,0
2011-06-22,0.610227374700728,-0.362653212763364,0.347838600185465,15.2519864346481,8.29574729775324,95.228874486037,322.517747862131,6.29380285156983
2011-06-23,0.658679227330489,-0.663322678980514,-3.59413842144513,8.54732318856626,4.05350219435956,234.534466122369,303.508565909677,0
2011-06-24,0.68560855668728,1.47026260641693,-0.481831851787088,12.7086029132803,2.75725039026796,246.951176877193,301.570794267624,0
2011-06-25,0.578670731600938,1.40119934679398,-0.489009212715563,13.7918839932025,3.37969576406538,270.405392287109,302.652732655653,0
2011-06-26,0.401401422683029,0.390868868411054,0.075230830707637,14.6502889761897,4.49982613391878,322.264157478975,285.247864564803,0
2011-06-27,0.158101295489183,0.696109156775483,0.677211074257365,15.4352530502325,5.96697128197462,337.597692489511,282.860092413238,0
2011-06-28,0.216504036737805,0.0962907600028448,-1.64235652870768,15.4420485049959,4.03124399065034,298.370707839571,312.849656011375,0
2011-06-29,0.827352125325098,0.283682467339406,2.18758368687216,17.9208412841229,6.71748437952609,207.765335115557,348.46955496478,1.850187462865
2011-06-30,0.713923954231889,0.594353831214455,3.97714036592005,16.393477527364,11.0031014545152,209.166018420677,345.774672003584,1.28248670782914
2011-07-01,0.800333353525177,0.738302304332838,4.06889935703899,17.5625291294719,12.5811491728748,285.445927953328,320.07771817129,1.56074212706622
2011-07-02,0.358607856195868,1.40254280402552,0.22925967512141,17.7165256439729,10.1724982666118,247.720060536481,322.219445380711,0
2011-07-03,0.341370139508323,0.731285304893831,-2.61821223213704,17.9337456742558,8.57562286144103,334.140623529124,302.02514760179,0
2011-07-04,0.463448219166259,0.66452064244014,-0.0942387958196224,17.8031832841568,7.39668262077796,314.46739436772,311.668767184483,0
2011-07-05,0.34361162258411,0.449587078763513,0.517648969400914,19.5605067548,9.57175156443927,325.719724654328,306.566510366782,0
2011-07-06,0.208017625917863,0.0426910817460755,2.76935594092493,18.1481634394183,10.3981036232301,317.699266873456,322.862096273213,0
2011-07-07,0.528861430242277,-1.00177517135107,0.86420308136864,21.3129562298066,10.4043458312262,241.636830394716,361.635775151829,1.00148920900929
2011-07-08,0.732019306992303,-1.81078090180251,0.676793896782085,22.093552405467,13.4682811562099,226.06116637391,363.592756627936,0
2011-07-09,0.708539271289936,-1.21442870182149,1.16133307802417,21.8410845121383,13.4761896538642,146.729410704996,368.321315017533,0
2011-07-10,0.758004882547451,-1.49694438199504,0.540841010848653,20.7189934784801,12.8160177626997,173.913951822695,366.425833088995,0
2011-07-11,0.653186438004838,-0.644600016767783,-0.552047469509255,21.2452490624056,12.9110567676882,104.009609501035,376.450371854842,2.27416170871885
2011-07-12,0.893277605849227,0.14546103271691,0.647656021353908,20.0615706230316,15.0703953902285,219.555967655223,353.189754026783,4.1452238043231
2011-07-13,0.552591779882809,-0.34540101095109,2.90109707722108,18.0341716152051,13.9883783708767,169.728475725985,353.451185081815,1.00148920900929
2011-07-14,0.723698500793302,0.604795806795402,2.68963547985251,17.5619879319925,12.9966353548432,224.583306366042,333.543348268844,1.34715572773195
2011-07-15,0.50064722842439,0.105619926053523,2.56002688774191,18.2087674095024,12.9828747818255,180.588068382653,347.101290857396,5.28270918891207
2011-07-16,0.607267566956015,-0.0659673024894609,-0.232099894835338,16.3117420545586,12.3642801734652,161.334892854798,359.044317200238,1.10398582050576
2011-07-17,0.882248652905453,0.230572819612317,0.517648969400914,16.7660110355229,11.5178315532235,149.112632900259,344.908000934806,2.49740747011743
2011-07-18,0.659754232532957,0.129705170266377,2.73113022188539,15.1668242270779,11.1512256480908,194.634245719522,336.282248870191,0
2011-07-19,0.439757352010507,0.230793181840814,1.16536345429107,16.6424753325269,9.53549855939036,259.578018390864,328.864208380956,0
2011-07-20,0.79881698660469,0.249856391601589,1.63961633600116,19.4992261012483,11.3695400929286,280.517164840767,326.657609527008,0
2011-07-21,0.16136012113729,0.391962964126672,2.38118412944672,20.0841933021554,11.7107062284639,277.823139809083,318.961131733831,0
2011-07-22,0.217396504832773,0.825911072460347,2.99659153102174,18.9597132597937,11.8926692613233,262.397343607892,324.833928200366,0
2011-07-23,0.231465738720822,0.712225000915885,2.88813273759491,19.2596452571841,12.4227875041183,272.231587978401,329.055408025154,0
2011-07-24,0.267142288593938,0.512990582970979,2.34535340756769,19.5303206345775,12.8558195458205,216.269395381183,339.032256321001,8.44324510295069
2011-07-25,0.367176603249704,0.354348021458825,2.33085410277811,18.1351493924666,13.9903512127574,240.550299925979,332.607273507877,0
2011-07-26,0.310013957544701,0.658594101829018,1.76893381652969,18.4499011314053,11.588630221741,265.537198492632,318.564970214702,0
2011-07-27,0.257589065509943,-0.256457618192093,-1.73124974880621,19.7514384206256,9.27921573242076,263.914605058931,326.452569806013,0
2011-07-28,0.267400517825041,-0.52428525589397,-0.436777671139562,21.2014206989874,11.0772201650952,203.844482461462,354.419355690125,0
2011-07-29,0.445327059133384,-0.0213367891948254,1.38485607936547,22.0764261154263,12.0513498717808,207.88176847439,353.389409819502,0
2011-07-30,0.422596801084572,-0.360237171205667,0.621955538615023,22.7949211479943,12.7331158201094,209.465903870047,355.76017116679,0
2011-07-31,0.601816941071501,-1.98951269647662,-0.585105202592016,22.2086697211287,12.6074534228259,215.542266566931,353.380608556671,0
2011-08-01,0.840495544156631,-2.35016266952835,-2.2402802810229,21.8028056845685,10.3240068577214,257.28400667767,327.835760255312,0
2011-08-02,0.727105601886066,-1.75061507662492,-1.56921207552105,20.868421995615,8.09969813931786,125.873675285522,367.901546764121,0
2011-08-03,0.895193384721779,-1.0286698447161,-0.90822339090985,20.4217561640385,9.49232559676975,163.973813491499,369.044137847459,0
2011-08-04,0.902270462966635,0.550123312969263,0.613948008707528,21.4831299652709,11.3190777597345,139.024356893007,378.821829458289,0
2011-08-05,0.757660830910465,1.16138267926173,0.0707026472261266,22.0623422073503,13.0551363968069,208.121890093049,359.827316371209,0
2011-08-06,0.320231174964656,0.46124976316305,0.978797419970362,22.3118332270795,13.0075873519305,259.987169191179,336.641951340896,0
2011-08-07,0.266175336393615,0.342421068048322,2.84364560321037,21.1600744896303,13.4023442673961,260.654452066708,330.414378126701,0
2011-08-08,0.126865613570662,1.4576712662435,-1.37803770993923,21.2830955353413,9.37246866841771,248.325955680814,322.981008973926,0
2011-08-09,0.2756627982606,-0.429367634547476,-2.14687697499773,19.9029462370265,6.72246449392028,270.382977719944,296.442743783655,0
2011-08-10,0.0803682834815376,-0.837703108438016,-3.33071674160884,17.5258240540429,2.80546180668811,269.432404700966,293.816369406242,0
2011-08-11,0.195243334497458,0.316663236690751,-0.81148282473058,18.1351493924666,7.19046708662401,254.863879381815,323.680762805306,0
2011-08-12,0.378442300540542,0.322080281267665,1.1737951568247,20.7197450247108,11.4796950530063,240.914715128432,333.681806555619,0
2011-08-13,0.496671136132702,0.939258680101578,-0.134076684206846,21.2918860626781,11.675314336724,213.018256496089,328.759234825249,0
2011-08-14,0.468071756596402,-1.66477064845854,-1.11253053517864,18.6417355261396,6.75447819260104,161.951632282227,350.270274112074,0
2011-08-15,0.458066425676562,-0.658824661194496,1.63277438106347,19.2577346414603,9.14927855512295,164.42294605383,363.831877838484,0
2011-08-16,0.80055186656929,-0.137849795684011,4.07936658203126,21.2918860626781,14.120439335813,151.768087020041,360.62641854507,0
2011-08-17,0.712894686905361,1.57293935424167,2.8697169163565,21.2542275228357,13.9368784854107,242.027035705983,324.976968807559,0
2011-08-18,0.059966954160582,0.128137933334891,-0.848370084609185,21.6061666583254,11.0645879870588,245.693154362427,318.512791328501,0
2011-08-19,0.62384873428809,0.55642067493925,2.79784087634044,20.9578311675524,11.0586792811845,212.076208051973,331.91678412829,0
2011-08-20,0.29635900339497,0.300005696543829,2.82591460126254,19.9028853780392,13.7597129912617,205.06462162174,351.870660270675,0
2011-08-21,0.622827616675189,-0.651754949072132,1.53831486087299,21.3662106950393,13.702261398629,112.044441739842,372.485774475816,3.35850369599318
2011-08-22,0.655072645291204,-0.626624856736602,2.42720860571816,20.2766860656733,16.7770394109177,140.276041914124,383.140573728961,4.22334484653696
2011-08-23,0.970204553460818,-1.10060503125314,1.4873122232141,22.7286425170065,17.6175721468459,129.514887045795,380.786966439998,5.66865051954348
2011-08-24,0.799891918280818,0.453907296296192,2.79784087634044,21.1285340564706,17.1351239974361,168.405880882835,363.75361004791,4.26360466763562
2011-08-25,0.689730887838435,0.151659257356299,2.72390491152691,19.9165836646372,14.571823438837,99.8536632068128,372.12395356939,6.86700835378931
2011-08-26,0.845216538363011,0.610867952128632,2.98580455268791,17.7194508915347,15.1244279468423,179.939184226124,332.29524258547,0
2011-08-27,0.426303480614247,2.2016800678277,2.75520660312043,17.8364891013255,12.6758412382401,56.6422007336745,358.469543985574,3.62258205148771
2011-08-28,0.775657413178639,1.75438724218203,4.45341521904094,17.740749451963,14.6421221377313,144.784094781018,332.426768054428,0
2011-08-29,0.657463302536066,2.23391558225108,2.24213020305106,17.999567655685,11.2422262112272,179.31317408796,308.059172928234,0
2011-08-30,0.282406950857723,3.10120104610315,2.19838270935771,17.9566774475377,9.92608301886608,184.796141151244,312.317557319047,0
2011-08-31,0.352450394516149,2.29499640075816,0.158766340642553,18.2062368558976,10.0747903013936,204.17339798259,307.207522685563,0
2012-05-01,0.0377800080118076,-0.231817409557755,0.841399148228316,11.7199892374934,3.18924394142845,273.148426153264,280.256293588576,0
2012-05-02,0.47005924032131,-0.172176486549982,-0.23250444408033,11.5578995892636,5.50065619666504,218.232246457687,304.806241633316,0
2012-05-03,0.587739965068994,-1.44406483087856,-0.397949829540598,9.9730629074381,3.70637725613346,127.322072238218,316.529461700267,0
2012-05-04,0.92184177494332,-0.232061511898312,1.30272294467928,8.45019599491669,4.63164822701217,238.309457490256,269.753480856819,0
2012-05-05,0.351191689335915,1.03726152920245,2.24476639174453,6.75474918656749,-0.473797951729609,285.330030893152,241.45375099385,0
2012-05-06,0.0964661892405329,2.71269483581155,1.45074854432838,5.91601884666308,-4.11367499200237,269.347319691968,248.015751574837,0
2012-05-07,0.399481734531275,0.971690688670869,1.62785664084717,6.18098100756676,-1.85988183946739,179.939184226124,287.619648625704,1.56636281984436
2012-05-08,0.993462166201673,-0.875257619479383,-0.319982469221429,7.6767491395005,0.834348771432417,192.816964576107,304.209740476713,2.44462788494368
2012-05-09,0.46787314297504,-0.189520870812578,-1.31769208469059,8.41030227373122,3.00893021972342,262.406550449268,272.407464127059,0
2012-05-10,0.550887777105913,0.53821920595953,2.76877019463372,9.5234954468254,3.18861636571111,253.761196493654,282.64759261612,0
2012-05-11,0.609734764085105,2.29499640075816,2.0056433238624,10.4372314476672,2.09736808154308,262.362260590417,276.794679913959,0
2012-05-12,0.721492701639593,1.37703197584201,1.88686800791443,10.9356876993301,2.67401777659597,288.515980998837,270.239873478622,0
2012-05-13,0.0544936283836973,2.72543009878405,-0.182866986710774,11.7951336915214,0.821612328417129,312.469307171903,248.563764983694,0
2012-05-14,0.178751206913572,0.709941308036043,-2.48331107427066,9.97288630821099,-1.66181960168409,289.22672275881,265.561293463914,0
2012-05-15,0.68432408398935,0.334857062004964,-0.504870483492407,10.0684358047949,0.602241998136792,301.854235274215,280.221049108766,0
2012-05-16,0.293314396758449,0.982519565902009,3.12581746604993,12.5014884444212,3.07214540014291,312.777143179808,279.023052992639,0
2012-05-17,0.0318748511413199,0.747440989403089,2.49105183323852,14.3029474073102,5.57884142575147,303.488729424154,289.525983784533,0
2012-05-18,0.27548349959923,-0.00603415531528328,3.10653455971947,14.3340466580329,6.76625967881941,218.020070874941,331.528006838486,1.3545888205397
2012-05-19,0.569356342887809,-0.0439738727467587,0.688146105228063,15.4958284991204,11.160863898808,161.327893996509,350.464629332034,0
2012-05-20,0.668349190113909,-2.10195995684991,-0.734170237369436,16.0924305815413,9.92995412613398,218.063055892522,343.253454942365,0
2012-05-21,0.81106038580441,-2.01447139483285,1.11906870213222,18.4816075159941,10.2905586724365,31.8525711660146,362.994936556325,15.5250531349273
2012-05-22,0.957729695906285,-2.27365190395142,0.159917600108937,11.1725094967258,10.4568038392834,151.251146358565,327.835760255312,0
2012-05-23,0.73210901488672,-1.12821805565666,-2.57010659556834,9.6783556802886,5.73736950681984,220.729077152292,300.203010270052,0
2012-05-24,0.601749787050113,-0.47060885577702,-1.3253573990522,11.2709233250164,4.23613834794092,241.965091660286,303.610372986484,0
2012-05-25,0.677272456197138,0.513282822451222,0.0974054157370938,14.1357610899378,6.06506448406881,284.09928880233,307.489171173779,0
2012-05-26,0.635919773552771,0.932257417243769,1.94608843909705,15.3885403532505,6.80880404761135,283.006837014701,325.426212957616,0
2012-05-27,0.342625439907503,1.78998870362537,-0.558973228804167,17.3845669749667,10.1749951869636,292.638012217493,316.529461700267,0
2012-05-28,0.366255378543586,1.58296456261109,-0.165773521844542,16.7197127218315,7.34223712584077,267.508783206066,284.501020245106,0
2012-05-29,0.490940745319467,3.83737497437287,1.45499119314671,12.9115396944819,2.02676620258229,288.698270426751,275.870372775166,0
2012-05-30,0.267464541579219,3.62835035660648,0.878669871710378,12.0465628074599,-0.173602751329139,315.242766767712,267.358349867532,0
2012-05-31,0.215203100647525,1.76836417272728,-1.49769419460452,12.2736336194648,-1.0854405012761,294.443873400156,271.428770765247,0
2012-06-01,0.616194036316798,1.18212930956539,0.119446364318451,11.5950945618398,-0.871854591793269,282.165971606056,293.197884766286,0
2012-06-02,0.3880702149892,3.45517286207039,3.23901280471443,13.5894367274841,4.5584942148731,281.271804758605,281.859905923715,0
2012-06-03,0.316284630782884,2.36484564483174,-2.11394121969338,12.9457772072252,-0.473797951729609,291.859017960867,280.958952993996,0
2012-06-04,0.467969617944559,0.977494511259034,-2.32827105810537,13.0961633458344,-0.0769314075580515,284.239280255865,294.517351985854,0
2012-06-05,0.740161892528773,0.790538895873638,0.218004873740036,14.0337941263961,3.19584523288272,289.736886350283,317.496806347994,0
2012-06-06,0.320324486114897,0.975559864119004,0.233461508063605,16.5435677612721,7.82557047912663,295.358301794799,314.229864790758,0
2012-06-07,0.204193032499465,1.34026033292047,-0.660773600807373,18.0466201380693,6.8031103115587,340.195431483587,275.095169483495,0
2012-06-08,0.106876180212163,1.46412946605647,-2.71317052028658,15.183736055283,-0.208986642493424,343.72355769991,263.343809310108,0
2012-06-09,0.196259511944506,0.273097788182114,-0.420412371159775,13.3815257752653,-0.983459955603289,272.047063203541,296.970465778075,0
2012-06-10,0.880643172889953,-0.495881321151305,2.37483165237532,14.3520530018649,1.03682996799092,177.899978081046,339.061638929322,0
2012-06-11,0.888090461483285,-1.58859513316426,0.827192509971812,16.1066043985649,5.00452953608288,83.4831531010064,356.353729988852,14.5428891433238
2012-06-12,0.951444106954652,-3.24424836174298,-1.09329331358096,13.6833417246348,11.6071883321295,68.1919360755541,358.018677777595,12.4162696778104
2012-06-13,0.942449065361384,-2.08633182808845,0.0597661470115987,13.2367681602846,12.0374365911487,194.420898197763,339.257632994426,1.00148920900929
2012-06-14,0.674976916057972,-0.106313107616304,2.27339623136306,14.114723954196,9.91494972904318,201.635015470615,325.881475057882,0
2012-06-15,0.919181819385445,-0.348316637266194,1.58452591384135,14.0216958835123,9.13744102971761,233.910123695299,325.726951636006,3.21646202740695
2012-06-16,0.852630987880225,0.34786646399999,1.87000035949046,14.7329345819369,9.64588625435882,216.24411976286,338.074186961216,2.09120373279076
2012-06-17,0.835379957269762,0.938552515973407,0.183678239863547,15.1747396006364,10.7733094328301,251.31720262092,319.894573659168,0
2012-06-18,0.291611034550732,0.0319286358321911,-2.40790568249203,16.356981180718,8.40370198593627,286.435318023699,308.316544145881,0
2012-06-19,0.566806019126722,-0.0741928678352121,1.20983953055531,16.2492533021957,8.95272824891882,296.673593459468,297.517570452163,0
2012-06-20,0.174018114672937,2.60190113082532,2.05749360142049,16.6661776632712,6.87868834412813,293.655637155049,296.766888416967,0
2012-06-21,0.239368015792367,1.76996129500252,-0.223005500589921,16.4641176794876,4.64140684525392,283.278980245567,302.362218021199,0
2012-06-22,0.417126751522268,0.0472031008357988,-0.227110995350881,16.0606794023276,6.51209697348296,301.08213590677,317.58732646416,0
2012-06-23,0.76689914213239,-0.0731525793061891,2.49249189239281,17.7857226383725,10.257147755524,233.829490786382,346.864220280085,0
2012-06-24,0.86228758675393,-1.3375385386231,1.30272294467928,19.884484230734,10.9165103189197,285.435730886208,328.781538570578,0
2012-06-25,0.665068661990333,-3.78193968625281,0.258584400239077,19.3899867528093,7.46334968455717,135.212033251894,340.602017026384,4.82231380839658
2012-06-26,0.923621622739429,-1.8899672603397,2.03317196458712,14.4153358799375,10.4326273396908,208.046597722112,324.334724535104,0
2012-06-27,0.724832673473886,0.972094285289611,1.69407045055289,14.7189739022236,6.8153133204938,286.179210970615,314.847570030168,0
2012-06-28,0.658414880235131,-0.459457751866114,1.42769436329985,16.8012610112097,7.4861879141633,176.615679346085,345.176038349146,2.70969480680754
2012-06-29,0.972232241017834,-2.48682717042908,-1.70722722934388,17.1257326554083,10.4376850267616,288.309029281966,337.238377082106,1.41737959997815
2012-06-30,0.924242022144689,-0.694107572929223,-2.14354542902097,20.2327323300013,10.3823069637456,158.465335442078,365.34664350904,10.289076195759
2012-07-01,0.980171760422445,0.660647981976319,-3.6213920446974,17.9551860606299,13.9268210140627,202.007599766141,360.127906141844,2.88759240093682
2012-07-02,0.744704787863009,-1.43274453941251,-3.33403124388557,18.4242346239583,12.8808202853592,258.391254822304,342.625948714282,0
2012-07-03,0.638022843092223,0.872001087371165,-1.40363017986824,19.884484230734,12.1235749681026,238.152583010363,359.036652081093,0
2012-07-04,0.769724509417962,-0.169603323108444,-0.506811063626756,21.041115715684,14.3272596399816,159.357981037792,373.117437597332,10.8175797550482
2012-07-05,0.85848244560346,-0.255291555123867,1.02723865706135,19.2136544048347,15.8585580923186,148.32437241417,374.332973539533,16.1628962057515
2012-07-06,0.814083692135825,-0.716533198827314,0.137994979615965,17.7857226383725,15.7658028319959,66.4734731859387,374.557010311067,11.2169980725505
2012-07-07,0.953155027030486,-1.65285429352994,-1.96717501854073,16.0613378969696,14.0930631532721,206.344764236776,357.521370872805,1.84399485306749
2012-07-08,0.500423510689869,0.129705170266377,-1.24432288100917,17.9661397251327,14.1295056789602,231.475275378868,346.723065274128,0
2012-07-09,0.872568463604893,0.306972006517218,1.08511248145264,19.5537101900617,14.5508591414781,292.589739169694,332.808673976773,0
2012-07-10,0.37804938267566,0.259059518519493,1.52953867857852,19.9051677371846,13.7403705588692,216.788349115983,348.964931104327,0
2012-07-11,0.889794746692836,0.249302609195841,1.02515777533664,20.6392050717279,14.569985626827,208.642308621731,361.530840444689,5.99198786403626
2012-07-12,0.79771933196669,0.367221692565552,2.31511609037356,19.5201086389097,15.2022407306476,164.368311366888,355.424873128211,6.38830216146159
2012-07-13,0.66104937931976,1.23985065986979,-0.633592496451089,16.5075137774038,12.5364108617958,279.309068539913,310.718263657297,0
2012-07-14,0.364824294232197,1.98662974519603,0.559181353348549,18.2848704339529,9.61801556427241,256.027397031864,324.965663122275,0
2012-07-15,0.791756617148822,0.899245734506638,2.42722095123862,17.1698873711384,11.5168290706541,215.116676823172,343.187534045776,3.73607815075877
2012-07-16,0.677783812709033,0.853523966369573,2.51399592179523,16.9081167581363,13.0908387099438,234.801095883879,338.749068699674,1.00148920900929
2012-07-17,0.738520707434679,1.15382086871845,3.49553295491423,16.5907328524002,12.1490988194377,191.807347217311,335.981211817273,3.4059849694925
2012-07-18,0.566408960056161,1.50888856057995,0.783892531460353,16.5505564130425,11.5047323309775,265.537198492632,315.280920525703,0
2012-07-19,0.228490483595838,1.21842385906721,-0.207751717244929,17.9462321842487,10.6944584302663,219.011658725243,324.316300710431,0
2012-07-20,0.871650646959966,-0.592505949826199,1.46986008462293,17.0271648157166,11.1796635541609,74.7219526693303,354.356625632883,15.3451360110413
2012-07-21,0.999957180417325,-1.65285429352994,-3.40886130524399,15.1627884344698,12.9712821121793,192.983079926007,348.275217062446,3.73981951890123
2012-07-22,0.709381637902646,0.191547775078173,-2.36961016639602,17.9550970807035,13.0669598890506,212.75781843414,340.75772108408,7.48281125064353
2012-07-23,0.604937843572271,-0.774409579754705,-1.32275208514113,18.7659263237279,14.3043844178301,283.758790595463,321.306051407183,0
2012-07-24,0.278267110546733,-0.855940653400318,-1.83069484937805,18.3601511247128,11.7680221427689,174.367425549421,347.343188585327,0
2012-07-25,0.641733176002965,-2.13428915950884,0.56239920456121,16.9407446729168,11.1753817420788,200.721438852633,339.565363966293,3.08891130287158
2012-07-26,0.710483961573374,-1.85925179248292,0.859524382292782,16.4886320345551,11.358899251219,90.8571816311551,361.9442139874,13.7083218008426
2012-07-27,0.922741316418699,-3.40810484462261,1.68832307453443,15.7182836434773,13.684087281913,151.543913641833,349.277401338465,2.16947811074676
2012-07-28,0.968587676488336,-3.17328658738698,-0.496046242554908,17.1257326554083,11.7895503267713,258.495139227584,323.078632906031,0
2012-07-29,0.817074313454106,-1.70172982519715,-2.39426291745277,18.8919677903489,10.6245015900862,292.108488790228,311.762046725139,0
2012-07-30,0.126865613570662,0.12410353007861,-0.794442314231089,20.18382022229,11.9632078506396,277.071946219632,326.329696199585,0
2012-07-31,0.6391358607214,-0.0417851565397651,0.91344758333691,20.7197450247108,14.7287105582377,234.148410360844,350.592023445583,2.12457284207981
2012-08-01,0.751869307809959,1.47076064701726,2.51648462944946,20.1623875127633,14.5669483780139,247.351176342194,320.519826459551,0
2012-08-02,0.180380318364381,3.35769913083314,2.86879190740491,17.4214485594438,9.96193453062125,256.315449578536,299.800472391686,0
2012-08-03,0.309600623669997,2.48631963534397,1.75585155955606,15.5353365994913,8.43323527914638,261.834239279954,295.998079774775,0
2012-08-04,0.473207806048851,1.39047003417419,1.27661802713646,15.527852486208,8.06446214155145,261.830120536772,300.016321814047,0
2012-08-05,0.616553484068979,1.01510572379008,2.53913778465558,15.2371046113749,9.092696757142,127.112089402399,332.892194585656,7.10738067473414
2012-08-06,0.746027080649157,1.48452151891374,-0.123892536364397,13.7696432067055,9.27110599855698,245.506166023662,305.413282155464,3.21589362829553
2012-08-07,0.454069100313159,1.39995485817107,1.5493632112433,15.2234157627368,10.3775603303495,194.509841617081,320.502483205676,5.26538927567489
2012-08-08,0.447273282375321,0.284106203176862,-2.36942498262813,14.5909678657078,10.0942503115914,180.651623659913,307.170487503879,0
2012-08-09,0.730686048091957,0.508548660694327,-0.945644746659668,13.7678851121366,5.63593017800518,218.520974878974,317.722944707529,1.54112688928917
2012-08-10,0.968583776473792,0.621884877453033,3.81679157787028,15.0646598297729,9.15486338118816,118.636609610691,365.87544174746,2.30343742460198
2012-08-11,0.98503536970293,1.20116369083992,4.19764052343481,16.7118561165387,13.2171042641449,172.706805914674,350.446641650375,5.431283193061
2012-08-12,0.685282002857136,0.952394443228048,-0.516333492747748,16.0867563801331,10.9493082419986,219.958164205396,299.808314351928,0
2012-08-13,0.727347518668341,0.382504899693317,0.913412437056539,13.4570937738982,3.23715785534074,39.7586932799097,350.855022190854,17.0966719983559
2012-08-14,0.611862183228218,0.849220039908415,5.99146258673452,13.7541595480341,12.0926672770047,254.281385479905,283.986680239355,0
2012-08-15,0.336712842378192,3.07068997294141,3.21480907866463,14.0191113464144,7.27832648392039,47.8714098944205,344.287067071,15.4200562061729
2012-08-16,0.746440421645287,1.4693256797848,5.99146258673452,12.9457772072252,10.7550892794102,232.601148554919,287.831941126698,0
2012-08-17,0.402111401390223,3.34683252417293,0.362085301625802,14.2239417649591,5.20522570423262,178.285661587622,311.402086909835,0
2012-08-18,0.936540654002487,-0.419828949552457,1.92372287150346,13.3090486414299,7.52386594748766,62.2108652423104,354.963968180188,6.43873708988687
2012-08-19,0.742339416902184,0.173557668731447,1.56932043622938,13.3426600807864,11.9553226234052,158.75090907459,325.818700243611,0
2012-08-20,0.442095238546258,1.44837161318928,2.58273802143598,14.113434238156,9.91528839359422,176.821552761999,315.946301589592,0
2012-08-21,0.445914345943505,0.128137933334891,-0.737333965974591,14.2399026237691,10.2879947948181,210.781267172839,293.368499733585,0
2012-08-22,0.267507785697276,0.165142395546325,0.477143923025652,14.5244829705211,9.25381651155193,196.882482026607,308.370992838529,0
2012-08-23,0.772365793653835,0.616018304871911,3.11202821258334,15.0458593841112,10.8607244977045,182.469643607547,324.825198589838,0
2012-08-24,0.430838374618304,0.152770770200489,2.25934284053828,15.7460117830699,11.8199515307333,141.864844927697,332.381348402953,0
2012-08-25,0.803104463616315,-0.942098495930447,0.0908819008983353,15.3457558312836,10.3415272221192,114.768867052489,337.015885662322,8.74865390724807
2012-08-26,0.85764970196736,-0.829573918393261,-1.74139700319552,14.0871366428688,11.1944799115024,42.2797149503139,362.79687881106,2.88759240093682
2012-08-27,0.822401109803538,0.990178252415175,-0.391349001651625,13.9944797565717,11.4345442650437,81.4090643950737,357.545116470819,3.22474110150033
2012-08-28,0.847228185630339,0.97705866190364,-1.88044602883048,15.0218172053165,12.1001212289859,127.337256288086,356.522197895109,0
2012-08-29,0.807380370227184,0.455381047975787,-1.0079951784919,16.5785844556454,12.4766139154734,182.151620481129,327.519294358851,0
2012-08-30,0.350030701694672,0.305501780124704,1.12011398940936,16.4658981746476,12.3879575268811,196.430647558594,313.78198712252,0
2012-08-31,0.351245637760828,0.140474549611822,2.17722973683606,16.2782831078891,12.8709262035803,166.778818624113,343.122494696223,0
2013-05-01,0.600678947913904,1.38762380496387,3.50572586749979,5.28210882922529,-1.33064913479752,267.004585544571,244.201954883479,0
2013-05-02,0.171904228183871,2.91411917604021,1.21136988737237,4.7750271583154,-3.87843351051445,130.613838740214,287.118898928066,0
2013-05-03,0.990909606722764,0.991681997185076,4.27638184919205,5.19060287166407,0.00324240712943468,128.979863757901,310.892677394364,0
2013-05-04,0.818926031459411,1.01539648056387,3.53183448140677,7.43985706028951,3.70637725613346,276.688984876834,267.358349867532,0
2013-05-05,0.230452192778269,0.983550727997768,3.50557268704101,7.96111954091022,2.42512313262134,223.30650450765,293.816369406242,0
2013-05-06,0.569356342887809,0.483036380249408,2.81749082818746,9.04821622799759,4.99225470197873,100.748638725483,351.932431796811,14.336314053861
2013-05-07,0.942449065361384,-1.90655733289076,2.75732156621283,11.0922594927654,8.92283853683569,207.450682010618,295.004380503464,0
2013-05-08,0.303527437304108,2.04198771133877,3.75012386851854,8.73441600492165,3.26220939021506,166.933851172409,311.98893883709,2.62182180954246
2013-05-09,0.932795511107781,0.474903718152463,4.08404819417053,8.69489836621741,3.96260171753867,114.624081277336,307.084867624603,11.3954094183679
2013-05-10,0.487148828072023,1.83450373723101,5.54607893320925,6.80925495537099,2.49714546551027,265.133549065265,264.039751608383,0
2013-05-11,0.448871964384154,1.97301944431501,3.31189093425913,8.9129008147595,1.60707062982959,79.3754271165915,320.272380850348,0
2013-05-12,0.994768718704421,-2.12458538994126,2.44862945260841,8.41030227373122,3.76113875602159,132.227260016714,339.155720886816,4.45919913381691
2013-05-13,0.78268995773973,0.364434229928912,1.95548001431277,9.81118107746141,7.27832648392039,286.062987583243,272.481997926886,0
2013-05-14,0.214662764562589,0.719763715253506,2.76935594092493,9.5892971842606,3.92975916738794,47.9856111666621,332.20208131857,3.03513748193256
2013-05-15,0.936544745060757,-0.428841457893834,1.29185644361725,8.71770103803254,6.28500881499699,267.004585544571,282.99392807379,0
2013-05-16,0.526850376582668,1.4693256797848,1.67451216556206,9.66732106662559,2.71662808253913,314.441793489093,249.146476836525,0
2013-05-17,0.264620981395902,2.76679454323667,0.597097459194879,8.51026995685745,-2.01786289977087,138.07740649888,312.233864074143,1.43917168650837
2013-05-18,0.886067172455692,0.674010962217951,4.3508662985229,8.63080508332995,4.55994686633551,66.4734731859387,329.143630924137,3.93883084120012
2013-05-19,0.606108608631479,0.78358545556051,5.51006938789463,8.70010341159733,6.8153133204938,115.526517777136,325.439170560559,4.5735168384634
2013-05-20,0.87235615005651,0.470984594434887,3.12739319657283,8.66573067865089,5.24970801888301,237.116694828724,295.723231034567,1.02774777852966
2013-05-21,0.372857059900714,0.952394443228048,1.1244854009722,9.78370456757669,5.18022371609833,271.753709659126,288.858646162873,0
2013-05-22,0.654313359708873,1.50367636938711,4.60147147730193,9.85889371259185,4.11478828437292,261.677801732864,299.648862805406,1.00148920900929
2013-05-23,0.217104249065552,4.12085987690439,4.21431272527996,11.6723804112291,4.58198654439807,292.108488790228,269.895652345057,0
2013-05-24,0.366255378543586,3.9787341509445,1.21136988737237,10.0472275046523,0.85453500459976,292.909188266693,265.464725536373,0
2013-05-25,0.204838155640338,0.912835747367041,-2.93706355891452,10.4829324787336,-0.949593225386092,193.536863760533,295.764518043298,0
2013-05-26,0.9903383154026,0.00147254635449357,2.88813273759491,9.09312716178032,2.09356914062431,49.4190669625225,333.168376836535,15.031595841287
2013-05-27,0.801139792583846,-0.643934682933432,4.27821224769235,7.6095328059129,6.04017605468417,162.544626394921,327.252003251427,3.21589362829553
2013-05-28,0.959717840421166,1.25224251386248,3.71621623472716,9.27990767799123,6.051418341678,223.245239445209,315.944041688757,1.47140916992997
2013-05-29,0.670422606318251,1.33730219542257,3.62667713539598,10.3946239215845,6.64785312538234,293.703870730153,298.852951588812,0
2013-05-30,0.666223474412765,0.329808728712919,1.20955221448802,12.8010515671256,7.94901553645266,250.382298625688,311.43201110716,5.00692923834592
2013-05-31,0.430058707422147,0.310176425074629,-0.917292836853353,12.5482436581513,8.84639507668615,243.777439759083,305.574072213927,0
2013-06-01,0.586176304287498,-0.487999543471151,-2.22469939775149,11.8893848891416,4.01860963572948,255.769597409427,291.481167855769,0
2013-06-02,0.418227610663588,-0.891494784891098,-2.14269634631112,11.0776253840042,2.43873381792584,327.173186832769,272.787549835192,0
2013-06-03,0.673625862971198,-1.68985680381473,-1.16076158156796,13.350115636771,2.66062548687607,284.702051079262,300.827463080141,0
2013-06-04,0.926862968549071,-3.24424836174298,-0.497085986688593,13.9265541896164,3.89251020443854,266.942237850936,307.908646411741,0
2013-06-05,0.991318638210013,-3.72507700071713,-0.749766068510548,14.2352882822945,4.50101960415546,307.90988592116,293.75707119622,0
2013-06-06,0.496471917814605,-3.24084173024516,0.149573953271035,15.3519413956199,5.75744283384093,220.263482752748,326.988389013252,0
2013-06-07,0.814533890872085,-2.34256142371002,0.928540776273937,15.906428461168,7.64149625972723,71.2251195237593,346.891395534759,14.5615367981887
2013-06-08,0.94515741104768,-2.20673330408142,1.76455688548904,11.8588453528856,10.4948466649487,211.465704506776,325.06768827641,3.08955391968329
2013-06-09,0.810724433284252,0.301012465579226,2.20232217888629,11.4783071284825,7.52129336451244,183.333211181271,323.650965500716,5.57908463913787
2013-06-10,0.675238478766415,0.0818264182769294,0.500320992806129,11.5192096107101,8.40506303301295,212.075140315631,321.02558042368,4.73926010446547
2013-06-11,0.834248204535616,0.452125464824162,1.5052758800287,13.2983060551677,9.44426282590597,296.799058335266,304.66509438511,0
2013-06-12,0.570780398648399,1.896121396369,1.04202562432186,14.4008369532694,7.20208202106604,301.894308068256,287.051228915718,0
2013-06-13,0.360324438441332,2.8619085928437,0.644199133670764,13.5773567099604,3.86606869827792,332.310471664574,280.940696099325,0
2013-06-14,0.195358067336697,0.914748248304954,0.837646407575304,13.8160383273162,5.09782472057499,184.796141151244,333.653800836276,1.21011805340154
2013-06-15,0.982302694359106,-0.0640909808245067,3.6310057930435,13.9089489926458,8.64133750794146,153.360200825098,346.246442350426,6.00268478461291
2013-06-16,0.771750394388006,0.995750488226535,3.80957318804597,13.0412124524321,11.1790481249495,218.984194210526,333.479926082478,1.47140916992997
2013-06-17,0.870140112054962,0.820332244484929,2.01566663903245,13.126338790802,9.79618723407323,204.959884853918,332.833370836446,5.69983094122901
2013-06-18,0.490213003930884,0.446366210227305,0.0314304789639621,13.8914101566388,10.9160364363451,271.170549725223,324.398456655213,0
2013-06-19,0.979857230279887,0.37601104515753,2.49081501047546,15.913144627619,11.769911748892,231.091914464343,341.85343769942,0
2013-06-20,0.449046779593803,0.453915407163977,0.670227374934776,16.4940491777279,11.3758334277854,238.213898219962,330.084851181258,0
2013-06-21,0.274057129146776,1.13155139418886,1.63519256839211,18.1399776740248,11.8075551772728,327.866500693341,298.283582148499,0
2013-06-22,0.273236754709675,1.0067770518568,-0.848338896181982,17.1744506407818,8.60684022003152,313.546300685766,335.470607911175,0
2013-06-23,0.693339923231026,0.986832114866956,2.14975246915182,21.1285340564706,13.8647949023456,293.269639042113,338.448799634059,0
2013-06-24,0.767296113464689,1.30628926123485,1.10772688181302,20.821561707365,13.7629031755229,327.188735465441,316.093558652491,0
2013-06-25,0.151128317228969,-0.739282904477588,-0.184766912496901,19.6068114516143,10.4040040589244,250.048668006559,338.211066701046,0
2013-06-26,0.663347841879767,-0.551687231136303,1.7786978564574,19.3502927042942,13.0943596847846,312.719571304843,337.812595944514,0
2013-06-27,0.0938882672683025,0.123471703048858,2.65772125108344,20.3036910380563,13.6935167701494,318.262765163006,349.219170822194,0
2013-06-28,0.424470842553761,1.46405803209013,3.71484794647147,22.8134835520062,14.8797781121859,315.461350178286,338.076125335341,0
2013-06-29,0.363198055412277,-0.329063279769774,-0.798058462648268,22.5145485151856,12.5400609748682,268.3584799589,347.174248428543,0
2013-06-30,0.477982093809666,-0.153069739368414,1.4873122232141,21.1285340564706,13.4156578897637,331.278563826247,327.130715941206,0
2013-07-01,0.00188698020757285,0.84763299181927,2.89355720920251,21.5244168071195,12.9285344283337,328.70760824148,335.159615682612,0
2013-07-02,0.00188698020757285,-0.219762241106426,0.913348634757568,23.2180087811163,14.1110906323171,330.263074407163,336.108532754189,0
2013-07-03,0.0169096238027485,-0.272410266810064,1.19173277486001,24.4478141278885,13.0935313827799,316.10957871089,341.463845686007,0
2013-07-04,0.0467579973173239,-0.36010489723081,2.09940206908526,24.1979478437959,13.7294951519468,307.90988592116,352.887715566873,0
2013-07-05,0.0964661892405329,-0.388737596652626,2.2258904589029,24.3955220335022,14.7232112716353,305.301239687956,357.533820949738,0
2013-07-06,0.0422888461394352,0.739543704279121,1.69231682877218,24.8046133676069,15.3374184781529,297.004160063292,358.703917429987,0
2013-07-07,0.376374541819414,1.01003604798179,2.84148069017363,24.6963738578594,15.9722285186592,291.614221438714,359.558004803876,0
2013-07-08,0.434403394645422,0.769739430271815,1.5565336128589,24.7721625301831,14.5669483780139,298.320955530554,367.803060571475,0
2013-07-09,0.257589065509943,-0.433233899579427,1.92494968472737,25.2191579691393,15.8124022728524,275.470924708905,364.928633019581,0
2013-07-10,0.438982015571249,0.898622447286551,3.49812589588767,22.8140053173186,15.7982730594436,245.258988312135,355.294570138033,1.88602119228525
2013-07-11,0.492096081336088,0.884618178181328,3.90859192673164,20.6392050717279,13.7934678357257,145.363729526772,358.472622055355,3.16880393514354
2013-07-12,0.881444066927643,2.25549682306731,3.90712973150469,16.4906404170009,11.6481449479674,250.410328856416,343.378684011795,0
2013-07-13,0.616642472086665,1.02555535201292,2.31957200644292,18.7990059564422,13.0757389877814,209.330831949404,352.95693478387,0
2013-07-14,0.575260534348484,0.433517926846776,0.416681223091241,19.5769949614181,12.0771371182681,259.770926892437,343.892004128465,0
2013-07-15,0.382793121873563,-1.72374808252478,0.486037145458973,22.5625741395035,11.8503747767624,258.285095048382,352.887715566873,0
2013-07-16,0.739791774220867,0.421337354051716,2.03301129819161,21.9812025493315,14.3063750462489,245.733851680421,342.605666492337,0
2013-07-17,0.692829674553001,0.666727455749812,2.89924080941386,20.7457949303737,14.2011300638523,255.693050203936,352.471501674877,0
2013-07-18,0.255242099654706,0.507858190474597,2.01252496094286,21.4659734652328,14.1476842614718,302.194435569004,351.472285828555,0
2013-07-19,0.0819448976152524,0.0936130740176732,0.688605459430812,24.4478141278885,15.1581245616651,284.718991359222,360.645545583171,0
2013-07-20,0.0872983828874976,0.249787490514472,2.1200155930959,24.611319521756,14.942298649599,294.445759942725,348.728586000322,0
2013-07-21,0.253058019887331,0.825911072460347,3.14100988709922,24.1482493566039,13.83430190252,301.64731728562,354.356625632883,0
2013-07-22,0.033333849220068,-0.290668323545865,-0.0493366720428348,24.8046295959177,14.6544088718575,281.359300531623,372.876558647086,0
2013-07-23,0.422629607677439,-1.74313702967476,1.01862233954095,25.4313925900864,14.4442625115908,271.398745074471,374.774481687861,0
2013-07-24,0.578118872538127,-3.01992201350039,0.585276915193601,25.4313925900864,14.7287105582377,103.925988013762,390.603350339607,25.7402841098768
2013-07-25,0.965947569163036,-1.90009365605332,0.145762974546279,22.3163082970634,17.2081237925791,212.449539794337,368.864120698867,6.04030389662506
2013-07-26,0.375317165598163,1.02499085610354,1.13613196516818,21.439610236682,16.0687779498995,208.376661583298,346.864220280085,0
2013-07-27,0.454096977626691,0.413541811802804,-0.0473745524815131,19.5918988990143,12.8551676995055,210.142910650314,349.19376633364,0
2013-07-28,0.936316069118247,0.631998349566695,2.50027853926956,20.2248123817141,12.6831920473807,118.075598791632,383.134101395134,10.543398954019
2013-07-29,0.815999060734696,0.462350505586424,3.69958856348341,19.2087414406101,16.0273322982286,159.372657290562,348.434136848559,1.02054090156051
2013-07-30,0.460984421300169,1.22230833642753,3.90712973150469,16.4655321153837,11.6557630539054,217.851976420705,337.124526717723,0
2013-07-31,0.354270878572798,0.611515935370277,0.544771488703049,18.8176896415087,12.8603296970917,207.009533797276,344.655100892514,0
2013-08-01,0.351550377463979,-0.407946666782602,1.59298618132049,19.1310448813172,13.7566335729247,180.477375456666,360.525995872935,0
2013-08-02,0.658083841712309,1.57403904280029,2.20852929001378,20.8662077573699,14.637183308561,284.17815017107,300.031120468392,0
2013-08-03,0.0384151626456174,0.9548464188264,-3.42939867912465,19.0216521460103,4.89689400705356,280.732435576715,299.796107195128,0
2013-08-04,0.402653944568266,0.709941308036043,-0.270934926094479,18.4063774880539,7.58649593436588,256.993685914738,335.913021254024,0
2013-08-05,0.598384330951794,0.96459722128631,-2.31684318527283,21.2018952206244,10.8987370442481,151.251146358565,338.193801003203,0
2013-08-06,0.642225657077194,0.30289788773096,-1.77343787562491,17.774145265331,7.82491868761135,206.252919776311,309.757855424864,0
2013-08-07,0.389193347385253,0.750221345171131,-1.75003671100847,16.421507717975,4.36837552498817,281.703111407988,286.718547608434,0
2013-08-08,0.368882619818985,-0.1080035441659,0.296394938216506,16.6759834797848,6.16736136056734,137.672064113995,326.195186782638,8.246804803977
2013-08-09,0.458053630619304,1.46405803209013,3.19902139502664,15.4641799691623,11.0645879870588,263.713272253703,297.640108076687,0
2013-08-10,0.097482298268741,-0.0894572197335558,-1.92576373610145,16.4821313401188,6.03994103542437,180.267171087287,317.237726897808,0
2013-08-11,0.58744843467648,0.721085953241959,-1.19969623303535,15.7182597518701,6.64515356848865,202.470062153084,319.31909448373,0
2013-08-12,0.737471789053829,1.32231666695088,0.872454684592534,16.5505564130425,6.16736136056734,240.802372642835,312.289769711556,0
2013-08-13,0.331147504759219,2.22090983881167,0.580025501169519,16.8776285933351,6.67598763952437,236.20639032334,303.371240824471,0
2013-08-14,0.794347034477165,0.747488957971582,0.731068663144393,16.3583374774992,6.81082116098078,200.191804321597,330.00432500342,3.1680399626397
2013-08-15,0.608696213754676,0.328960945674626,1.58567436410523,16.6493117837111,11.7475266067372,208.642308621731,331.058877708269,0
2013-08-16,0.468140712252027,-0.753359326881076,-1.81098227303585,16.4034304019234,11.2460521184224,128.801569638907,338.162368381441,2.28113339641094
2013-08-17,0.65957796164316,-0.633851609425761,-0.713336355587968,15.7606863934065,11.4877047883782,112.771957688858,335.612130865735,5.3822959222165
2013-08-18,0.718575042148132,-0.405365955802187,-2.57232474525471,13.1438463818687,9.09872252284115,115.554428925113,337.239558373306,2.39399720093947
2013-08-19,0.608277430269861,-0.49738948688918,-2.95567559073513,13.3815257752653,9.40012054240717,198.955917435866,310.358793759046,0
2013-08-20,0.436472318950231,0.906558832750844,-0.339556140936373,16.1444240709045,9.49086486334791,229.649285595483,309.797745889368,0
2013-08-21,0.548701185609275,0.449308423501797,2.39478599651598,17.8033605446226,11.3853882944304,214.882220927529,317.819670097368,0
2013-08-22,0.132816854259715,0.891411573981078,-1.6762876805007,18.1836902032756,8.52743990980003,234.992014417074,284.964577906261,0
2013-08-23,0.0725404029773895,0.539701223919636,-0.0559923315474224,16.2300959515988,5.26593584763117,228.219492006407,292.520700997464,0
2013-08-24,0.845782608787859,0.137643653930348,0.00805605228240901,16.5043766984324,9.31192012429981,202.007599766141,303.615690706779,0
2013-08-25,0.655072645291204,-0.0649005828301542,1.7280685876339,16.4940491777279,10.2520675585214,129.660324338078,340.770175009555,3.17101538470561
2013-08-26,0.699910130672302,1.32415484932963,3.13479974823191,15.2946240268277,11.0031863207328,80.2615269008246,342.73810980745,6.75025940459473
2013-08-27,0.921161347711042,-0.203909007062315,-3.88788641796863,12.3415676510402,8.73727127689798,92.3818499257555,328.567753922424,0
2013-08-28,0.86167925625756,-0.592505949826199,-5.34276568251521,12.8010768252801,2.43873381792584,113.101901528997,319.589015164765,0
2013-08-29,0.75961756229327,-1.04596892832131,-5.32093299296819,12.8811239631816,1.03682996799092,109.713127527107,302.658308029585,0
2013-08-30,0.530165285155907,-0.665810186436532,-4.5335949633259,11.6723804112291,0.697992919461321,217.091244779123,269.447060815382,0
2013-08-31,0.0436273299552191,-0.138430358501847,-2.36838318083384,12.2404569548949,2.67401777659597,209.861519960387,282.668769869172,0
2014-05-01,0.413805709644029,-0.0257977349600796,-2.40093453647316,6.67825562547051,-4.37939968434117,221.319828385069,260.797507806559,0
2014-05-02,0.587393339294579,0.0057548045655087,-0.73970847189581,7.25888138522401,-2.50326741052142,226.607181040738,271.470783162066,0
2014-05-03,0.518975625197778,0.671544636250016,-2.34195431603525,8.1275777150903,-3.15637598321529,255.693050203936,247.155838317216,0
2014-05-04,0.535448691488898,-0.554240164507427,-1.94927906780818,6.18098100756676,-3.78531516852873,211.925050121456,274.985976957879,0
2014-05-05,0.777856602771356,-0.651754949072132,0.694476627407244,7.35401527560147,-0.931930796926281,231.498911364365,276.068418983662,1.01014031700133
2014-05-06,0.537882101205462,-0.806316521784149,1.0614365268194,7.78603499196587,-1.85988183946739,224.035034045606,281.878647709663,0
2014-05-07,0.696201766294887,-1.65376009799411,1.36700154034727,9.54373708583248,-1.95494521675533,89.5230897036859,324.433196310264,10.2599951706093
2014-05-08,0.997409382832673,-3.94214737177603,1.05579674407383,6.93977978455566,1.26770802427282,39.7846124658953,338.557874325664,12.1880325174216
2014-05-09,0.997667640156826,-3.62358179771295,-1.51050841340133,4.64473725416649,3.8380293629393,79.3754271165915,339.574283612931,9.89809051922213
2014-05-10,0.917816217509126,-2.43549903422144,-0.906187130285631,7.9950667434814,5.8778762577046,161.592001290306,324.002677139163,4.31945938444666
2014-05-11,0.697831720800218,-0.682892525613088,-0.961629605073207,10.2330315806895,7.59121302181618,224.514381642719,301.618990616391,0
2014-05-12,0.769719214547288,0.433517926846776,-0.368455083959091,12.7140522322084,6.29641726325368,239.938150209977,303.888744332686,0
2014-05-13,0.713082903560032,-0.701535236393138,-0.0473745524815131,14.4042266684293,6.81082116098078,230.708766836125,312.573115538251,0
2014-05-14,0.558306311600254,-1.81078090180251,-0.391538427586198,15.2118929699551,8.58055172361412,292.249580694785,292.732678296298,0
2014-05-15,0.265042582873383,-1.98844344326202,-0.127559774303671,15.9654124963027,5.97363705051653,296.011404380209,292.085051190407,0
2014-05-16,0.604756075793264,-2.21309095655508,0.657162223872392,16.1263268225555,6.16736136056734,308.834801565648,280.256293588576,0
2014-05-17,0.545960188711043,-2.82311068961682,-0.0764851963828532,16.0530371759162,4.05350219435956,298.778172392976,281.193746437271,0
2014-05-18,0.702588202966216,-3.51074769520677,-1.12403039207132,16.3709899189777,3.97325852736079,311.323489332135,284.27333055732,0
2014-05-19,0.336875314785117,-1.9397417615902,-0.486562554264489,17.0577737379671,5.65043486314497,315.45173426208,295.25002202605,0
2014-05-20,0.157205160719154,0.078141336495914,-1.35026978901095,20.305638481884,8.74350928441284,310.218811707195,310.626581194887,0
2014-05-21,0.00188698020757285,-0.355344365266337,-0.450217747260943,20.7190374447862,10.3017989478873,290.209461795858,316.384132757166,0
2014-05-22,0.556236612267497,-1.00826469901889,-1.96864201124457,18.2379909346791,6.72457664463894,227.086438850286,300.158468131018,0
2014-05-23,0.514508159605246,-0.928564458786146,-3.70172666858715,12.7156601981317,-0.168020966362305,285.445927953328,287.013058655887,0
2014-05-24,0.631967444166448,-0.109042163154015,-1.18314010486688,13.2674575420762,1.60707062982959,265.65460848959,298.122754570377,1.99136166969824
2014-05-25,0.471173913696739,0.827318555125544,1.77722661481527,13.3632621777062,6.27818134800896,196.058007370593,307.505509105695,7.72921565797225
2014-05-26,0.759816860847398,0.740761136271725,-3.19575776791699,9.18295530132194,3.98387883288086,271.58632934821,286.738518728805,6.43935314191107
2014-05-27,0.490213003930884,0.87752550745567,0.152525094176206,10.4372314476672,4.60959971228749,126.69154936659,312.928887285422,10.9166653935648
2014-05-28,0.974301488891317,1.6695067617816,-5.19606680657826,6.43360437765844,0.602241998136792,192.819722068001,291.295573282294,1.84131188581696
2014-05-29,0.755139073819233,0.836396093094063,-3.10263157638665,8.79703938213302,-2.24921899896775,284.930353456641,270.282346409565,0
2014-05-30,0.420669827202102,0.661935980076035,-0.0207374536343631,10.8498698764272,-0.401870162318514,223.734487827106,297.578284305615,0
2014-05-31,0.589617344453986,0.202558257320766,-0.62058184636193,10.574382464868,2.66620635783991,243.090990214994,301.66180383188,0
2014-06-01,0.713545253686615,0.539995077800285,0.310258905006648,13.1073504945535,4.48054616682891,250.412063528943,316.108062796497,1.29653178742919
2014-06-02,0.558957362130271,0.0832837577300549,-0.516666496137955,13.3442791576728,7.59457854849963,266.816282525763,306.138716621529,0
2014-06-03,0.368983746996711,-0.105443551578339,-0.925196367966009,14.8157586060694,6.96016859487814,252.336076436154,311.983613366259,0
2014-06-04,0.951920224384801,1.19889743515933,2.38297510646516,15.4223189254023,7.13188467328292,312.810331538223,284.474345327181,1.28578761125996
2014-06-05,0.454161877909891,1.58118050167475,-2.07829565465628,12.9608955503389,2.4184944542938,267.778778559462,294.640616330428,1.28248670782914
2014-06-06,0.887278943548332,-0.582997761435554,-3.70023832040578,12.6080499054709,2.72617485306403,195.692385475128,329.197216206053,5.09485030739575
2014-06-07,0.794873503395264,-1.82970117716036,-3.69265699975412,11.8219487635104,7.27603548386867,176.352225801826,343.371972306567,4.89683067768187
2014-06-08,0.92945621763255,-2.07723333076842,-3.02203684922731,14.6146350692982,6.60006892705286,99.7859777757487,361.457078729352,7.94189526730449
2014-06-09,0.791756617148822,-2.64307733198432,-3.42015641789075,14.9147029828298,12.1763755844164,290.049001626192,340.431149610063,0
2014-06-10,0.566504258351806,-1.75720713552903,-2.51887593399381,20.6064770620365,11.4211988469145,240.622418273261,345.019141806921,0
2014-06-11,0.493450004476159,-0.577616868588497,-1.94927906780818,18.7708135367365,9.82669976997657,77.4530676494773,351.963206721306,26.5075457221433
2014-06-12,0.94493345410309,-1.66292995198979,-3.05771475919949,11.6889267776585,10.4324094515139,110.885192786329,352.20051908078,0
2014-06-13,0.932795511107781,-1.58611595750498,-2.58067049346196,11.9696495818284,7.96313562340534,150.230625492518,334.329195062019,2.47052392687391
2014-06-14,0.659526488605395,-1.21288594911719,-3.26617642989485,12.7089503491988,8.05615249828239,124.057493422683,341.85343769942,17.5241604663306
2014-06-15,0.953442816183879,-0.5550925071902,-3.50197533036822,12.0487782025428,9.08914956893356,201.740244036,317.795129312323,0
2014-06-16,0.620360549654493,-0.100015105540101,-0.397949829540598,11.5592970309263,4.90009469072548,239.559774944397,316.744576817751,1.15334765300319
2014-06-17,0.790026408339622,0.593554081855306,3.04506288539716,12.6263092308202,7.53876588434343,224.470246369149,328.352546702046,1.78205064043244
2014-06-18,0.575808278985193,0.139149881445282,1.62958653014323,14.7078709815788,9.86100684106607,262.854410229918,331.978993814526,4.13336435660523
2014-06-19,0.853467291758982,0.157536792491161,1.92601870461727,16.4069230028179,12.2801201221547,227.493266840197,333.83773910622,4.14571923492971
2014-06-20,0.766880092036185,1.26508954733495,4.73230657019756,13.8646615122496,10.2876972096337,125.546693061962,345.965898676313,13.7609038632443
2014-06-21,0.715562099830981,0.347976380267851,4.71304019590365,13.217138189765,11.3824554164962,270.588557370072,308.916807308796,1.92995490895332
2014-06-22,0.737059242815671,1.67044739766104,3.32214534320888,12.9352372687651,7.85229419996513,245.503232341947,309.322841845025,1.3711216517082
2014-06-23,0.631805432370564,0.785255814799296,-0.853165483805012,14.031227748645,8.50130188715049,202.223519555626,319.121297293958,3.29024849099273
2014-06-24,0.730678570243009,0.72208623886935,1.3035387141624,13.7319018452522,9.87828875372561,245.804351803295,311.211023732098,0
2014-06-25,0.471673071871256,0.0227284605339923,0.56572930281015,14.7390567128398,8.59592750740667,142.834504006725,338.250694682773,17.6053218444587
2014-06-26,0.790833665485527,0.902953226701656,2.70810629272277,14.27004626622,11.1485369571246,258.023654029151,307.908646411741,0
2014-06-27,0.265042582873383,3.45646230128122,1.52881494066806,14.0675662122727,6.95483981819242,240.859206329754,318.389671775522,1.6199659480952
2014-06-28,0.727480569953384,1.34860598098451,3.67031886820609,14.3681768724886,9.72996151320382,140.041611865023,349.690956598051,6.81252947736885
2014-06-29,0.673625862971198,0.491982810942202,2.78419173684798,14.0987691013011,12.2431537822985,225.021740179005,329.813684885137,0
2014-06-30,0.878558976572089,-0.226284421871602,0.953407340769642,15.5297073294332,11.1952497453916,192.819722068001,345.652607899943,7.86566305238626
2014-07-01,0.881197570803442,0.637342181970359,-0.277261376559058,16.1148443640055,11.8669183813181,198.112418306898,342.383938741971,0
2014-07-02,0.516919740478299,1.06186320874642,-1.65410046115563,17.2698359739822,11.6247758097967,306.828711633201,332.607273507877,0
2014-07-03,0.203310368562269,0.97337431636537,3.88300349082922,19.452702609671,14.2386952356169,322.505167697062,299.821900226914,0
2014-07-04,0.0759997332063139,3.62835035660648,1.50820561672095,16.3349647416257,6.54140359429727,312.470140377404,289.132514691552,0
2014-07-05,0.389289068655589,2.38186794115185,1.23692570443243,14.987097734237,7.23860744714066,280.460349491319,301.522021192123,1.00656461047182
2014-07-06,0.517258981048511,1.34607364791906,-1.89303517990242,14.4398251855528,5.79469152782714,253.78365288167,307.811385401331,0
2014-07-07,0.711344628300687,-0.143744272710526,-2.11394121969338,14.4366024312419,5.90452019346218,282.549529434474,302.051125835891,0
2014-07-08,0.42853270824725,0.101833860493469,-2.81409847730269,14.8004920509702,5.7038210334033,270.496924473114,306.303106742868,0
2014-07-09,0.331018834567683,0.258516326350403,-0.800798534465219,16.2641239070269,8.6823212108027,201.7677991374,332.480421757388,4.75863511901254
2014-07-10,0.783400448831356,-0.52428525589397,0.874454418588266,15.1018421371249,11.2180799213934,187.283951236254,329.518945400023,6.15880089913632
2014-07-11,0.777787146498485,0.868424687220836,0.291671968211846,14.8022189971544,11.1737372877743,59.1224644690578,353.97506809266,17.4758740563429
2014-07-12,0.999778981869399,-1.11308247938091,-1.94721654560357,12.2632865798358,10.7980661979252,33.3986883159556,366.355291965899,19.9158586477124
2014-07-13,0.99926458762692,0.372400802204794,-4.78338808198383,12.3411345959868,11.3444337206048,123.875397152415,355.976952113519,2.52914329352429
2014-07-14,0.861924740086947,0.777872119764626,-2.6368038898519,14.8452115050677,10.8589846313642,204.934015640467,330.084851181258,0
2014-07-15,0.551288149045762,-0.530653194469495,1.56452014865773,15.0349565852247,10.1149532138514,102.918010837033,347.732822683712,1.82373024236759
2014-07-16,0.889662453203881,-0.958046996280886,1.86477579871351,12.6269441519587,8.71737893805896,212.26866874284,331.528006838486,1.68871414219351
2014-07-17,0.680160337537161,-0.360614366404749,0.036140942746054,14.6077437297998,10.1465010497426,229.480111713275,323.795557868164,0
2014-07-18,0.593935565156986,0.720012282102562,1.92236789184423,15.5297073294332,11.2196019942461,185.584846805463,347.973211112669,3.67843274694246
2014-07-19,0.934073143315416,-0.0439738727467587,3.86744746391744,15.2969594296813,11.888839582738,136.563117788612,361.330381134027,6.24617317395032
2014-07-20,0.873438630946941,1.4919632586872,2.89755221750789,15.7033181961504,12.9812996872556,287.480390335872,301.834494891664,0
2014-07-21,0.283813584002656,2.35244873843877,2.29473204957268,16.3411164852445,9.73865202415874,175.747428703216,339.895842532873,3.80753170319451
2014-07-22,0.847781645295721,0.631998349566695,2.00722425493305,15.6093997733981,12.3440914554439,252.173163744685,315.944041688757,0
2014-07-23,0.620360549654493,1.93071710693052,2.42718416384034,15.780169160502,10.1263318076109,263.914605058931,315.524581480102,1.3545888205397
2014-07-24,0.407015104328279,1.39938764396909,-0.904454391146572,16.1040835365618,9.67619774526078,183.180527122537,342.352397381656,2.71891383359274
2014-07-25,0.680007137848785,0.78358545556051,-0.0319093522614278,16.2962159509411,10.7012377025834,294.332797897524,305.830339925109,0
2014-07-26,0.22831846787636,1.37560803347211,0.928540776273937,17.2767018838493,8.98792129159389,194.736253967755,329.308311778277,0
2014-07-27,0.348730908324453,1.76877039031095,1.90748333695572,16.7119077884522,10.7528286867395,285.382083865863,299.896587546886,0
2014-07-28,0.377748698396025,0.390045208676233,0.463206861233503,17.0596116255893,9.80144643593502,217.851976420705,341.976102038583,2.96037811337316
2014-07-29,0.976113970322686,-0.966896982428949,1.82678664838344,18.7659263237279,12.0366384097551,60.3149372271581,364.799600696571,28.1938304025181
2014-07-30,0.721805642312161,0.738408647701354,2.31511609037356,16.7881228738236,14.1844606285969,226.354126638399,311.797677194966,0
2014-07-31,0.438866110241188,1.231186778361,1.11906870213222,16.6468337906306,10.7546773372107,267.592887273502,313.928001047799,0
2014-08-01,0.706421966444133,0.827318555125544,2.83578534451268,16.575878337778,10.3017989478873,143.676401746745,340.300210572554,2.92275840511669
2014-08-02,0.355811754975097,2.23391558225108,2.86039534862799,16.3877530754415,10.8949030214816,276.222948509883,293.197884766286,0
2014-08-03,0.0656264001897129,1.6073011139746,-0.912665466569088,16.6857055240154,7.69557308380939,242.027035705983,295.855977234103,0
2014-08-04,0.430133159977627,0.58099862754196,0.0884249625146809,14.7945925819644,6.09492252775934,206.621974356401,327.207129822422,2.34767749072474
2014-08-05,0.825924208518113,-0.332328910892332,2.20320340186162,15.4346788470283,10.5639092853525,87.4513079341508,354.166664621788,8.15989753144934
2014-08-06,0.636714653614161,1.40767287015808,1.43327950026861,15.6219290370249,12.5811491728748,151.677097271775,347.832040420487,6.33409698896753
2014-08-07,0.799891918280818,0.50607159063369,2.49105183323852,15.7770777950055,12.8518889435701,137.983627788288,356.341550754645,7.08233249341779
2014-08-08,0.663347367592274,1.15382086871845,0.0751817290591341,15.9654804538686,12.8264501280623,201.776217676078,318.970718626347,1.34625697872116
2014-08-09,0.610820104975456,0.408823101571344,0.146136085655726,14.6639137938124,10.196316894658,166.586720005657,318.785696516537,4.26361412864016
2014-08-10,0.455372057165359,0.691089008410975,0.0563195007424464,13.1548159360164,8.96317141958817,220.161757768574,291.162714914513,1.77563625479323
2014-08-11,0.590526125873962,0.285139919089257,-1.75291293088157,11.8479137734837,5.66798098633618,234.033562989904,287.857147432003,0
2014-08-12,0.526850376582668,0.226599458425651,-2.58460871255138,13.080247804263,4.55478101856144,191.253940148138,304.737820089967,0
2014-08-13,0.899587903306014,0.636403234244548,0.299910109088927,13.2983060551677,5.60765043855294,204.403273348554,298.480509623194,0
2014-08-14,0.526668679714181,2.48197076872395,0.29818890023649,14.7390567128398,6.79660322756109,207.449286596542,307.824395785523,0
2014-08-15,0.588001094073189,2.0093833671505,1.75577929431958,15.388299737747,8.01638199243241,231.475275378868,288.83568711096,0
2014-08-16,0.2756627982606,0.989248563014167,-1.35515004781932,14.2917088936176,5.16582271625414,235.857877687331,280.343562921395,0
2014-08-17,0.52632407986253,0.985715901129237,-1.66307644897348,12.6236193719822,3.12225178990743,241.636830394716,275.870372775166,0
2014-08-18,0.054732899886116,0.553909973288688,-2.41977318575143,12.544510555192,2.96952563607526,239.621963728687,280.672474239632,0
2014-08-19,0.471173913696739,0.639491438872762,1.47501985335728,13.7583095164409,5.74372148990935,177.883028111889,328.171686833061,0
2014-08-20,0.8963503331,1.75087538055677,2.5901213844389,16.1756739545766,11.038252727967,179.81819084882,331.359211601599,0
2014-08-21,0.692725338565081,1.93071710693052,1.98277608488427,17.7399922007083,12.226906964081,190.525530243897,329.197216206053,0
2014-08-22,0.960929009777548,1.40767287015808,2.07807817172481,17.5734459796552,11.5442939960071,67.8126353678018,370.736840588528,4.76582269034048
2014-08-23,0.974353712311511,1.55171614929138,3.72919605089474,16.4281459410327,13.9946640353337,157.998038158432,331.978993814526,2.56515656960861
2014-08-24,0.487013316157047,1.53541340769788,0.496991546076934,14.8313937481014,9.30320966435992,132.921619498564,327.829281405162,17.626698489487
2014-08-25,0.94608683596369,-0.405182073221476,0.334830068310555,12.2044778271819,8.84916790058872,20.5496527254802,355.567957583572,31.2952598305931
2014-08-26,0.987762699637272,2.88690495592838,-4.11473591842458,10.6475679603886,8.26535450105775,119.044676809803,333.334746061264,0
2014-08-27,0.568430616394709,0.82078138408377,-0.737619034835477,13.2682121314457,6.35359237144339,138.569293697904,314.229899464295,0
2014-08-28,0.981350244803813,-0.515598114306595,1.18796275353538,12.1921211308934,8.21079698622518,99.9757399006807,335.953350459567,2.18506770701975
2014-08-29,0.914293761349895,-0.347000128815557,-0.673193518720806,12.4570670794874,10.1124430505284,184.279855643355,305.631844479974,0
2014-08-30,0.362913885735188,0.291874675925368,-0.525257570865952,13.9685439729995,10.053406602159,147.390395760671,318.070725220172,0
2014-08-31,0.604522940235843,-0.75482323581945,-0.575691907990776,13.4535800945991,9.58472676593172,119.674771136438,334.56975789481,0
2015-05-01,0.485204524420575,-0.0640909808245067,-1.17177476924994,7.78603499196587,2.09356914062431,174.058312326744,287.013058655887,0
2015-05-02,0.636086087544596,-0.45948546999701,-3.23118830376338,7.43758046298387,-0.319960396015427,217.724448375143,272.085495612518,0
2015-05-03,0.585153837981678,-0.905345683767822,-1.83069484937805,7.52488997886212,-1.75488659972306,88.4152523515143,307.542115297614,5.00479265163058
2015-05-04,0.99785424563781,-3.59270087236999,0.142565372088477,6.74191717322658,1.87984325462374,75.8441934289162,335.823505038697,1.2944504569899
2015-05-05,0.957795899241545,-2.24696165530908,-0.300010454909097,8.18053973171315,3.94704679266441,183.036306283748,308.117644462741,7.25186304076394
2015-05-06,0.832436099950089,-1.58859513316426,0.28535036443096,9.11180617243789,3.96408636188629,153.588784124522,313.164918711804,0
2015-05-07,0.490940745319467,-0.221512504289902,1.57532396563923,9.54373708583248,6.23769866313631,254.845151729384,286.936456607143,0
2015-05-08,0.76988350618282,0.247354238530944,0.75018842087228,11.8479137734837,5.96491582212214,216.755312328915,295.855977234103,0
2015-05-09,0.648094889213114,0.282392574372943,0.872454684592534,11.9716434807052,5.75111923858096,202.223519555626,295.054275202418,0
2015-05-10,0.663398986811699,-1.62673774439344,-2.79309011909676,10.9129965232479,3.91688594656666,257.989464538312,275.903038195592,0
2015-05-11,0.289519625493581,-0.879795387549186,-0.601399732868877,10.0472275046523,0.834348771432417,297.95509804518,264.832385129264,0
2015-05-12,0.42489689934165,1.10750382353259,2.50793345620416,11.1080475271746,3.11896857012934,293.545188616819,279.31213280888,0
2015-05-13,0.42895803968829,0.575141838811657,-0.157588060800027,13.4535800945991,5.41018569774777,273.072109620223,311.176968188224,0
2015-05-14,0.684695039629629,-0.554773603901005,0.113027076348014,16.1669751942903,7.6897976564958,168.999357638465,335.04361762203,0
2015-05-15,0.742339416902184,-1.00460087224888,0.605195297248189,15.0704848048555,8.33876985650121,221.3070367216,307.586102488473,1.10411306755159
2015-05-16,0.496471917814605,-0.770041749113681,0.543066835747218,12.8103519358453,6.74649082364631,210.111212191434,326.118434284746,3.08891130287158
2015-05-17,0.945453824146902,-2.04036207444307,-0.936866135806818,14.271304819102,7.27093926460268,177.160258823269,329.021806816106,6.66064951221072
2015-05-18,0.767296113464689,-0.180032734413623,-0.00736038129462089,11.8946439635333,9.32311012906789,217.851976420705,322.517747862131,7.76235176610667
2015-05-19,0.740161892528773,0.112999982525636,-1.49661137795888,11.7199892374934,8.60684022003152,134.038385683492,315.339483806179,3.28090496824117
2015-05-20,0.595694848462185,-0.919296114028339,-4.08709013837225,8.17708190399253,2.22297436177242,155.440080961842,303.536775689868,6.08714847166411
2015-05-21,0.588761242605856,0.725859577553327,-4.46929803738165,10.0723162388328,4.18445310790788,290.620979611897,293.848704697501,0
2015-05-22,0.463091382383018,0.0264315411611732,-1.77481306542892,14.1240766167461,5.6027028860319,210.606373201957,305.631844479974,4.7919205722691
2015-05-23,0.746273351201236,-0.428387548054084,-2.25577737257719,10.9603358442005,4.49249038585227,282.651033494322,267.805900368264,0
2015-05-24,0.389555679179974,-0.707413858951108,-5.32093299296819,9.10051926767321,-2.65205195076078,242.285870074592,282.99392807379,0
2015-05-25,0.78939579210471,-0.863635978304405,-5.32093299296819,8.8566045963277,-2.45422077268321,68.6632751433703,327.252510154834,7.62120727937205
2015-05-26,0.941907177676932,-2.66193203172148,-4.52409640033139,7.10962797694759,3.51793903509978,191.807347217311,318.743688170879,1.15405144382549
2015-05-27,0.819195797290289,-2.34133078355198,-1.95028005544288,11.6473862651255,2.588034268111,192.816964576107,336.046105384546,8.23936180508694
2015-05-28,0.977867798818186,-3.56062760836672,-3.46197015626637,14.9973904894816,9.14718509670105,156.715269242226,340.064133461454,2.1610112745922
2015-05-29,0.721492215306925,-1.72252483561228,-0.172821089618623,13.6644684250552,9.44007343951329,281.703111407988,309.434814628198,0
2015-05-30,0.485822831034035,-0.742242825025678,-1.72116302231373,16.72067902567,8.8952669312527,128.988015894937,358.059991709787,0
2015-05-31,0.978784190905052,-2.03520277480126,-1.33222662834968,18.0943425092665,11.6546533017588,220.357442557723,354.23310805776,2.16947811074676
2015-06-01,0.685935310047648,-2.43593583772103,0.101739495705156,18.0315415399209,13.159099707809,103.495183566111,360.525995872935,1.68444404155947
2015-06-02,0.682121064104135,-1.22683893659752,1.58452591384135,15.2419360743751,12.3096606938831,248.767115324465,340.792604176513,0
2015-06-03,0.315517257717294,0.433888418276566,1.48139363821429,17.589384250211,12.8160177626997,319.136037000935,306.374265111286,0
2015-06-04,0.51412721372438,1.21863817626824,3.32420664858805,16.9215170888743,9.57947430052755,252.746665653322,328.567753922424,0
2015-06-05,0.831521705238023,1.3205298980005,2.61178355855673,15.9077069386572,10.3981036232301,104.16871389887,344.321075601605,7.56968054925588
2015-06-06,0.919769502353733,0.590395134459905,1.25857743293496,13.0648271951959,11.3783776025576,184.662473101514,354.071110489393,3.67352888848116
2015-06-07,0.76988350618282,-1.3895371278897,0.521469737877164,17.6628128919941,13.69408613725,259.758933535074,334.066918732181,1.93683876521816
2015-06-08,0.590804629930515,0.275748921341615,4.64061465120503,14.9564332303237,9.37164751864383,67.8076336341541,347.833104800804,9.93976392707919
2015-06-09,0.828941518569622,-0.94544047035016,3.69962218964008,12.1724908036768,10.8832939077953,252.781407432234,307.117689703346,1.04269251054164
2015-06-10,0.376280870249739,0.603164259439001,2.8661185649378,12.1137924285498,6.4581545664508,287.607452650385,294.257749532993,0
2015-06-11,0.399762461320929,0.445999190484758,0.661198607968195,14.1811701479255,7.32973877577946,267.684177785057,300.436466456332,2.03843848704436
2015-06-12,0.362913885735188,0.00409119227987884,2.1186726549237,13.5810377050006,8.83348622679922,281.111989104245,311.330033203952,1.57096340059298
2015-06-13,0.459354185808443,0.680222596640908,-0.41071497315975,15.1065931051342,9.47921893781616,314.139288452162,304.903019820998,0
2015-06-14,0.667845654642688,0.818136232467545,1.98016956539782,16.2304525377526,9.31675392868691,191.866985738219,337.12248452298,5.26118287862476
2015-06-15,0.566504258351806,1.34600082578649,2.12514972061,14.4785208659907,10.0906048737668,245.733851680421,305.438379356695,0
2015-06-16,0.532668187802838,1.13519471865864,-1.24432288100917,13.3854925227681,5.30851202079464,239.25629649864,316.093558652491,1.1269092109443
2015-06-17,0.578976562078859,1.17886344364468,-3.52704899616563,14.1618379326694,5.84621803162642,231.779231795285,338.933954667676,0
2015-06-18,0.46652580833731,-0.504751539288729,-3.31396669565765,18.0261115810811,11.9942786520662,302.187567304352,340.173549587423,0
2015-06-19,0.422629607677439,0.514019768677481,-1.90262411284475,21.7530067290438,12.0230122123885,277.348442843163,340.437102885494,0
2015-06-20,0.31557438346788,-1.60239483099026,-2.32827105810537,20.8403592787385,12.287266245471,272.201839657528,324.597486457088,0
2015-06-21,0.510489800824399,-1.73226727787627,-1.32757690387578,20.868421995615,10.3339919665468,307.594395534185,324.776645743816,0
2015-06-22,0.218298476418581,0.03312571517306,-0.00588910969944181,20.7318945602431,12.5260954663295,284.738652294966,341.26725329634,0
2015-06-23,0.296567782064889,0.285267113989736,-0.589422519693357,21.7595802340909,13.8323189661767,274.306526866039,342.825244760049,0
2015-06-24,0.224325487980202,0.773856779415208,1.35962861397219,22.5625741395035,13.4640728435928,308.280895672512,334.279179994745,0
2015-06-25,0.262417646610676,0.242458524691348,1.63019523567925,21.8370509026112,13.582292510853,275.712960812924,354.823001108323,0
2015-06-26,0.80050777676316,0.264655033967814,1.47706800637135,21.8028056845685,14.4418040301068,261.013919520838,360.765638688772,0
2015-06-27,0.926309772332236,0.178910330119432,-0.158129547454898,23.2180087811163,15.059295743841,316.10957871089,353.505150383691,0
2015-06-28,0.399481734531275,1.31519291039315,-0.357940369326193,24.4604439680676,13.1384054108492,328.70760824148,329.228309647637,0
2015-06-29,0.168154616530509,0.459849701363456,-0.589422519693357,22.3117301058279,10.469806640257,310.751148393975,330.304589659872,0
2015-06-30,0.344449784409651,1.43094296352269,0.786779562473824,22.19985746416,10.1623645316879,285.403446292252,319.50304760658,0
2015-07-01,0.77501620819946,-0.526992234583477,-2.88297569947585,20.2248123817141,5.50520253315907,329.534889747376,312.616591965514,0
2015-07-02,0.161100540719466,-0.243764909015092,2.18592376004324,20.2766860656733,9.46547067400251,308.715194298398,329.999599078843,0
2015-07-03,0.524964027296327,0.0764570144865643,2.97892480682478,19.8942762317157,12.8313155728211,270.602144968905,357.533820949738,0
2015-07-04,0.389416865275891,-0.707413858951108,0.310258905006648,21.4133103360807,13.4396073304375,306.189333394996,333.916089293596,0
2015-07-05,0.267900725288159,0.0590733073020109,2.45807137820404,20.8300239865933,11.6557630539054,293.977330418552,334.907652095022,0
2015-07-06,0.580863526929738,-0.362736704664979,-0.486562554264489,21.7376888780529,12.4227875041183,271.59949734867,354.778930903642,0
2015-07-07,0.31438408933718,-2.01991442917803,-1.09749881580821,23.2180087811163,12.1877126521832,213.973357089566,369.88385640236,0
2015-07-08,0.506280496448108,-1.44406483087856,1.11757085106774,24.1288312385208,13.2931262856128,259.99315543522,361.957001245045,0
2015-07-09,0.438982015571249,-0.402335595179187,0.588173759624921,23.8355046901663,13.7485114374193,215.984225538891,369.097696572417,0
2015-07-10,0.379650431352125,-0.878749545955396,-0.307831184182892,24.477207277015,12.8709262035803,271.259791011557,369.88385640236,0
2015-07-11,0.490677532766484,-0.86187653487387,-0.202724873762116,25.2191579691393,13.8867870029458,238.672300173765,381.965408124292,0
2015-07-12,0.636997845009948,-1.55696404745668,-1.49769419460452,25.4313925900864,12.575955019433,245.651854334176,375.007270840185,0
2015-07-13,0.340988888939982,-1.37477229860628,-2.86917710921173,24.900535089745,15.0087906804116,253.78365288167,364.995617001087,0
2015-07-14,0.420743673115535,-1.00460087224888,-2.10304625589047,24.8046295959177,13.6153980432076,223.341855206111,370.403590523522,4.19362774315554
2015-07-15,0.827352125325098,-0.295623625560109,-0.813261389408226,24.1482493566039,15.8071050436508,220.357442557723,371.149008572432,1.88602119228525
2015-07-16,0.728797706644937,-0.17972409935169,0.319649917099158,22.4919054506068,16.8838501870689,223.245239445209,368.095682564969,2.44462788494368
2015-07-17,0.508118498553709,0.0764570144865643,3.07223354294151,21.2566973454886,16.2648619895614,190.247310738451,366.425823663828,2.92480555352715
2015-07-18,0.894233982766543,-1.29330662966346,2.50881171651878,19.9837398241885,14.2603139711409,76.5939876079157,367.005039845794,17.5241604663306
2015-07-19,0.975682920013542,2.19907262859199,2.14762711275587,14.8814894550788,11.347096295837,118.427800231882,343.894595304218,8.23936180508694
2015-07-20,0.876334413579599,1.74142542386403,3.63040304690648,13.426402388931,10.4324094515139,251.352074335133,318.117590056391,0
2015-07-21,0.386079361776185,0.762148589553755,1.24197389214089,15.8428940211553,9.1392025683565,260.07807304405,315.53945709518,0
2015-07-22,0.487148828072023,0.970837053893199,1.97375791768297,17.3050422744902,11.0053639752057,220.062419451917,325.410846280203,3.43440186055571
2015-07-23,0.810869450674442,-0.36131484058809,2.66221167660973,15.4223189254023,10.2418909445906,219.18813420807,321.531144223482,2.36980060246896
2015-07-24,0.603320456238004,0.281955771951682,1.09039504223982,16.1603004999994,11.1178186150087,235.670686444749,322.321120719453,3.08563825729667
2015-07-25,0.506589476772406,0.868424687220836,0.487079280033342,17.0928169048216,11.347096295837,271.407457602968,316.545955875949,1.00148920900929
2015-07-26,0.486230822462744,0.863410901907276,1.81618042026561,17.4074701132364,12.0365749343617,138.604344427025,355.85250737675,2.22009355663193
2015-07-27,0.751869307809959,-1.29579763445807,1.13613196516818,17.2055532448581,11.8266380794065,128.930898570209,359.726937584782,7.43375102739757
2015-07-28,0.893941048226177,-0.022696645004816,0.32344658833181,16.4984591783765,14.07931490292,164.414574128882,348.694049134599,7.71628700557923
2015-07-29,0.707994914823977,0.893344852650937,3.92676109381902,15.2118929699551,11.8537114634691,200.519182405071,334.706033868029,1.34213696511962
2015-07-30,0.371029700653597,-0.00393649016303434,1.73476893460795,15.8541845745237,11.0051729198768,210.606373201957,327.464304576632,1.48585116598321
2015-07-31,0.604522940235843,0.0840736288333237,2.98780627407477,16.2962159509411,11.3113255011543,104.009609501035,347.596350941636,10.2097509873232
2015-08-01,0.76631132210441,0.29603522895693,2.62250027567967,14.9782602285375,13.2608644939674,234.151198324371,331.781721177235,0
2015-08-02,0.330957848861477,2.03012909796868,2.29715502216163,16.4250099230077,11.3257314664937,241.002679012248,310.626581194887,0
2015-08-03,0.32186496085702,2.43810760956399,2.14762711275587,16.3349647416257,9.69175166078583,241.390884918816,302.051125835891,2.44844113731388
2015-08-04,0.329469399947408,1.01151969202966,1.39522634446351,15.4475656256398,9.53890626728341,245.804351803295,299.844277581045,0
2015-08-05,0.334240461889163,0.671544636250016,2.3396563794896,15.4044824040249,10.1124430505284,195.965325682315,314.048325996643,4.54557793378655
2015-08-06,0.417333353504985,0.0733678720679645,2.17638553520157,15.5229216607269,11.44308289039,172.348785799263,352.00939719061,5.08796426743777
2015-08-07,0.992359067549341,-2.89727678712819,-0.41071497315975,17.6766388285647,12.6245094650169,36.3589248326039,390.603350339607,19.8957773403102
2015-08-08,0.999379274168966,-1.74313702967476,1.35687864386589,17.8888152843402,16.7587615007486,148.745798833788,364.238450362225,0
2015-08-09,0.567733996203401,0.53821920595953,2.432729850024,17.3395530570085,14.3020522954743,124.083737895879,353.505996935157,5.02517152667392
2015-08-10,0.692373588096211,0.919600760939845,2.96138636247936,16.0339676564166,13.6986158554616,164.373477973038,346.246442350426,0
2015-08-11,0.52074345077913,0.556059703836935,0.807126354012287,16.677255704025,13.4071124352885,202.694372213982,338.821682663642,0
2015-08-12,0.578368831241782,0.378244998600776,0.473361533770526,18.0744708608796,13.4631464970427,231.021110728542,335.641451762261,0
2015-08-13,0.526526403084167,0.561566267896839,2.50080667975366,18.4434322875337,13.7565153016349,216.788349115983,334.284964515983,0
2015-08-14,0.288543087280175,0.147597347222545,0.997316806791213,17.7399922007083,13.023116867268,180.267171087287,351.38689323091,0
2015-08-15,0.584235767292367,-0.824301311057974,0.282206641860224,19.9029462370265,14.2076533096558,167.551377058461,360.589058179806,0
2015-08-16,0.623524771139696,-0.541946173320266,0.493005260955717,20.0540835966705,15.5718685196002,181.234482937111,351.472285828555,7.07101005114725
2015-08-17,0.876807225337296,0.180378180317597,4.57560186032196,17.2562555486121,13.4352736179148,169.888764683542,342.650299142276,9.29255082832992
2015-08-18,0.50501223454988,2.46095563353494,3.98084025066659,15.375747966043,11.7582461465886,140.136605814024,333.127527864128,10.2868818414892
2015-08-19,0.665068661990333,1.35290518372029,0.438263083313827,14.994411233316,11.2721813391215,146.458434841197,314.11386695885,5.06953425329309
2015-08-20,0.586989030346602,1.06943010418145,-0.946415164615688,12.9357476691268,5.75111923858096,226.079123290495,284.200189841362,0
2015-08-21,0.210738181753416,1.48383507363586,-1.07338171619582,14.3447746705238,4.77637923953314,183.993039940096,309.451578205186,0
2015-08-22,0.763994897795312,-0.694616119613145,-0.958307093876505,14.3447198257606,7.42861482403399,128.228324016119,336.653410021379,3.69711316763319
2015-08-23,0.986905453253998,-2.16869314278111,-0.212589444946519,14.4582096211553,8.67700360023519,31.8525711660146,363.810819540784,8.0401834718828
2015-08-24,0.995136448668042,-3.72507700071713,-2.46369536940411,12.9437595099732,10.9602410580098,14.3115437296579,372.295502221687,19.2718075248515
2015-08-25,0.999743526734097,-0.859404105120843,-3.69265699975412,12.7959531143141,11.9599755189089,46.0792358047149,357.742544967629,8.98800362132015
2015-08-26,0.953155027030486,0.573863834515283,-2.39426291745277,12.8555748045471,10.830057637542,147.522009324952,335.92737950151,0
2015-08-27,0.855010181803068,0.442324848875465,-1.23933806930294,14.9002225791983,10.0786964816858,176.821552761999,319.525678101993,0
2015-08-28,0.48513673548693,-0.665493509346373,-2.42577422091138,14.4801747465124,8.01638199243241,122.581849775075,342.426702871153,0
2015-08-29,0.775976803934685,-1.02921683548656,-0.707610991719866,14.985924482327,9.04126674638955,102.998440171178,339.968749578246,0
2015-08-30,0.794789531498713,-0.870696412714389,2.1340512389355,14.558497158871,9.74301998718428,123.727102543508,351.841614471784,15.3530971982979
2015-08-31,0.974301488891317,-1.72374808252478,3.36058757856258,15.2682731972519,11.8036594098377,104.137644188786,346.428952341979,4.75743567530984
2016-05-01,0.677141605871459,0.98277116093801,2.79449290942386,7.18794415045364,1.7485032666977,208.60068736595,288.202786106037,0
2016-05-02,0.962941568339516,-0.11395697110079,4.13032914666626,8.06426275332909,2.02327568773524,37.0855257261696,343.713028676326,8.4021715111295
2016-05-03,0.982218244509304,-0.613053823150939,2.73418109668584,8.1277601444497,6.68254425220694,268.161204341565,275.015009348142,0
2016-05-04,0.245738151656315,0.784119616241346,1.50137286855546,8.81161223227635,2.71411284993471,230.512150714543,280.256266340221,0
2016-05-05,0.976114092897804,0.739543704279121,3.32534084780119,9.20125137002978,3.91341536431644,216.300518189326,305.287943820204,0
2016-05-06,0.620360549654493,0.460590571755321,3.71449391515493,10.8472095428788,6.23769866313631,250.029167342765,297.450785792632,0
2016-05-07,0.805705214303769,0.342383303365849,2.78431213686951,12.3415676510402,6.73472745680652,263.30870161968,300.114266314307,0
2016-05-08,0.604710742049686,-0.401094029921838,3.22495000663566,14.2241389053105,8.62882017207601,262.446506472374,307.758425647443,0
2016-05-09,0.654313359708873,-0.6479211691435,3.25954786655066,15.1102345827222,9.9427959310594,183.758966218846,335.612130865735,0
2016-05-10,0.941981062034764,0.320194235783742,1.21899340962672,14.9973904894816,11.2406803599304,281.35057902151,288.092931637788,0
2016-05-11,0.235406271276511,0.0203630115128585,-3.15707462739091,13.3757105427062,2.93417471141659,298.629042367338,277.248267976753,0
2016-05-12,0.0332701085289195,-1.30731198825603,-3.0419684366492,13.1532090790296,3.1233598145932,304.980050671356,272.567019731074,0
2016-05-13,0.265042582873383,-0.496119559771467,-1.37425207081203,13.0961979629983,4.84546834226295,303.414951150547,284.474345327181,0
2016-05-14,0.132816854259715,-0.714563190971265,0.508121463652186,15.7273127342187,7.04148798866308,306.922216788593,284.902484046909,0
2016-05-15,0.065449394670348,-1.26176693169034,0.931891130633328,16.0495758082397,6.10964691452774,284.864701774957,295.073465655825,0
2016-05-16,0.194925056623684,-1.46287577883129,0.885848475699443,15.460284752511,7.61131828354765,216.78686987281,328.175519767988,1.87862570295226
2016-05-17,0.312479642245121,-2.16864007526775,-0.683228171865838,16.3362735713791,11.6739189259148,261.0133705426,332.833370836446,0
2016-05-18,0.231346014664295,-2.13630551632284,-1.50084191882045,19.0179604718113,12.72119111898,257.989464538312,327.947792215185,0
2016-05-19,0.203565845423129,-1.00026375863562,-1.65414389172255,19.5438937400981,11.6739189259148,272.526259788378,327.85598980377,0
2016-05-20,0.636722671770857,-0.629299184984395,-0.23508866678864,16.7376271784895,9.46801441345377,158.807082314123,353.189754026783,0
2016-05-21,0.639511562212952,0.742641436692123,3.02144279248829,14.3643531841811,10.6401867351522,284.693648315016,304.903019820998,0
2016-05-22,0.607401941056565,1.8948100237524,2.70051793782766,14.4758761994064,6.7614114263986,241.035880639159,298.122754570377,0
2016-05-23,0.616553484068979,-0.201599805792936,-3.18376715003631,12.3624962094132,1.21760075444364,204.4281035096,299.532572654378,4.1452238043231
2016-05-24,0.551099695648664,-0.420303696728495,-1.1081823335704,9.75011824985303,3.94704679266441,253.99725968364,297.849877721998,0
2016-05-25,0.44387737529786,0.258283022437488,1.47502007101918,11.359568511423,2.27004224713223,176.821552761999,326.89207797371,0
2016-05-26,0.863060311227561,-1.72374808252478,-2.42617391666745,14.4337995449376,4.89689400705356,284.155295441454,316.479681775497,0
2016-05-27,0.394838672795362,-2.90856112416424,-1.40363768058913,17.0911854098596,7.20958106959259,286.371114636066,323.491831633609,0
2016-05-28,0.615244067414737,-2.48990721216687,-1.03075996270174,18.2087674095024,8.17771950773284,296.715800163652,324.994063341801,0
2016-05-29,0.164184821255935,-2.62998456896026,-0.546137507573934,19.607124175859,9.1225846536908,262.236919263879,345.210367670672,0
2016-05-30,0.699915105123696,-3.30627352061494,-1.18565869217074,20.547042015226,10.4638004866013,173.845577647782,359.355043553016,0
2016-05-31,0.893005888494404,-2.55456143787532,-0.768074446638644,19.1706629811535,11.5782022655494,161.951632282227,365.251527413914,0
2016-06-01,0.913716423494414,-1.68264042230173,-1.53790173402455,19.6443622904594,11.8525565420987,199.110328197423,361.530840444689,1.00815547406435
2016-06-02,0.642014683698499,-1.64528149328638,-0.481831851787088,20.3352646612775,13.3765478211413,140.688566544927,363.504296338216,7.50676677176278
2016-06-03,0.820098208710597,-0.362653212763364,-2.40073281107405,18.4793601762929,14.475375823177,320.37259552452,305.730424292018,0
2016-06-04,0.00926741182382537,-0.682044404065439,-2.07139554530944,18.3017189216,7.5303597550456,304.334299150214,312.6459352891,0
2016-06-05,0.394838672795362,-0.0805290191661901,1.72437581553935,18.8542568786479,11.0586792811845,189.593520916571,353.226905676346,11.8518780274753
2016-06-06,0.945928387477714,-0.663322678980514,3.7677008166305,16.3867451135639,11.5642073883835,127.390418174955,355.567957583572,7.41195591074207
2016-06-07,0.681917086221561,0.443215386128267,3.32214534320888,14.2193566612177,11.0541119626227,94.3434032874067,329.422477696772,7.08233249341779
2016-06-08,0.831915077931477,1.34130547432111,3.34241623451326,11.767392404683,8.89873945508968,122.952208783377,340.103661854479,9.98239914808599
2016-06-09,0.982302694359106,1.26750239142975,-2.91856060683756,11.5449245571492,7.01283338630845,59.1224644690578,336.269129325984,14.8897851287881
2016-06-10,0.98875359617267,1.53897931449915,-4.48199334911536,9.48000937572134,3.11982279782696,283.278980245567,292.584159445026,0
2016-06-11,0.708639739162747,1.48383507363586,-2.71639461618697,11.7855419522912,-0.644089597378081,226.587628599078,303.689724277141,0
2016-06-12,0.663347367592274,0.589548774872309,-1.77090250311599,12.7336157091431,3.24771142223715,265.278206750543,303.23214286998,0
2016-06-13,0.77374210322694,-0.940832643152793,0.333909493596442,12.8923590140812,4.89689400705356,126.801179102836,349.19376633364,4.01740730717387
2016-06-14,0.970747790871122,-1.91228186039235,-0.79344101042649,14.0051825803256,10.0761668805527,127.112089402399,354.57513884714,10.6308391910463
2016-06-15,0.921711420021266,-1.16653197916717,-0.438486904449676,14.3138007990904,12.6995257119042,132.808380715286,355.976952113519,10.2599951706093
2016-06-16,0.98700479576587,0.639491438872762,0.504038976474518,14.0263278331489,11.8922196710938,176.317510083476,354.782242757991,7.3198437296635
2016-06-17,0.974268008036485,-0.224319055043628,-1.33818537641775,14.3576034347488,11.7799054044729,137.709607561749,350.28334277774,10.197933836503
2016-06-18,0.934735627014136,-0.47060885577702,-1.31788564984833,14.4109557244838,11.4724840528459,189.256849325248,339.134981687851,6.4996979786744
2016-06-19,0.839370592489702,-0.52301785253964,0.657162223872392,14.1897439819464,9.48789594183202,143.330121540145,347.598714613396,10.5631521023697
2016-06-20,0.965768612008902,-1.74313702967476,2.18140440631362,12.7140522322084,9.29611175698314,185.558841541227,335.380053052786,8.60023223555496
2016-06-21,0.717718287659164,0.115238278449812,2.14762711275587,12.7760980430162,10.5700214987348,193.942302319768,335.491727246793,3.74108494542669
2016-06-22,0.757855190346382,0.242228173621109,2.27189011893298,13.7916600375827,11.0377530560755,187.936072484025,347.346895840396,0
2016-06-23,0.685282002857136,-0.322415000159641,1.05067608811841,14.4785208659907,10.2876972096337,253.244687769449,330.00432500342,0
2016-06-24,0.470400694681172,0.242228173621109,-1.56866460016589,18.4546659556503,11.5442939960071,250.064408713081,336.777716683834,0
2016-06-25,0.680559224063153,-0.329651695816741,1.24814869117558,17.4215197135451,12.6074534228259,236.481222443309,343.436736601464,6.24429638930296
2016-06-26,0.598788622934358,-0.270397489255827,-1.38010643715727,16.5257341435287,13.2782226266253,162.658506707621,346.803856237078,6.18817016842877
2016-06-27,0.683626731098016,-1.76989887561358,-2.86168187864146,16.0606794023276,12.204242751365,260.07807304405,326.118434284746,0
2016-06-28,0.218364319702361,-1.31874148142758,-3.491018525341,16.6596326506168,8.11751960593467,253.93500830576,332.432013933522,0
2016-06-29,0.45740973004457,-1.19376331988651,-3.23174568197334,18.1488002002122,10.3906225553686,147.245761639974,365.747438463037,0
2016-06-30,0.808074056385352,-0.0881773099143112,-2.36994736120577,18.570221719338,11.8276717207266,195.475505471719,357.304180063043,0
2016-07-01,0.603947455059466,0.183544927479766,-1.6674006292436,19.6800356897382,12.7245891312258,271.59949734867,343.968201991323,0
2016-07-02,0.614600772953612,1.043040287465,0.655623506196784,20.6823486404849,13.405198483874,263.6851243325,317.148472644182,0
2016-07-03,0.404827268798299,-0.35792906846124,-3.06392572460543,17.7877701201946,7.35856028453613,325.106652012796,296.766888416967,0
2016-07-04,0.299956740700779,0.374470811982099,0.161495306576815,16.4606031652825,7.57362232682058,280.410447431119,340.437102885494,0
2016-07-05,0.376829723102002,0.595671652754565,1.92557465555434,19.3899867528093,13.1982015743992,306.602620042976,349.154040163323,0
2016-07-06,0.276376168962891,0.10587652637622,2.19693635931435,20.6233564249482,14.8485573783952,291.632246075193,343.301871157723,0
2016-07-07,0.722442372367121,0.512041895585641,2.9801131870973,21.1000100019098,13.98933063303,260.317250050286,348.152281218427,0
2016-07-08,0.757855190346382,0.00468792514944612,2.86660995235601,21.4218414281277,14.0417969761053,145.363729526772,373.249593194922,3.7249117016704
2016-07-09,0.999257659032069,-0.930203505158517,1.81794634153748,20.717637208517,15.2022407306476,115.709248096881,379.316045710446,4.75863511901254
2016-07-10,0.829582513590598,0.736122700434049,4.248762838581,18.5467047090399,16.050205556991,164.414574128882,354.690122467663,6.98893315241609
2016-07-11,0.407015104328279,1.6210890466418,4.38039703582257,16.3677467363902,12.9388623543499,235.290134510339,324.740287315182,0
2016-07-12,0.468140712252027,0.604795806795402,3.12739319657283,16.0937003016813,10.9263342493735,204.636343368379,343.301871157723,0
2016-07-13,0.48854767528328,-0.420087013170016,2.49005260257158,16.8161846215169,11.6843649588631,206.191333975998,349.277401338465,0
2016-07-14,0.939081837749238,-0.136842056573659,2.98230669711391,16.7367174597364,11.8199515307333,115.526517777136,359.756012053358,5.26137820668338
2016-07-15,0.720103564218568,-0.637223300210303,1.98612227137806,16.8421673756232,14.3020522954743,187.021243611735,358.059991709787,2.38482113158967
2016-07-16,0.887295370570836,-0.488688517950269,2.43316427639223,17.7425293768319,13.7129938417158,82.2591028075043,364.462166242423,25.9109824523198
2016-07-17,0.960921651733388,-0.933286903760506,-0.0271147854675755,15.8766944288765,14.0062257529536,241.972539185836,334.071696456491,2.97095625059421
2016-07-18,0.398650645414079,1.19176463318256,3.59316995634433,16.0142279175332,11.6832613769388,270.048107568847,304.336593346172,0
2016-07-19,0.224919501454274,2.19486417908368,-0.978674991519768,16.0606794023276,6.38491625875089,267.539576362651,297.176215563032,0
2016-07-20,0.181162025439299,1.67004573672626,1.2799225186405,15.3235353633428,6.73472745680652,307.340601551725,287.160792315533,0
2016-07-21,0.0153702022024759,2.91411917604021,0.917112565149609,16.2641239070269,6.20879634244371,259.99315543522,307.201138289676,0
2016-07-22,0.511042502370972,0.895932056924065,1.07909226213145,16.1054199161149,8.65119974253039,235.284230338689,321.843057872255,0
2016-07-23,0.357446022721847,0.25133154330715,0.777683154887718,17.1698873711384,11.0541119626227,220.159553633224,329.979226151667,1.51581480401917
2016-07-24,0.818902133556193,1.70578836209485,3.71168921547474,16.3192442034836,10.6452703299102,62.1404527710427,375.364278862124,8.43123839782787
2016-07-25,0.997607156547827,0.454333699548121,5.36433799665241,15.9387471984441,13.7629031755229,55.8748093752464,379.316045710446,9.25793914759535
2016-07-26,0.908896091333521,-0.0686744503087363,0.701459821083362,16.5814982568996,15.1727924843615,132.522409782175,358.550085479,2.81154321666761
2016-07-27,0.858223114854654,0.861569853404727,-0.44936594223808,16.4770130040629,11.6637276453942,89.5403869551335,350.12396230368,7.80656957394065
2016-07-28,0.768290008197252,-0.256822367376861,4.42732849692206,14.2917088936176,12.1699185997943,226.083070022573,326.047002517819,1.39302122002873
2016-07-29,0.463773829867197,1.28985577939626,3.67930422956841,14.1760874598824,10.0002798690066,185.065662977592,322.738694094423,4.70059361161588
2016-07-30,0.790984341513197,-0.573309873213734,0.687432038319252,13.9152100301638,10.8774404242867,232.698020959259,327.689623650391,0
2016-07-31,0.447273282375321,0.350517154027107,0.439459011258158,15.5677680506345,11.7996936677028,237.116694828724,327.016234560859,0
2016-08-01,0.685256031310255,-0.405182073221476,1.3019659507795,16.1529014342683,11.2105895015966,82.7155054722749,365.832663267057,6.66064951221072
2016-08-02,0.995136448668042,-2.23939514963556,1.01629648409944,16.3168971286257,12.9110567676882,85.4823483116168,366.780391886411,7.74589479291663
2016-08-03,0.941995759260046,-1.13084723600932,2.51648462944946,15.5051964530922,14.0667185128802,88.051197062378,348.64534619675,8.69738708753555
2016-08-04,0.686200074039407,-0.362557478572352,2.87721683828612,14.4309089067109,12.6164516448582,129.088948723896,328.195244781098,8.62915657269406
2016-08-05,0.808569898333252,0.0328146906422437,2.69382729944483,13.126338790802,10.2118308967156,177.393150747885,327.645281434864,2.46065425908299
2016-08-06,0.813489618474781,0.87898753724324,1.94212378286795,14.2030874809185,11.1512256480908,228.286247064871,316.318200653119,0
2016-08-07,0.461219474937553,0.832746860221186,2.55810598890381,15.1587932643988,11.0586792811845,75.7940931105898,365.496809504459,14.9416509049037
2016-08-08,0.997687224278873,-1.68138208348483,3.7530799234641,15.2519864346481,13.3967434435347,39.7586932799097,374.620107418451,19.9158586477124
2016-08-09,0.977872240719574,-2.26455470032115,1.57402806284697,14.987097734237,14.3473614346742,100.740947972112,365.859665377577,7.56968054925588
2016-08-10,0.897941793587453,-1.14820260720421,0.46746444521888,15.5133652750811,14.0667185128802,98.2358397140142,359.420822486815,8.44324510295069
2016-08-11,0.908077073082787,-1.79542616380753,0.674283500243005,14.9973904894816,13.5199656210965,82.8901043065627,367.322572010664,21.5691988948223
2016-08-12,0.974301488891317,-2.89506815173434,-0.667708404532726,16.0418302724997,14.5027041078742,100.951366184661,368.828475520627,8.246804803977
2016-08-13,0.984054190161725,-1.76989887561358,-3.96292055617104,16.3401038857466,13.5678410772363,138.552440722822,344.27099854725,0
2016-08-14,0.682297379077523,-0.634524219847525,-2.70623953715562,16.4943194425785,12.1102925552656,224.184369016025,317.746611475439,0
2016-08-15,0.32301790303874,0.396354339034728,-1.81754932341868,17.0718869589616,11.6592383285751,217.597956406247,326.795752970165,0
2016-08-16,0.42472336618297,0.191494110984559,1.03792297824512,16.6474630855073,12.1499092247328,191.306252868248,346.338118955977,0
2016-08-17,0.841123501246822,-0.0360098629502872,2.33690765684182,16.6857055240154,13.4075551998874,136.661147427519,348.128415235817,1.00148920900929
2016-08-18,0.784274507304026,-0.497940016054503,1.96404826621553,15.4958284991204,12.6278877914145,157.851459633013,332.931240347764,0
2016-08-19,0.634495786865209,1.22215792072595,2.21654224282707,15.2024488189345,11.0780926112528,65.4491331895868,341.976102038583,8.47883496563295
2016-08-20,0.954281395648725,-0.515598114306595,1.79698110723083,13.2880101927283,11.6194389644659,116.035414501453,335.939962081558,3.46992454607959
2016-08-21,0.732019306992303,-1.03566214451534,-2.46470886282391,14.2800949340904,12.009459333178,203.066634111556,316.344650798232,0
2016-08-22,0.207878090473994,0.0549553726265876,-1.81819830856643,16.9212937901447,11.8143800480153,224.514381642719,311.211023732098,0
2016-08-23,0.819237861317995,0.575356656369791,1.37915488825714,17.040729590732,12.1394403967485,139.836623165169,351.932431796811,0
2016-08-24,0.805803337325477,1.87404562375048,1.37472883357557,17.2093476582836,12.0772738124124,171.51939282998,337.594750627512,0
2016-08-25,0.31438408933718,1.39995485817107,3.36197438207413,16.7660017517852,12.969670312058,128.262752390791,340.627733669321,1.00232182614236
2016-08-26,0.722755265721408,1.21464801292272,4.90156613376298,16.6677604151966,13.9612332680401,185.065662977592,311.460507248932,0
2016-08-27,0.145313067135136,2.51544363618122,3.66768618534824,14.3029474073102,8.77930610080505,152.998331467865,297.892417721782,0
2016-08-28,0.790026408339622,1.03883946420374,2.15742076778895,12.8711590250897,8.44448264615854,129.660324338078,318.972734409656,2.45600017713103
2016-08-29,0.96920576796977,0.593108643825916,-0.770246529916105,11.8717911910342,7.48878667531646,153.305524090965,308.471120425374,1.83352665606467
2016-08-30,0.775963037098017,-1.58551683799495,-2.60922403558315,11.3648235680369,6.23769866313631,132.816618740611,308.349508684198,0
2016-08-31,0.872520828293096,-0.35792906846124,-3.27225798393862,11.5883909271817,4.58198654439807,121.712585837386,313.97643867501,1.49454743420906
2017-05-01,0.259969273466021,-0.0646135757272395,0.449737880091443,8.47081613325386,0.96365405583786,280.298501603737,263.735986645547,0
2017-05-02,0.30225866121525,-0.225359263253441,-1.47843122867675,10.7195931078716,1.82493625285701,277.348442843163,261.38710612575,0
2017-05-03,0.274779083305566,-1.81579215137616,-2.40073281107405,9.75320534499017,-0.0769314075580515,263.166477144804,263.509592032835,0
2017-05-04,0.269582900971829,-1.45420488954502,-1.33447412102884,9.23517032859588,0.340461366899136,277.071946219632,273.756035490187,0
2017-05-05,0.117009877309142,0.195931138173749,-1.50084191882045,12.2055190737605,2.16104499298513,281.35057902151,270.164629916537,0
2017-05-06,0.0207356709679991,-0.0731525793061891,0.215758596800254,10.6601495060912,3.05753912405529,215.628496947245,274.985976957879,0
2017-05-07,0.383525321196917,-3.0214385811824,-3.45244756852737,7.16180821934922,-2.28758754221003,291.976797103198,248.177714466335,0
2017-05-08,0.439999789967102,0.511101937511987,0.562664820467069,7.8660700231798,-1.44051920083308,235.099579276816,276.680354422443,0
2017-05-09,0.788378155267817,-2.08633182808845,-2.54299573842456,8.50988744095828,-2.23384710298491,138.5462772833,300.158468131018,4.38481374306751
2017-05-10,0.993462402356171,-3.60231476319434,-0.439485816410883,5.1679520529678,0.0448989896062859,107.256553634235,324.839850023675,8.12073857462543
2017-05-11,0.965768612008902,-3.30627352061494,1.32241979475157,7.7245675442023,4.15582692636781,62.1404527710427,351.080628282259,17.7877153711616
2017-05-12,0.892542291073969,-2.06638680805993,1.22548678587307,9.69560016132314,8.91078898249007,106.375890449138,344.275759727516,6.07792038658452
2017-05-13,0.771102237915951,-0.607030027638805,2.35760966516489,11.3041393186749,9.57292409086487,200.484962990805,295.723231034567,5.06091724097678
2017-05-14,0.431606284432369,1.3205298980005,4.77532402819588,9.54588254070239,5.58201011598273,151.379062850254,286.336337436831,6.95092788618679
2017-05-15,0.671962143142873,1.34860598098451,2.19649398185003,7.89288231181694,3.19410772810431,136.661147427519,310.329876767585,6.81252947736885
2017-05-16,0.9801026188359,0.673262610069075,4.34063739901887,9.38492510744237,6.10461908732155,226.976638588309,311.828783766615,0
2017-05-17,0.506589476772406,1.51932205915591,1.20554127900061,12.587126293755,6.125549412307,263.30870161968,304.168853920466,1.00232182614236
2017-05-18,0.715422306826379,-1.06081312691389,0.348452510820073,12.7760980430162,6.11901482600716,58.6189630243074,355.704637461879,11.5760455938023
2017-05-19,0.984667635092522,-0.995126843683658,0.724015466471729,11.5287308382899,9.94008333851999,193.76595311107,338.816953582373,0
2017-05-20,0.84254371058421,0.607246160830691,1.49219813301171,13.0410959648265,9.1392025683565,266.082901976597,297.3990671527,1.72364355025965
2017-05-21,0.322202843849253,2.22848113458388,2.2258904589029,11.7650887690896,6.44295120008494,275.060087372754,284.902484046909,0
2017-05-22,0.131035478217662,1.29273500656415,-0.40934422856351,13.4570937738982,4.88904458427402,313.201596253283,280.245327777742,0
2017-05-23,0.493498445740985,0.236453125550328,-0.40934422856351,13.1887063678156,5.18290993613787,264.274732993359,304.66509438511,0
2017-05-24,0.630754150575812,-1.43274453941251,1.11984031203492,15.4958284991204,8.4369720051443,238.697819778007,316.608351214054,0
2017-05-25,0.98742176040812,-2.47625363892263,2.33336549126553,14.7386194356929,6.83663475804012,244.428766090541,319.132958698214,1.00148920900929
2017-05-26,0.891848126261221,-2.48682717042908,2.7514543016595,14.7569293765633,8.61284576293098,157.619053894581,351.882990068638,2.30343742460198
2017-05-27,0.839007763345164,-1.43026891354265,0.694476627407244,14.8177382566023,11.2719113198304,162.658506707621,360.589058179806,11.9189436560143
2017-05-28,0.917274383904878,-2.33046593551287,1.5052758800287,16.7331890102657,13.9078912822317,93.8275187025954,372.119520961552,18.2116905044621
2017-05-29,0.996463872629628,-2.34252187810561,2.02018728610879,15.906428461168,14.6436640836571,54.7879388312683,372.89922590367,24.0915753985977
2017-05-30,0.999957180417325,-2.71198906521864,1.89388899097122,14.4392099082629,13.4100696433956,155.652529174567,358.009970437525,5.69572506202785
2017-05-31,0.825367052269737,-1.04786699317528,1.54534479360712,14.1926066801507,10.6246265742496,161.592001290306,350.318144980028,12.5776381725042
2017-06-01,0.760572158109916,-0.75482323581945,2.68133293582114,13.530211423279,12.067936538872,226.690015203853,332.038839585647,2.75828056889455
2017-06-02,0.528861430242277,-0.291321285989995,2.94789762624209,14.9049889480244,11.115464044884,224.470246369149,324.20293871299,0
2017-06-03,0.770151437878792,0.846214513091149,1.88007933503099,13.229932116253,8.87620482408312,210.111212191434,326.479389792179,4.73187455150531
2017-06-04,0.882076879312381,-3.56062760836672,-1.947129454923,13.3426600807864,8.55167348715852,67.2791013689074,366.260181256339,13.7661432477047
2017-06-05,0.972498072456868,-2.81238880458775,-1.83531970395263,13.1300370967525,11.1598240675232,150.480711558689,375.364278862124,9.94977550596315
2017-06-06,0.902270462966635,-1.43026891354265,-0.390654346790073,17.6030488532475,15.1916785108031,65.4512962773002,368.095682564969,30.2059072302497
2017-06-07,0.611926098127001,0.571272239872825,0.330530446946919,16.1692457504484,14.6438367238892,309.53932455965,300.756201214244,0
2017-06-08,0.0143211128980143,0.948456729743882,2.75615175128335,16.8319510141967,11.0481112465017,263.251145922779,322.720565169042,0
2017-06-09,0.727788833696214,1.44964601247979,4.09023874582362,15.3199458758068,10.3906225553686,273.544236922912,304.05682689242,0
2017-06-10,0.223159621369878,0.946723123166203,1.31867878036627,14.3576034347488,6.91834309507161,339.142989002852,279.448052175516,0
2017-06-11,0.515232992292995,0.550855571957987,-0.391538427586198,15.4098536030538,6.16990841563211,302.982135043351,291.72609899016,0
2017-06-12,0.529899200902761,0.159967923704332,2.24224037541961,15.6423956080829,7.59466866697341,243.263507136171,318.48301170292,0
2017-06-13,0.79881698660469,0.189269862207063,1.89075249615415,15.7685304163053,10.3157318352445,306.799447123477,334.535429207392,2.42841764666596
2017-06-14,0.749250069234659,0.0014949505491693,2.38108970395833,17.4214485594438,12.1394403967485,185.168552776556,331.516937644194,2.32465073354187
2017-06-15,0.420743673115535,1.74245616944586,4.45962903947686,13.5086053553512,8.74301173119803,287.92859099843,296.848060872336,0
2017-06-16,0.722442372367121,1.37546811911151,3.56007204107532,13.4298852802734,5.44013764198369,245.651854334176,323.456189585991,0
2017-06-17,0.681672441385529,-1.72640947139747,0.661055764055232,16.2989487253068,8.67697047213194,230.850677110803,353.449283344837,2.52914329352429
2017-06-18,0.88163068907349,-2.67990636341069,0.561424723519566,17.5715182497762,12.0684227831633,122.652312648966,374.488381669887,1.86965061600784
2017-06-19,0.597956837933476,0.164177802618581,1.28111820246649,17.7346921869325,15.2391176794913,326.488002137674,320.669455811386,0
2017-06-20,0.487977422269156,-0.223681591811834,0.257629744804544,20.2035797145772,14.7071710762087,171.768025047449,374.25523662822,14.2721691895414
2017-06-21,0.746444502429087,-2.89738631026231,0.643980156449448,20.3101699358865,16.7321949097536,120.149262556673,359.827316371209,2.12457284207981
2017-06-22,0.669272481532826,0.127952625295189,2.44507023676945,14.6674783257553,11.1447434222727,324.465659759102,336.594096578336,0
2017-06-23,0.535382220706721,-3.32401317785935,-1.38818900456861,21.5033660698288,14.470667431234,276.442381058919,381.965408124292,1.48878830956809
2017-06-24,0.314305723132887,-2.87414764585968,0.357362723937537,24.5486779490846,18.3115728454947,279.499298529086,380.145774670541,0
2017-06-25,0.204193032499465,-1.45689615214664,0.556994203193565,24.7414579611144,18.3115728454947,310.294124888269,357.331365665998,0
2017-06-26,0.0495009744518301,-1.81579215137616,0.589641780256838,24.477207277015,16.4760343517002,325.513195217577,346.379875266784,0
2017-06-27,0.0125004696494715,-0.979255897543021,0.809466970984989,24.3774258930031,16.9880475300382,273.733734451511,360.62641854507,0
2017-06-28,0.256661865631414,-0.0778808332217904,1.27550956159853,24.3955220335022,16.7771456962114,310.695691366309,348.751175293351,0
2017-06-29,0.101095629277983,0.340383990688434,2.99344684210407,22.7964117007767,16.4603672999511,304.120638078168,329.228309647637,0
2017-06-30,0.37295780375179,-0.0300259200640909,1.98760430932998,19.8977408535893,14.3020522954743,327.664918507939,332.610615997707,0
2017-07-01,0.0438459235363744,-0.220580272450816,0.52116803627204,22.9844555675198,15.0274642695796,275.720622829082,356.942446358594,0.918252641799963
2017-07-02,0.383789518312476,0.9548464188264,2.82229303490292,22.2406612009895,16.2276633854275,309.809735990052,342.140111084595,0
2017-07-03,0.176750046071675,0.790538895873638,3.59542063617943,21.6739352312636,14.942298649599,223.535975699665,344.287721463268,0
2017-07-04,0.483426761916225,1.10363322970707,4.09026789691749,19.58553180402,13.6589099533932,215.470480057151,340.211685616005,0
2017-07-05,0.77164885156777,1.39995485817107,3.71168921547474,17.7979301112418,10.9773977540551,275.941012827305,323.24178624471,0
2017-07-06,0.3880702149892,1.75737459721479,4.03138962958328,17.8695090354844,8.74350928441284,82.557887293888,360.547894714823,8.92070760055542
2017-07-07,0.554222223376949,1.87356174188206,4.73069224045798,16.527064191882,13.1618799964602,273.872446982366,312.48468970316,0
2017-07-08,0.271013984821074,1.99978275005716,3.86707678335451,16.4984591783765,9.77072858877218,253.234412478242,308.797675199899,0
2017-07-09,0.359508068418582,1.88414339469358,1.99503369122703,16.1020089787737,9.82669976997657,272.207915434737,321.334634444034,0
2017-07-10,0.936540654002487,0.949891159694626,3.3833922053248,16.5257341435287,9.13933639247176,97.0429149024572,364.587418103322,13.0995092013958
2017-07-11,0.80960729554987,-1.40039792193143,3.10393461346737,16.8869051643766,14.2076533096558,245.157005122258,331.42910406344,1.38505238160556
2017-07-12,0.347789584204953,1.45551899831555,4.02576292297731,15.800143789266,11.4209568871944,245.180687830666,319.521318261636,2.92275840511669
2017-07-13,0.564361261246161,1.21412313318594,3.72919605089474,16.1702795195017,11.6392867760485,189.047449004628,355.348953546611,1.33076583668702
2017-07-14,0.961265969120838,-0.674108713767879,2.33064121236081,17.3994017172021,11.8276717207266,64.7602101435026,384.28175734748,25.9109824523198
2017-07-15,0.895273549033835,-1.56623486093178,3.41234024902262,17.3354223115739,15.8970466736488,219.561448384812,340.47704887354,5.89380822312497
2017-07-16,0.588113860256279,2.14247213949609,5.90415588113101,14.8664256535541,10.9208852600369,238.672300173765,311.643189203843,0
2017-07-17,0.517960199351187,4.44283953234961,4.24327594331101,14.02441923369,5.13158850030437,155.367757342966,335.172114334691,1.00489075835576
2017-07-18,0.734900209288181,1.94520629455475,3.8828777160643,14.5922665776677,9.83473932280686,207.214289800312,329.750971831636,0
2017-07-19,0.506280496448108,1.75737459721479,3.80957318804597,14.3983684792264,8.82553162469342,162.658506707621,329.741728289095,0
2017-07-20,0.371760112273146,1.90484990067945,2.53511261320079,15.2969594296813,9.31110777018383,248.401864771317,320.502483205676,0
2017-07-21,0.477740338993572,0.344817571824619,1.66100013827215,17.4074701132364,11.115464044884,257.071157837252,328.832769657046,0
2017-07-22,0.888090461483285,0.298430927813688,3.76124424176625,16.7292843251401,11.1451786907022,41.7416800888849,384.092065667063,4.65198622963734
2017-07-23,0.977119192603913,-1.04985894249159,4.96415844990264,17.2562555486121,14.2603139711409,155.120545659066,370.875657442487,1.59302702365738
2017-07-24,0.835810270506338,-1.53159098017628,2.16466144849215,20.2327323300013,14.5547953825538,208.376661583298,366.313483857917,9.70183070838018
2017-07-25,0.85801154704855,-2.28036081794705,-1.72518780066377,20.3037941120254,14.9631871569624,114.316696784574,390.179923769275,10.289076195759
2017-07-26,0.930735921394246,-3.40296643343518,-3.05338443507972,20.5176938052772,17.1351239974361,49.4252016049402,376.450371854842,11.7338776132553
2017-07-27,0.973079721343238,-1.49694438199504,1.59897199191852,15.1029001917494,13.1519542135094,53.1552494236733,361.530840444689,6.1601475089016
2017-07-28,0.963923110570942,0.668339338819607,3.09089384719315,13.7794780202112,11.7799054044729,213.162437445845,324.001004944732,1.79659580462677
2017-07-29,0.839821477715762,2.04672890726899,4.54579572172678,13.8547428277149,9.14927855512295,76.5939876079157,359.501956248909,7.7908286515369
2017-07-30,0.820098208710597,1.59214509193525,2.95785400702819,14.6612509095036,12.3631419503674,234.575028367228,327.779011554139,0
2017-07-31,0.505994716086154,0.846214513091149,1.70154457279212,17.3354223115739,11.9299536217162,259.758933535074,319.925903237123,0
2017-08-01,0.546049768738077,1.86265833836605,2.31957200644292,17.7351355498609,11.7944111074381,150.248090447705,329.398280070725,0
2017-08-02,0.761683730004819,1.88448982221059,1.47857117340379,15.1500867061666,8.16867849060075,245.804351803295,307.111239787533,0
2017-08-03,0.328874756291997,0.455242204679201,1.60215959320731,14.8664256535541,8.559020785089,79.3642261764428,352.670796376507,14.2061885546039
2017-08-04,0.991436795450852,-3.11203211536888,-0.575691907990776,13.430655423902,11.3635934712028,65.1265537443411,361.841195473114,11.7338776132553
2017-08-05,0.916667172437321,-1.37892570010474,-1.81763448849893,14.2796759386633,13.0838931324781,191.413834643342,350.191651148899,1.78409850118787
2017-08-06,0.590175683242953,0.211755531540652,-1.61354886321362,16.9544325457309,13.4915043545987,243.779320051682,318.355066619082,0
2017-08-07,0.150428905229737,1.35411534920972,-1.59832203076971,18.2689862343851,11.7593842973723,252.645995511111,309.204697977526,0
2017-08-08,0.195575700186319,1.12043585420859,-1.09329331358096,17.2576036782795,9.92597337623497,226.358554191564,325.912591003949,0
2017-08-09,0.684290090829393,1.00802276369346,-0.00736038129462089,18.4577176107742,12.5586062204989,158.861325016178,362.994936556325,0
2017-08-10,0.893277605849227,0.180378180317597,-1.38818900456861,19.8203485495349,14.5151212893955,169.492674283911,360.556267651679,0
2017-08-11,0.379650431352125,-0.683773324317108,-1.30206992147876,19.5459312403463,14.2127189289077,234.033562989904,326.827167882064,0
2017-08-12,0.434427326542948,0.25154846249892,0.449887342533742,18.8496694557865,12.9665700362699,189.2711838377,347.101290857396,0
2017-08-13,0.568984773374242,0.147252272083116,2.6070930109327,19.0624911013004,13.7902817038165,200.089043073662,330.858341588092,0
2017-08-14,0.46387619034862,-0.661159769082946,3.32420664858805,18.7171855868032,12.9566261551726,72.5998840883025,375.105128401491,20.444944961607
2017-08-15,0.955131091566106,-0.753761788847424,4.9507015919669,17.6619111963092,15.3584879440289,165.005250220895,353.267384440399,0
2017-08-16,0.465567434945924,2.35323142340448,3.85567571282389,17.0849696267324,12.5115208447392,172.105322391505,334.781037822142,1.00148920900929
2017-08-17,0.34602980434495,2.89061905704634,3.23901280471443,17.1849426255084,11.8065109510803,159.372657290562,331.758905573724,15.031595841287
2017-08-18,0.858223114854654,0.734084463291532,0.986264079637148,14.0718523382742,10.2845996703367,142.033460565454,330.72796443613,4.82231380839658
2017-08-19,0.439618693119945,0.904968024993609,-2.32229602053983,13.6847256335118,9.24169651491334,241.390884918816,285.247864564803,0
2017-08-20,0.128204108560914,0.708420056154875,1.47501985335728,14.3960312525234,8.6741054505759,158.465335442078,325.818700243611,0
2017-08-21,0.813801619084721,0.291354275323891,1.09790873765713,15.448637974206,11.4570368394391,200.899466456762,316.544171243649,0
2017-08-22,0.367016231024533,-1.00177517135107,0.504308012106283,16.1826280640111,11.7791230339432,85.6235975945279,349.772550173882,0
2017-08-23,0.818660922608294,-0.0233584866365959,2.27756897384535,15.2641643264958,12.5405843580302,128.930898570209,353.531003996294,2.02019672586182
2017-08-24,0.758401657228811,-0.733500619951905,1.73168618557109,16.5118531248613,14.4324765059227,91.1293134352355,357.056928440597,2.46574110040535
2017-08-25,0.862173243190308,0.195931138173749,0.624198164995233,15.9825973008677,14.3527228909522,177.522214678208,341.960396644716,0
2017-08-26,0.335343954958012,-1.69037853448503,-1.52899421001981,17.7406369092864,14.0539596749257,193.924149776488,348.350909399372,0
2017-08-27,0.291161012777238,-0.497940016054503,0.23414032639376,20.8100300019264,16.4630143365145,190.545097761116,358.994424827616,0
2017-08-28,0.326561457379957,-0.120741391659182,0.701459821083362,21.1810165663162,16.8076777368943,187.681908868016,357.185467603276,0
2017-08-29,0.404534621072104,0.113254411035708,0.434182463904483,20.8403592787385,16.4950882961829,138.771543529601,349.524400713414,0
2017-08-30,0.716792458501917,-1.50790858681776,-1.12484513763479,17.4299500277912,12.3946983248383,199.247154620737,292.902445794439,0
2017-08-31,0.26345056241388,-1.46108595315768,0.251658153907586,14.3976090266633,7.65281233030627,199.31749235508,297.969445434632,0
2018-05-01,0.994812785724157,-1.72906920408452,-1.92234622959294,4.4738389947709,3.4775746403428,165.027546161356,304.66509438511,1.02566613761511
2018-05-02,0.651013218104488,0.0924062245754687,3.81128266634646,8.09403664909896,3.83736048319177,142.258982902362,289.771537852066,4.6855755345073
2018-05-03,0.331441613046277,1.02297960264502,2.98249211002754,6.93756416173899,2.22330954319087,204.959884853918,282.842879421794,0
2018-05-04,0.425565909557863,1.98522715738899,2.79449290942386,9.34349378917063,3.96260171753867,272.641004003471,287.134651480934,0
2018-05-05,0.102727846059015,0.267652514944939,1.31796570231382,11.9279865449061,7.33905347393764,256.993685914738,306.23876557832,0
2018-05-06,0.442114970063525,0.563333667874828,2.73418109668584,11.5211003819709,8.52535261583767,254.379023670282,319.547375559556,0
2018-05-07,0.461568015960526,-1.42053181109016,-1.57676102795849,13.7618693352479,6.88158639131612,211.388568828542,310.598185558545,0
2018-05-08,0.274923758647751,-0.0992645288636748,1.54799514290596,13.0843452358884,6.8391609293208,285.505883542505,282.684885020208,0
2018-05-09,0.055133430396549,0.479180453822101,2.84149915663489,12.4829708839759,6.67340630561089,236.746811232566,296.856010413453,0
2018-05-10,0.388143662703605,-1.02256262062097,-2.39037171523748,11.81083872661,2.75945879576293,305.641668878929,252.773372484083,0
2018-05-11,0.000249521882053531,-0.875523828611561,-2.42363886175297,9.34329831368978,-0.839199631479507,300.952664455836,266.715918477641,0
2018-05-12,0.0894924914467473,-1.36990906542709,-0.798058462648268,12.039181837859,2.77304165961809,295.79457806748,277.334029771591,0
2018-05-13,0.466286042262933,-1.03727672059718,0.32791518944976,13.0584992972659,3.50013046983929,284.69228783316,294.815922604036,0
2018-05-14,0.712691961388269,1.00344694378435,1.39678913509376,14.4008369532694,5.30851202079464,294.735173216095,294.640616330428,0
2018-05-15,0.46001071635166,0.390868868411054,0.55876184497497,15.1627884344698,8.33876985650121,298.616230059284,294.089391430399,0
2018-05-16,0.806039804064947,0.0923897852949346,0.845178153580968,15.5431414379546,7.08202042920517,254.281385479905,298.155577316379,1.60552884764376
2018-05-17,0.630426371644092,-1.58614967833821,-2.40790568249203,11.2617828898807,0.85453500459976,292.108488790228,261.594677118305,0
2018-05-18,0.468297412061252,-1.03566214451534,-4.53352322302718,8.69979351515639,-3.34301239123977,210.031908697212,279.913228695993,0
2018-05-19,0.734900209288181,-1.3099011777649,-3.68858136646396,7.36688291140608,-2.50039809828542,251.793343315092,270.167414153766,0
2018-05-20,0.428714332270555,-0.0992645288636748,-2.24442285252793,9.48000937572134,-0.962252285422626,285.224503923613,272.609282574268,0
2018-05-21,0.193255736479455,0.148132903088288,0.765776455469366,10.9306230664269,0.0420576053299195,312.926673784591,265.567711370689,0
2018-05-22,0.109105807150018,-0.995126843683658,-0.438486904449676,12.3802743383878,-0.131290251030105,275.354457547829,276.662349586479,0
2018-05-23,0.662063609916982,0.0926029166797052,2.83796507816244,11.0912929602078,1.49195101536063,210.727874380005,300.669028684226,0
2018-05-24,0.941821301706473,-0.24921571006763,0.789629456580908,10.574382464868,3.96260171753867,194.420898197763,326.030728995759,5.12543951684181
2018-05-25,0.83137815347314,-1.6683443727922,-0.142578969775308,12.8156121046843,8.50130188715049,227.882696374139,317.881833649168,0
2018-05-26,0.979757719628658,-1.0175658106483,-1.10263226132994,14.1173614166204,6.29464921615618,286.970669711491,298.708253702625,0
2018-05-27,0.434864031925471,0.736049510460771,3.64233822339578,13.8768300766382,5.82549321630571,202.328546716722,318.880605646332,4.48657068605558
2018-05-28,0.533310596065921,0.719968006429386,4.03376851124143,11.1905592442695,6.86556516364725,179.439603089238,323.801775072601,2.04694695755486
2018-05-29,0.891118119925832,-0.348316637266194,3.56007204107532,11.8947610752924,6.52026589997702,130.965759768011,336.964183101286,12.3817028874735
2018-05-30,0.937492606564379,-1.12821805565666,2.01155706454315,11.3041393186749,9.85690806244294,157.792596950866,318.743688170879,7.83567495703933
2018-05-31,0.458066425676562,0.713575562366024,2.01272309125367,10.6601495060912,8.23135487734794,316.129480928988,273.756035490187,0
2018-06-01,0.140177838379426,0.645018842277741,2.83949264927085,12.0487782025428,5.88285107611642,253.234412478242,297.408289738552,1.83817677668501
2018-06-02,0.669009600477056,0.238385983202344,2.6790077956637,11.9516282625785,7.1273422171059,148.9476546298,326.657609527008,0
2018-06-03,0.604109636329499,0.387807033257341,2.81495289502469,10.7290111188314,6.42016359014211,185.957669626819,318.564970214702,6.06866452890797
2018-06-04,0.715466198937616,0.955874655668989,1.58721179258208,11.7199892374934,8.26256691072449,255.5569204204,340.47704887354,1.3011435498677
2018-06-05,0.7368125997389,-1.97284997578715,-3.87241039964934,17.4074701132364,8.7433976096521,183.694753646593,361.945748495993,0
2018-06-06,0.606565697126031,-1.30262027386606,-1.8198415344007,18.5863915105702,12.2780816999113,246.158140919659,347.28472509152,0
2018-06-07,0.412259936512284,-1.29381861070382,-1.51121603111067,20.3260627175001,12.1953051763803,222.216889850766,348.542724102206,0
2018-06-08,0.631967444166448,-0.603471350085509,-2.23798629692358,21.0156373965519,10.8949030214816,279.428449998355,339.228925574443,0
2018-06-09,0.294442186635645,-0.760811438226868,-2.51888051311568,20.9578311675524,9.1225846536908,327.735391522381,286.731029577762,1.00148920900929
2018-06-10,0.0495009744518301,-1.37042557818799,-3.17803094551432,14.4758761994064,1.82358565536994,317.8187775891,288.32899969431,0
2018-06-11,0.272126588201728,0.925777541235903,2.76013666200322,15.8746435090482,5.66483728746005,335.087478210548,287.884120503922,0
2018-06-12,0.187312934884996,0.63730920635192,3.34241623451326,15.6146317543333,7.64298128411598,220.711613661028,346.515675173623,2.06750144032758
2018-06-13,0.997667640156826,-0.512573938484641,1.42384055695643,15.7332399552545,10.3817485464542,290.809763678122,324.002677139163,0
2018-06-14,0.564695539452191,0.923372632289245,3.41234024902262,17.2087023695062,9.72996151320382,171.737979738043,342.043678804427,5.02514526405038
2018-06-15,0.997644194967426,-1.00177517135107,0.508388045366906,15.089309743754,10.6499169643892,36.3939486112966,361.330381134027,26.5983983372427
2018-06-16,0.927028316517756,2.42348070557083,-2.25751746884044,12.4288648950985,9.42262194074253,293.968853377249,297.016545866097,0
2018-06-17,0.527326885304384,0.961526966810494,1.23692570443243,12.4277619946692,2.45149180914896,128.202062971124,333.727948156348,5.55905036398818
2018-06-18,0.967565957256049,-2.62998456896026,-0.754223788072398,12.2296573431363,9.07689279039741,104.372275923824,354.842107715626,17.4758740563429
2018-06-19,0.986199452602804,-3.30156391783929,-2.9071268466327,12.582652303389,10.9813298312681,87.1303298829866,353.355449834186,6.49369453013957
2018-06-20,0.984308845907678,-1.8629638064202,-3.96292055617104,11.9290623516712,9.9294647195254,231.230867231653,322.707723942192,0
2018-06-21,0.448171641693703,-1.04544728494875,-2.19414420863218,14.7657559986747,7.78536845960044,265.537198492632,312.993567327753,2.1610112745922
2018-06-22,0.888607376852374,0.382504899693317,0.388199027043481,15.5423839341752,10.4638004866013,252.826028689411,332.038839585647,1.00148920900929
2018-06-23,0.764583395568679,0.229500216393682,2.14373661413798,14.7390567128398,11.17111219837,180.666899069675,319.894573659168,0
2018-06-24,0.536004115003073,-1.61143243796547,-2.85652689025832,12.7890682013122,3.66610648106772,220.059558805482,299.258223077072,0
2018-06-25,0.324508737922378,-0.0263375984768911,-0.460032793432773,12.8806169379448,3.91937557068893,335.144381151022,293.223745635335,0
2018-06-26,0.299421629009086,0.793719437722927,3.3682046365593,15.8159498945666,9.21630554164399,288.273417728372,316.56257640696,0
2018-06-27,0.742770009534469,0.0267909836426562,1.91563917078354,17.4525062689919,11.1753817420788,327.954542817661,311.847442365835,0
2018-06-28,0.0892624181264945,-0.894525965728295,1.11028720601713,19.7080938585193,10.9293534332629,313.76230715436,321.484759642769,0
2018-06-29,0.20796301619605,-1.02256262062097,0.36200316574059,20.5637332956689,11.7382491761693,323.894840405199,324.901262717813,0
2018-06-30,0.251998758073692,0.256111519903475,2.95259057212319,20.3157800358036,12.5811491728748,142.033460565454,347.358123642547,5.02037248296099
2018-07-01,0.534714566718021,0.661935980076035,3.98797735617593,15.5475205929724,12.1151063563583,279.50775280338,305.287943820204,0
2018-07-02,0.273524564945327,0.201135388542405,3.31189093425913,14.9540335137163,9.44672413619658,204.325144284299,335.261538480962,7.00059617189677
2018-07-03,0.693339923231026,-1.75637608271917,-0.23508866678864,16.9880737612327,12.0189346079394,148.204562820277,356.004074741256,11.3954094183679
2018-07-04,0.794745853987464,-1.84437648768682,-1.4036916425757,16.5367766301198,14.2386952356169,214.546050252787,347.911844310212,1.4757954154103
2018-07-05,0.672149257219294,-1.60694650567279,-1.63964867570276,18.3056320334171,12.5074269836065,256.315449578536,331.916014364995,0
2018-07-06,0.560766275353804,-0.160179177496715,-0.331668171302826,19.4349383827756,12.8015610030301,252.173163744685,337.491118958895,2.39241587195341
2018-07-07,0.555326431425218,-0.0659673024894609,0.987436211364058,19.4244834688066,13.7583715884224,241.939835334087,346.645612730825,2.67132438513674
2018-07-08,0.633824075145283,-1.50446382173535,-0.158235353965631,18.6181459094771,14.2710862035765,260.57001286988,332.578683833379,0
2018-07-09,0.253885880579289,-2.34256142371002,-1.07024761993357,18.3866511479579,10.695469778233,234.033562989904,332.008682160873,5.70891514039769
2018-07-10,0.450979303313321,0.223729859997759,-0.0289915584210572,17.7876504781425,13.4273399696896,284.718991359222,336.423806174233,4.89597730164374
2018-07-11,0.52632407986253,-0.164558166590323,0.271170243369666,17.6079105560108,12.1116337388577,132.227260016714,346.382685791019,8.43123839782787
2018-07-12,0.841123501246822,-0.465776172719756,-2.069034792929,12.6776113436434,8.44924923625904,141.209128781402,354.289911146343,3.23549594356029
2018-07-13,0.908898534092138,0.836396093094063,2.35041255846794,14.6077437297998,11.1422245293694,230.125593482632,339.55265785689,1.39189104283293
2018-07-14,0.727584468966001,1.36686800572444,2.72390491152691,16.2629085937012,11.7076757399939,85.5316485224375,347.147915318187,23.8643674559359
2018-07-15,0.952218067827864,-0.254683202393937,-1.92079831984942,13.5894367274841,11.2284456935954,223.30650450765,339.678168873789,2.00846665557795
2018-07-16,0.598788622934358,-0.0987451586688311,-0.856473665042574,16.3271318743114,12.7331158201094,249.504117234781,342.046837282422,0
2018-07-17,0.807678272717811,1.2443551437916,4.00694779825173,16.8477108409899,12.7974421656786,162.189300076465,364.828886675197,7.31361945189947
2018-07-18,0.943495734360204,-0.108262391436345,3.94646702391705,16.5303958092695,13.5313128730613,104.16871389887,356.828599519151,25.3527939689467
2018-07-19,0.58955192469432,-0.17876833438592,4.4597009074703,14.6082831919827,12.3534515563311,218.520974878974,325.264865787625,1.92995490895332
2018-07-20,0.343218806239381,0.750221345171131,1.39219867135319,15.2418249948615,10.522008522834,279.869372045685,318.070725220172,0
2018-07-21,0.695053479266995,0.197207252146232,1.48139363821429,17.4799596114319,12.7978023554372,155.823938005273,358.255306206719,13.5110095436546
2018-07-22,0.995145923595128,-3.71569812655514,-1.90589692414957,16.1621684630367,11.8074738353277,49.4271555005629,357.850332058379,9.46147547978159
2018-07-23,0.861330200185701,-2.37771710077166,-2.88297569947585,11.3146776516557,8.90848438253884,71.1816233473651,344.290492730893,5.70891514039769
2018-07-24,0.905204243912884,-1.19546386067178,-0.106061987929813,11.728577719226,9.96360295357784,239.621963728687,312.016683675096,0
2018-07-25,0.488289284557726,0.0203630115128585,-1.94721654560357,13.0192036262718,6.41833476085906,220.782753984678,316.980961398238,0
2018-07-26,0.736680089344959,0.441765696982029,0.0394247671994459,14.4208863266686,8.38874509485347,213.862593195696,329.527644725326,0
2018-07-27,0.526526403084167,0.530897700070731,-0.212589444946519,15.9731958655015,10.3623095297296,253.418367847682,316.0279957084,0
2018-07-28,0.365724931540799,0.446109443983713,2.52398187020153,15.8088185924793,11.3257314664937,188.946582506735,336.04761443688,0
2018-07-29,0.445914345943505,0.468083881463917,2.75133057304659,15.100685458674,10.9063359563963,229.454580987157,338.675358759667,0
2018-07-30,0.873438630946941,0.60920652050506,3.75063499263531,16.1756739545766,12.0654745899489,68.6632751433703,372.89922590367,4.84287130419537
2018-07-31,0.94493345410309,-0.203853359970666,0.925508959402421,15.5940546818076,13.1882736616629,95.2527811196745,359.777462907119,10.289076195759
2018-08-01,0.806439522290398,0.0599703892979718,-2.06172633698034,14.3052136459605,12.6293821624889,249.547080950809,315.519594011928,0
2018-08-02,0.429777774923976,0.320043235385836,-0.0167197208432994,16.1458159747987,11.5456546833686,282.364885277609,296.849685373943,0
2018-08-03,0.149688608900142,-0.663808992166362,-1.63490990251027,15.747882534722,9.13688942430964,164.198298203594,335.985825123985,0
2018-08-04,0.750088041908943,-1.36783950241108,-0.969982827643779,15.1801587113866,9.54801939045694,232.230986210149,347.58094386184,0
2018-08-05,0.897233886402765,0.334857062004964,2.21854625212835,18.1520664739417,13.4071124352885,263.956826562858,342.426702871153,0
2018-08-06,0.376374541819414,0.947421527714409,4.17190009051666,19.6973879688333,14.9796741604691,259.429076273279,337.615677234464,0
2018-08-07,0.172015503346938,0.706495582613605,3.09838506991287,18.7440150634784,13.9028295761396,91.5403585939852,352.588463375323,2.80288641666832
2018-08-08,0.82831946666292,-0.899116562875612,-2.90872977516086,14.3576034347488,11.2038657081052,212.170616815164,309.451578205186,0
2018-08-09,0.373607741305219,-0.752898407615913,-3.35097917226071,14.7390567128398,5.15902470247061,270.602144968905,289.371660617346,0
2018-08-10,0.176750046071675,-0.0439738727467587,-0.348394136805263,15.2698695919973,8.51346660078896,225.878747527611,324.934742908292,0
2018-08-11,0.721492701639593,-0.252805511224808,0.194229802170833,17.8002243947689,11.9148238655799,187.287877608025,338.904190291487,0
2018-08-12,0.535641554558054,-0.593969725192483,0.0264104025282988,17.040729590732,11.0541119626227,116.104960027286,350.676225160697,5.26538927567489
2018-08-13,0.923985640413038,-1.04397814504007,0.61100634948727,16.025716478442,12.6680861876282,143.292722411662,348.153033756924,1.3323641307031
2018-08-14,0.746440421645287,-2.46888957254834,-0.698045981817692,15.5116424055755,11.5566238901574,163.832845674837,338.074186961216,0
2018-08-15,0.441226239992878,0.309353487133435,1.37569441343253,15.5254982364807,10.361973090252,169.977803985819,341.085939284833,0
2018-08-16,0.819684268979249,0.138869890628876,1.36700154034727,16.1422290034856,10.4808867769285,135.356450518602,338.353462579023,0
2018-08-17,0.992329810436846,-1.5647078451822,1.06974457802456,16.0257282420835,10.175411833353,141.955089743462,334.793450277369,2.91366597834514
2018-08-18,0.585242071437535,-1.83517780406518,0.953485977889528,14.7657559986747,10.1384502651723,140.689940964097,342.447578418408,3.75054620976946
2018-08-19,0.977323477381314,0.906558832750844,4.29734958488962,15.800143789266,11.8790750214652,45.7499223877868,390.603350339607,4.48411979682607
2018-08-20,0.997134234754904,1.70435391456961,4.43284103753372,17.808481617415,15.9537705899774,220.755654799444,312.249170079786,2.20818798605521
2018-08-21,0.200238074478581,2.39103248572754,0.268878674645533,16.1375148821311,7.60056798920467,190.844028893164,298.669204275906,0
2018-08-22,0.685990342358491,1.88241469052381,-0.134076684206846,15.13896692281,6.85218149218947,229.677258711264,298.882438516312,0
2018-08-23,0.403911958321788,0.986832114866956,2.31511609037356,15.7407307093842,10.1399055071557,161.07009754521,337.73099030255,0
2018-08-24,0.607267566956015,2.08145315898592,2.45000640306661,16.996893078691,11.7475266067372,218.893383311408,287.333741906867,0
2018-08-25,0.214662764562589,2.83233117382249,-1.58589888541976,14.8157586060694,3.92975916738794,151.379062850254,309.451578205186,0
2018-08-26,0.75509653274332,1.67004573672626,1.65321613192585,13.9685439729995,6.77657416038224,159.155655209687,307.320029515925,0
2018-08-27,0.538552471554535,2.61756297265744,-0.0257804997012214,15.1441219697035,6.24677491730918,203.066634111556,288.271874790799,0
2018-08-28,0.465567434945924,0.684348964281384,1.72005560781591,14.4241847730625,8.03751336159785,29.5045682796403,346.379875266784,15.031595841287
2018-08-29,0.662903838698167,0.424652147994266,3.88300349082922,13.3632621777062,12.0654745899489,159.460087197922,304.936971324053,0
2018-08-30,0.47005924032131,3.24129595293347,2.44623398880698,14.1173614166204,7.66837238314302,201.215077382349,296.155259914018,0
2018-08-31,0.151128317228969,0.929681720187512,-1.26840186854338,14.1811701479255,7.90852236364672,107.665333790159,313.930362765286,0
2019-05-01,0.603422697612908,0.554718423796369,-1.77634791332504,12.9457772072252,5.26732169696324,211.451951197153,265.028614380844,2.01536818766372
2019-05-02,0.426975006520181,0.803897151692831,-3.23118830376338,5.48220754544113,-5.14197033758173,268.4277937771,241.45375099385,0
2019-05-03,0.487148828072023,0.625177065225578,-1.7413226705092,4.04504595718498,-6.87920420741591,240.215222126631,250.062993334679,0
2019-05-04,0.601749787050113,0.304988845378383,-3.09668011530858,3.87232943239825,-4.1137842916392,248.580631229128,255.225353960848,0
2019-05-05,0.510489800824399,1.90635718368687,-0.0559923315474224,6.59173362096699,-3.65110909344232,225.936829319423,260.525835932647,0
2019-05-06,0.6057990354196,0.923372632289245,-4.81018227524518,4.80507384205238,-7.23095074398189,289.736886350283,239.799963359391,0
2019-05-07,0.180394189792642,0.530897700070731,-1.64154263941948,4.4738389947709,-6.31429038234424,197.660086302883,284.51198280352,7.41195591074207
2019-05-08,0.877649612542813,-3.02427223886169,0.496991546076934,6.50095181897345,-1.23062125141114,31.8970976471805,340.528398883331,15.5616117033632
2019-05-09,0.845879184687483,-0.362736704664979,-2.32203497677801,5.68067202729578,4.49249038585227,200.191804321597,284.28884390025,0
2019-05-10,0.785744404049105,0.294513648669053,-0.970488645161113,8.29944826705816,0.671616888275732,56.387587902458,323.870180244363,14.608898312104
2019-05-11,0.942449065361384,-2.16864007526775,2.98580455268791,8.54693052416764,5.75029718431098,110.657361995122,341.653946627847,2.20205559433595
2019-05-12,0.691118273987454,1.04688305384166,0.853297172761157,11.2312917756129,7.66034178987368,212.170616815164,297.578284305615,0
2019-05-13,0.620342480361692,-0.0136381472979452,-1.57717461877294,11.3648235680369,4.63066937594484,207.813587391867,307.758425647443,0
2019-05-14,0.783851440070138,1.11224657182579,3.18286796209253,11.782182123428,6.77494436658717,282.311561083143,289.089870709738,0
2019-05-15,0.581193989525356,0.753876888181401,0.0264104025282988,13.3506550259068,5.1452432658105,278.819540125998,287.004330119052,0
2019-05-16,0.86923617806764,-0.940832643152793,-2.10237295870487,12.460270027435,2.27004224713223,275.941012827305,307.193865796789,0
2019-05-17,0.469646663354534,-1.55146335067314,-0.937894448828659,13.8865390704394,3.9832798678853,299.765822601062,280.287859680086,0
2019-05-18,0.0440075729039251,-2.35016266952835,-1.51050841340133,13.3426600807864,1.76094394209068,73.1111850957305,319.310442955451,5.26538927567489
2019-05-19,0.991436795450852,-1.27797702099195,-2.47353451470249,7.5657357633373,3.11896857012934,147.064464960439,317.913928196255,1.52601936315842
2019-05-20,0.721172617790822,0.510055895043598,2.75133057304659,9.39836291626893,4.6066343305047,147.025688150774,331.508260091325,5.82536410753461
2019-05-21,0.957738426240013,-1.55146335067314,-0.244970966544375,12.7877769801198,8.55516464457435,180.666899069675,351.868066899125,2.53896035733088
2019-05-22,0.813801619084721,-1.86033772862952,-0.504870483492407,15.3968364181278,10.1760574428897,218.547953452365,352.139422586399,0
2019-05-23,0.813383070395812,-2.89727678712819,-0.543744881462153,17.3845669749667,8.84639507668615,92.3818499257555,350.660194291586,17.0966719983559
2019-05-24,0.872255097456169,-3.39474205149384,-1.7158119559797,13.7585009347555,10.4773182541629,179.749664619832,340.307058471826,3.81068944016295
2019-05-25,0.853480548797773,-0.194489028286943,1.14417907289752,13.1548159360164,10.7102093571412,205.530384842646,319.132958698214,1.76403395384731
2019-05-26,0.567733164241821,0.107658351768852,0.152525094176206,13.1476546815748,8.79159776953516,183.201301365778,330.035305934167,3.90593561664257
2019-05-27,0.944285904674303,-2.31696172145393,-2.07339279061808,13.505701284601,7.52129336451244,181.875164044507,323.433919236325,0
2019-05-28,0.470950518417281,-2.04036207444307,-0.115023847377715,13.0924735846451,4.89689400705356,331.470706674318,279.392809043467,0
2019-05-29,2.64179203737836e-05,0.163051056906827,0.576075132479139,15.5051964530922,6.09715318763125,307.898490098491,301.296924334972,0
2019-05-30,0.278001794544643,0.417542020974669,-0.428264682014281,17.9032012838533,9.26946987208472,324.985125963643,300.964631981059,0
2019-05-31,0.152930093413109,-0.120741391659182,-0.106299170698498,18.8697894400274,9.03369515313325,212.75781843414,340.173549587423,1.98530952221057
2019-06-01,0.724311624332973,-2.71688679528289,1.36700154034727,15.9654124963027,9.72047388256122,129.660324338078,343.892004128465,0
2019-06-02,0.983276448529899,-2.01150539190352,-1.29748512322119,12.2298612939568,6.84310375155933,210.184340156945,324.279996169746,0
2019-06-03,0.922758981678474,-0.237283269580967,-0.270934926094479,14.3698648683239,8.02989350293269,247.654837549723,321.940248539473,1.59214734800072
2019-06-04,0.931358117495045,0.49039780765935,3.88359683743567,14.9057479531329,9.99174641138179,33.3769119979354,367.036073069779,10.4234875036214
2019-06-05,0.94493345410309,0.191547775078173,1.73877295077443,13.229932116253,11.8922196710938,304.050711048719,308.146893881751,0
2019-06-06,0.184489827490304,0.932257417243769,-0.983820410487636,15.9870868694605,7.09953106693612,234.345307576263,315.3958666959,0
2019-06-07,0.666667641531757,-0.116467083782397,-0.683228171865838,15.5423839341752,7.33913920150687,282.364885277609,309.451578205186,0
2019-06-08,0.225597193090058,-0.103267758135058,-0.456800560825018,16.3548457086153,8.10430275333278,283.402322246828,315.459619367037,0
2019-06-09,0.473488368815885,0.472197754802654,1.95907570366153,16.7197127218315,10.3546267657218,248.184921783062,335.261538480962,0
2019-06-10,0.844487049354501,-1.70172982519715,0.288670838018027,16.8751354238881,10.54775845876,177.160258823269,348.669070754047,2.36504439396828
2019-06-11,0.807380370227184,1.11721160765203,4.53100745767678,15.5791308612393,12.0052919816861,248.767115324465,321.238614046773,1.52612489114068
2019-06-12,0.72100556003763,2.62050518800217,4.51959659205328,14.6940307458876,10.1095350883721,199.001912820619,333.405659647077,3.43567650742361
2019-06-13,0.814533890872085,1.61564913689108,3.71860832910643,14.472519506286,10.8774404242867,157.162321661111,335.92737950151,5.94987233241699
2019-06-14,0.594966315376029,0.706495582613605,1.46741044167305,14.0761994584269,10.7539616378392,281.322131317517,309.33482770079,2.49448480568768
2019-06-15,0.327444663961849,1.59214509193525,-1.90304609620394,16.6661776632712,8.58115463218908,337.888902183507,281.426761269188,0
2019-06-16,0.229636524693749,1.03564455915334,0.299396847087218,15.4044824040249,4.77637923953314,243.199426152137,317.789227163135,0
2019-06-17,0.602453842306139,0.0057548045655087,1.01120510039162,15.3216661243153,8.4488978352375,269.289441407839,326.834557418729,1.33890515658646
2019-06-18,0.719315673581929,1.10533533221427,3.71455950862389,16.523684885564,11.0737733359208,325.513195217577,296.966076007839,0
2019-06-19,0.352556730115645,1.896121396369,1.17552502856244,16.4908290943417,6.64785312538234,75.5121096800822,353.832299283508,15.4200529613118
2019-06-20,0.972849585825184,-1.72906920408452,2.64268975529117,13.51312097056,10.7240645309938,256.395419920748,317.291537752923,1.2114702983712
2019-06-21,0.254141551852735,0.235689476838255,1.20595161316987,14.3400174809934,8.74350928441284,164.414574128882,331.504641131714,2.92826789211174
2019-06-22,0.993318709836695,-0.213672905702517,0.757624557616991,15.0871622719983,11.1667017152649,317.537422385563,308.349508684198,0
2019-06-23,0.358209103833882,0.195931138173749,3.83662514505971,16.2782831078891,10.6852497535542,156.715269242226,337.807864549205,1.85603439037218
2019-06-24,0.550930858507517,0.655440748640578,0.561424723519566,15.4796289489709,10.6400352814754,259.098605566348,311.918349611044,0
2019-06-25,0.891823206913915,0.773911103126825,0.841399148228316,15.5677680506345,8.19620708186851,217.789030361626,336.777716683834,1.26203852489245
2019-06-26,0.673625862971198,0.990617228168997,2.90771736796229,15.3699757315003,10.4902076448547,308.279526002224,307.293451459139,0
2019-06-27,0.196206133642893,2.80679650205754,0.942975789327902,16.8213393743928,7.35856028453613,303.820456762388,300.016321814047,0
2019-06-28,0.365679341052342,3.45152424138328,0.876068360179812,16.5671699540019,5.41015034197472,312.767019240458,301.524280067307,0
2019-06-29,0.232477749587876,1.76872764887005,-1.35169423790925,17.3389542215367,5.50520253315907,306.889567795577,305.331969069149,0
2019-06-30,0.210050840196359,0.385175767588793,-1.55677105130642,18.2989283395759,7.42293224276942,325.069126987871,317.005169836595,0
2019-07-01,0.489025127022492,-0.0537524855538468,0.412593941833072,20.3876552362747,10.6433364720114,218.517378318618,358.762001525965,0
2019-07-02,0.928223565339294,-1.05755179754693,0.220374180435047,21.8535332614614,12.5262836243502,195.98866443865,358.80382117943,0
2019-07-03,0.706319342067357,-2.06638680805993,-1.18359556701204,20.03267962905,11.5168290706541,187.41414659516,358.087217212925,7.57443495667043
2019-07-04,0.808813478151244,-2.84940910341527,-1.7158119559797,18.8919677903489,13.5909525482477,200.374282093263,354.782242757991,4.53661016156791
2019-07-05,0.807678272717811,-1.30397854874231,-2.09648451847406,18.9306383341148,13.6783626670195,228.602838858198,352.67704323542,2.14359519704285
2019-07-06,0.980806142341095,0.210314702608679,-2.33958896998644,20.2248123817141,14.5945322412665,278.485553109605,351.841614471784,1.13666391202626
2019-07-07,0.410349786580064,-0.0992645288636748,-0.848370084609185,21.2240212366795,14.6658705730812,177.274174075392,360.355581516185,1.24438294640857
2019-07-08,0.638950887357855,-0.186878038889242,-0.23250444408033,19.2909425070371,13.7128545098755,183.323009220744,364.072628175819,4.24146115597879
2019-07-09,0.912215180250027,0.254325432526011,3.70284413802984,16.7597618745727,12.9194087863771,220.907922881394,335.644761713273,2.89154205950194
2019-07-10,0.732036230845853,0.641748937432098,2.25548427788393,15.50566925721,11.2905616548396,214.678704923917,332.610615997707,2.70969480680754
2019-07-11,0.585945026788351,0.56638363414636,-1.86873443336286,16.6899426431124,11.3762744745078,245.768290910491,334.56975789481,0
2019-07-12,0.760572158109916,1.10682405428848,1.34785167047418,18.7274151166787,10.4570590735718,207.123725128444,332.491013328442,0
2019-07-13,0.452757019940413,2.01662978572178,-2.18153191025146,17.1688843113911,7.2905003104189,258.226618550484,310.503681309024,0
2019-07-14,0.304627337866677,2.01296112987251,-2.25344137652413,17.7487145675299,4.77637923953314,275.944254183608,317.03312787764,0
2019-07-15,0.660265344091329,0.29742522645623,-0.983820410487636,19.0225175382137,8.83901215744939,312.777143179808,324.715623186803,0
2019-07-16,0.144796806277924,0.00970250455560119,0.328144254216977,20.8791145297967,12.1763755844164,301.894308068256,340.523817297795,0
2019-07-17,0.255317937851779,-0.84754725811267,0.142250468587671,22.9844555675198,13.7097088815767,257.933108006588,352.169580209512,0
2019-07-18,0.97450302059797,-3.16844813380888,1.8155734728661,21.950932963515,11.6194389644659,153.581259331956,364.21448670162,13.5513619992679
2019-07-19,0.917414626510922,-4.07196785270511,1.05271383513097,17.9094901186359,10.3787702354013,117.794095574066,359.90308975458,5.40919717370512
2019-07-20,0.82788362177207,0.906558832750844,3.6133268091907,15.3757573666348,12.8800967514428,279.734284374986,319.136310027625,0
2019-07-21,0.454724883359287,1.22215792072595,1.33725166060081,17.3114725987051,11.0548647173719,180.523058906571,343.949833112654,2.59446179303318
2019-07-22,0.857378081570869,-0.637584683661664,-1.45031666600607,17.0523272208828,11.980744336572,206.344764236776,331.246320948649,0
2019-07-23,0.486230822462744,0.203282992390736,-0.0145634073178499,17.1081716790582,11.5173982667816,212.893353275167,341.720603182041,0
2019-07-24,0.633854264312872,-0.515730902161395,1.37261023165854,17.4026350390626,12.8408162887225,134.964377701296,355.124791980199,5.37283863451419
2019-07-25,0.970876665953721,-1.48491937867436,-0.361175990875162,16.8424503089715,13.4553154189993,224.303588631474,348.434136848559,2.05132103982614
2019-07-26,0.534714566718021,0.507858190474597,-0.160779839093282,19.1583494693838,14.3698288852872,258.226618550484,322.981008973926,0
2019-07-27,0.20796301619605,-0.43263154332292,-2.54008622193176,19.3919145381401,10.9862750317525,268.161204341565,323.870180244363,0
2019-07-28,0.219113694715376,-0.0945670081337983,0.0264104025282988,19.8514774921461,11.7944111074381,234.566712999299,339.439039005783,0
2019-07-29,0.591062812758868,-0.00226345545421586,1.44695929644256,20.3808400533577,13.3558244795425,153.656631303699,363.551846884651,0
2019-07-30,0.999957180417325,-1.1273362596098,-0.14435596193573,21.1971009547877,14.1295056789602,234.148410360844,353.505150383691,0
2019-07-31,0.609805881937073,-0.982269724429845,0.149573953271035,21.9568091997171,14.6449088961455,240.728174637773,355.265288848505,0
2019-08-01,0.318886734315388,-0.0179667154596286,0.420809354210574,22.9304592170497,15.6237685566988,188.759537806191,365.896743227312,0
2019-08-02,0.367195686242922,-0.47060885577702,2.05191341369714,21.8999419092,15.2667575173677,205.283234134713,358.018677777595,0
2019-08-03,0.834844981588306,-1.07269080956976,1.81497364472434,21.8314617288705,14.2508097458836,111.617115317593,360.463364869304,17.6237514025231
2019-08-04,0.769331333685754,-1.98578873146673,4.9760493311027,17.0271648157166,13.2963782281836,119.044676809803,362.965473939774,9.88645162668551
2019-08-05,0.878279931336821,1.31123135893639,4.71304019590365,15.1668242270779,12.3310928641952,199.39670035087,348.420271467449,0
2019-08-06,0.380523313148384,1.26508954733495,2.02891816351546,18.0261115810811,13.6958973815191,209.505771891453,338.683728237408,1.04267071739241
2019-08-07,0.451165675581015,0.27682319761803,0.48387588409468,18.8918239212048,13.749175236629,214.489356734062,343.122494696223,0
2019-08-08,0.446137698876569,-1.75454244370091,-0.813584941929185,20.4030368064989,14.2386952356169,187.996296569019,358.532933243123,5.66103624590096
2019-08-09,0.981963383249525,-3.9929354800317,-1.81909639393404,20.047151635039,13.2782226266253,67.2791013689074,375.745072030609,21.9870329840768
2019-08-10,0.96739857349101,-3.56062760836672,-0.525257570865952,16.7161371415382,15.2981040574353,117.930189060898,368.828475520627,10.5378923389419
2019-08-11,0.876759300751739,-1.28000162044626,2.4781719938538,16.1444421511281,13.9903512127574,81.6509349364124,360.556267651679,12.3722329272935
2019-08-12,0.977328604309347,-1.64807374892639,1.72158554562984,15.5116424055755,14.0930631532721,125.661266146499,359.575680153873,1.93803580247548
2019-08-13,0.902787464330545,0.70340876184161,0.408445832381138,16.5609429795443,13.9028295761396,190.982433206689,345.318909717507,1.18340926281704
2019-08-14,0.953155027030486,1.14104010334633,-0.193049724722679,19.1318590273957,14.3694990210732,194.367270935366,328.409276920624,0
2019-08-15,0.503679323173322,1.72690480238028,-0.754223788072398,17.7877701201946,11.0683649793776,233.35084842391,303.592012331909,0
2019-08-16,0.66230818704526,1.70187049549639,0.621793035027747,16.7367174597364,8.98818023115971,204.651328295802,326.118434284746,0
2019-08-17,0.913716423494414,0.0259282063132163,0.343740477803216,17.4074701132364,11.5173982667816,183.887034184746,345.210367670672,0
2019-08-18,0.883492250379011,-2.97242431495116,-0.47168305696924,19.3676258655996,12.5402171238051,224.303588631474,328.980980700097,0
2019-08-19,0.417266350510382,-3.6165549497086,-1.86873443336286,18.9306383341148,11.0683649793776,210.712405915834,331.153815130512,0
2019-08-20,0.276097889679745,-1.35588547950214,-0.602352156358475,18.8402129978044,12.4093953282595,218.535120637017,332.634059525308,0
2019-08-21,0.329909159375435,0.359917762435858,0.262608668959834,19.8776905488582,13.6779680877316,56.387587902458,359.751583600442,0
2019-08-22,0.829571196371655,-1.50342856920249,-1.70722722934388,15.3483071910255,9.82307067487364,100.951366184661,336.687730762746,2.15738807921297
2019-08-23,0.775355094859525,-0.440964984798666,-0.0319093522614278,13.6568062566122,9.01450009229417,160.775237119608,323.801775072601,0
2019-08-24,0.804225534725268,0.213248037459029,-2.47104490783871,15.0704274952574,5.88796750276431,204.403273348554,289.808026789617,0
2019-08-25,0.51717245868406,0.891411573981078,-1.6674006292436,12.6444766316146,1.24969458036897,167.691718548266,287.744621468181,0
2019-08-26,0.418612775668237,0.616709183079671,-2.09989940110931,12.6444766316146,2.61614953407327,187.029655688629,293.227566117819,0
2019-08-27,0.602691216444807,-0.0463351757687663,-2.0238008702855,13.1650955241367,3.17869835396106,190.987667814065,290.601878805882,0
2019-08-28,0.346016621288336,0.0733678720679645,-0.525190656626661,12.769703369074,3.72701597323947,191.807347217311,295.280472955303,0
2019-08-29,0.218298476418581,0.616018304871911,2.84148069017363,14.3400307186885,7.03974071494112,120.149262556673,329.989397755495,0
2019-08-30,0.800499093275872,0.539800114463387,2.8761596158531,14.836475351413,10.0892161890877,81.3435459514509,348.062189525934,4.11010338723359
2019-08-31,0.976114092897804,-1.07946103910373,-1.65177687469044,13.1087816320275,9.52302871448921,163.833799678458,299.466784994863,0
